# English 4-grams, log10 probability. Source: NLTK Gutenberg selection (public domain), 8926132 letters. Built by scripts/data/build_english_ngrams.py.
# floor	-8.9507
THER	-2.4567
THAT	-2.4819
DTHE	-2.5113
NTHE	-2.5527
OFTH	-2.5580
FTHE	-2.5839
ANDT	-2.6141
OTHE	-2.6277
WITH	-2.6406
THES	-2.6448
ETHE	-2.6563
NDTH	-2.6604
THEM	-2.6667
HERE	-2.6888
TTHE	-2.7034
SAND	-2.7203
EAND	-2.7663
INTH	-2.7841
THEL	-2.7930
TOTH	-2.8060
THEY	-2.8099
SHAL	-2.8177
STHE	-2.8271
THOU	-2.8304
HALL	-2.8434
THIN	-2.8696
RTHE	-2.8773
ANDS	-2.8777
IGHT	-2.8785
DAND	-2.8806
TION	-2.9028
THIS	-2.9076
THEC	-2.9097
OULD	-2.9148
EVER	-2.9313
HAVE	-2.9356
TAND	-2.9430
EFOR	-2.9438
THEI	-2.9446
HTHE	-2.9471
INGT	-2.9583
THEP	-2.9606
THEW	-2.9633
THEE	-2.9634
SAID	-2.9736
UNTO	-2.9799
FROM	-2.9909
OUGH	-2.9939
ORTH	-3.0013
ANDH	-3.0025
LORD	-3.0036
HICH	-3.0064
WHIC	-3.0069
THEN	-3.0098
EDTH	-3.0126
HING	-3.0126
ANDA	-3.0149
ATHE	-3.0160
LLTH	-3.0171
FORT	-3.0200
HAND	-3.0243
HELO	-3.0324
INGS	-3.0362
ATTH	-3.0414
NAND	-3.0435
ONTH	-3.0446
HEIR	-3.0470
WILL	-3.0493
ANDI	-3.0500
WERE	-3.0534
ERTH	-3.0578
THEH	-3.0583
ALLT	-3.0588
NGTH	-3.0596
VERY	-3.0602
KING	-3.0772
THTH	-3.0819
LTHE	-3.0876
ELOR	-3.0906
UGHT	-3.0919
RETH	-3.0924
THEF	-3.0930
FORE	-3.0935
RAND	-3.0954
NTOT	-3.0976
ANDW	-3.1004
ETHA	-3.1041
INGA	-3.1085
THAN	-3.1130
HATH	-3.1212
ENTH	-3.1219
THET	-3.1226
LAND	-3.1226
WHEN	-3.1301
YTHE	-3.1428
HOUS	-3.1436
THEB	-3.1456
WHAT	-3.1468
HEAR	-3.1524
YOUR	-3.1565
MAND	-3.1591
ATIO	-3.1600
RING	-3.1683
EWAS	-3.1735
MENT	-3.1787
EOFT	-3.1861
HEHA	-3.1896
HESE	-3.1897
THED	-3.1900
MTHE	-3.1912
HERS	-3.1918
HATT	-3.1982
YAND	-3.1994
ITHT	-3.2139
HATI	-3.2206
HEWA	-3.2226
NDHE	-3.2324
OUND	-3.2324
NESS	-3.2355
GTHE	-3.2365
REAT	-3.2384
HEMA	-3.2391
ERAN	-3.2410
OVER	-3.2417
THEG	-3.2427
SOFT	-3.2442
EDTO	-3.2448
THEA	-3.2457
EDAN	-3.2469
STAN	-3.2485
EART	-3.2493
COME	-3.2506
DNOT	-3.2514
KNOW	-3.2517
ETHI	-3.2532
INTO	-3.2558
INGO	-3.2559
NING	-3.2560
ESAN	-3.2565
SOME	-3.2580
SELF	-3.2591
GAIN	-3.2721
ASTH	-3.2764
TING	-3.2770
HESA	-3.2777
ERED	-3.2788
UPON	-3.2791
OUSE	-3.2805
HECO	-3.2840
AGAI	-3.2958
ANDO	-3.2974
TWAS	-3.2979
ESHA	-3.3026
EVEN	-3.3052
ANDM	-3.3078
ERIN	-3.3083
MORE	-3.3090
DWIT	-3.3100
ANDB	-3.3104
UTTH	-3.3140
LIKE	-3.3141
TOFT	-3.3168
EYOU	-3.3177
ENCE	-3.3243
INGI	-3.3279
OMTH	-3.3297
DING	-3.3305
WOUL	-3.3316
TOBE	-3.3333
TTLE	-3.3342
NDER	-3.3354
STHA	-3.3363
LLBE	-3.3383
NOTH	-3.3459
EMAN	-3.3464
ANCE	-3.3493
EHAD	-3.3523
DTHA	-3.3554
DFOR	-3.3618
ITHA	-3.3631
METH	-3.3642
BEFO	-3.3654
NGTO	-3.3658
TOHI	-3.3700
ABLE	-3.3713
HERA	-3.3715
ONOF	-3.3721
SHOU	-3.3725
INST	-3.3725
NDIN	-3.3729
ANDF	-3.3731
HEWO	-3.3732
CAME	-3.3747
IONS	-3.3750
HATS	-3.3763
TIME	-3.3766
HOUG	-3.3784
ROMT	-3.3816
HATW	-3.3822
COUL	-3.3826
EDIN	-3.3830
STTH	-3.3833
MEAN	-3.3839
ALLB	-3.3842
ARTH	-3.3854
LING	-3.3855
EINT	-3.3856
EWIT	-3.3880
THEO	-3.3890
AINS	-3.3893
TTER	-3.3906
HETH	-3.3964
HESO	-3.3971
ESTH	-3.3987
BEEN	-3.4040
GREA	-3.4042
INGH	-3.4082
WELL	-3.4105
TAIN	-3.4115
HISS	-3.4140
TURN	-3.4142
WHER	-3.4145
OFHI	-3.4149
SETH	-3.4152
ANDE	-3.4155
ERES	-3.4174
HELA	-3.4189
ROUG	-3.4191
ESOF	-3.4233
RTHA	-3.4264
OMET	-3.4265
YING	-3.4273
DHIS	-3.4281
OUTO	-3.4289
ESTO	-3.4290
ITHE	-3.4290
HEMO	-3.4294
NDOF	-3.4302
EARE	-3.4351
LESS	-3.4373
OUTH	-3.4380
EREA	-3.4412
HEPR	-3.4425
ANDC	-3.4439
FTER	-3.4446
HECH	-3.4448
NHIS	-3.4462
AFTE	-3.4469
ORET	-3.4470
CHIL	-3.4474
LITT	-3.4476
SIDE	-3.4491
GOOD	-3.4492
NGAN	-3.4513
TFOR	-3.4513
NDWH	-3.4532
GIVE	-3.4543
LOOK	-3.4546
WORD	-3.4554
SNOT	-3.4587
HERI	-3.4596
FATH	-3.4601
ITTL	-3.4607
DINT	-3.4607
VETH	-3.4618
OURS	-3.4620
HIMA	-3.4623
WARD	-3.4627
WENT	-3.4634
ISTH	-3.4649
DOWN	-3.4662
LONG	-3.4664
UTOF	-3.4671
SWER	-3.4675
TAKE	-3.4704
HOUL	-3.4705
HENT	-3.4707
BYTH	-3.4712
ANDL	-3.4718
ESAI	-3.4757
HEHO	-3.4764
HESH	-3.4769
BUTT	-3.4770
NTHA	-3.4773
SFOR	-3.4775
EWOR	-3.4778
NEVE	-3.4785
UNDE	-3.4795
OPLE	-3.4804
EREI	-3.4805
SHEW	-3.4832
ABOU	-3.4850
ELAN	-3.4860
GAND	-3.4869
THEK	-3.4871
EDHI	-3.4872
ENAN	-3.4881
ITWA	-3.4886
HEST	-3.4887
ONAN	-3.4895
ENOT	-3.4898
ALLY	-3.4910
WASA	-3.4911
AVEN	-3.4911
PART	-3.4916
HILD	-3.4920
FHIS	-3.4922
STER	-3.4957
EATH	-3.4960
ANDD	-3.4963
SERV	-3.4970
EKIN	-3.4975
NDSA	-3.4983
HOSE	-3.4992
OTHI	-3.4998
HERT	-3.5003
PEOP	-3.5012
EOPL	-3.5012
HEEA	-3.5016
MADE	-3.5027
AUSE	-3.5030
TYOU	-3.5043
RENO	-3.5051
ESON	-3.5051
ITIS	-3.5054
METO	-3.5061
DUNT	-3.5065
WAST	-3.5068
TTHO	-3.5077
ENTI	-3.5079
ISRA	-3.5099
PASS	-3.5101
OUNT	-3.5101
REST	-3.5104
ANGE	-3.5109
ERET	-3.5113
READ	-3.5126
ANDP	-3.5128
NTER	-3.5128
NGIN	-3.5128
TTHA	-3.5142
NDAN	-3.5143
HISH	-3.5151
HERO	-3.5151
NGOF	-3.5164
SURE	-3.5171
TERS	-3.5175
MAKE	-3.5182
EREF	-3.5185
ISHE	-3.5203
THRO	-3.5203
HOUT	-3.5207
EHEA	-3.5207
LEAN	-3.5212
HECA	-3.5219
REFO	-3.5219
ENTO	-3.5233
FFER	-3.5238
NOTT	-3.5256
ECON	-3.5266
EAVE	-3.5269
GHTE	-3.5279
INGW	-3.5281
BOUT	-3.5282
RAEL	-3.5304
SRAE	-3.5305
ALLE	-3.5324
DHER	-3.5335
HEMI	-3.5344
SENT	-3.5344
RIGH	-3.5344
ERSA	-3.5352
INTE	-3.5352
MSEL	-3.5354
CAUS	-3.5359
FORM	-3.5365
VERT	-3.5372
EBUT	-3.5377
DALL	-3.5389
MIGH	-3.5392
TILL	-3.5394
MOST	-3.5412
SINT	-3.5414
ITHH	-3.5414
DOFT	-3.5414
ONLY	-3.5423
SUCH	-3.5423
KETH	-3.5431
HEKI	-3.5433
CEOF	-3.5434
THRE	-3.5438
HIMS	-3.5438
SING	-3.5448
IWIL	-3.5448
HOLD	-3.5457
NDTO	-3.5467
HEAD	-3.5477
ATIS	-3.5481
GHTH	-3.5481
LETH	-3.5491
DHIM	-3.5493
ECOM	-3.5498
EMEN	-3.5500
EAST	-3.5534
ESSE	-3.5536
ERSO	-3.5539
EDWI	-3.5553
TINT	-3.5559
HEWI	-3.5567
ORDS	-3.5567
LDRE	-3.5569
NDSH	-3.5574
TERT	-3.5583
VING	-3.5588
ENOF	-3.5590
LEAS	-3.5599
AYIN	-3.5608
IOUS	-3.5610
HEFI	-3.5615
PRES	-3.5629
EROF	-3.5633
ERST	-3.5638
ULDN	-3.5654
BECA	-3.5658
FORA	-3.5661
OYOU	-3.5667
COMP	-3.5668
NTOH	-3.5697
IONA	-3.5699
HEYS	-3.5701
MUCH	-3.5706
AIDT	-3.5715
YOUA	-3.5719
ATHA	-3.5723
IRST	-3.5724
ESTR	-3.5728
MUST	-3.5728
PLEA	-3.5730
OWTH	-3.5748
COMM	-3.5752
EREW	-3.5755
ITHO	-3.5757
ETHO	-3.5759
ENTS	-3.5763
ESSA	-3.5770
TWIT	-3.5770
IHAV	-3.5770
ALSO	-3.5778
HIMT	-3.5785
HISF	-3.5792
PONT	-3.5792
SION	-3.5798
IDTH	-3.5803
OMAN	-3.5814
ESTA	-3.5816
RIED	-3.5822
LACE	-3.5827
CALL	-3.5831
DWHE	-3.5844
DREN	-3.5846
STIN	-3.5859
FORH	-3.5861
LLED	-3.5865
ECOU	-3.5876
DYOU	-3.5887
RDTH	-3.5899
BUTI	-3.5904
ESSI	-3.5914
ILDR	-3.5925
REOF	-3.5927
ESTI	-3.5929
ESHE	-3.5941
EALL	-3.5943
ECHI	-3.5946
NDHI	-3.5960
VENT	-3.5973
EHOL	-3.5973
OHIM	-3.5975
SEOF	-3.5987
NIGH	-3.5989
IONO	-3.5998
INHI	-3.5998
ISHA	-3.6002
STRE	-3.6022
LDNO	-3.6031
LOVE	-3.6047
TALL	-3.6069
LIGH	-3.6071
AINT	-3.6084
ENIN	-3.6090
ENTA	-3.6090
PLAC	-3.6092
HINK	-3.6092
ROWN	-3.6100
NDAL	-3.6106
AUGH	-3.6120
ECAU	-3.6126
LIVE	-3.6130
BEIN	-3.6130
EING	-3.6138
FALL	-3.6142
HEDA	-3.6146
NGER	-3.6150
ANNE	-3.6164
HIST	-3.6164
THEV	-3.6176
TURE	-3.6178
RESS	-3.6184
AYTH	-3.6186
DSHE	-3.6202
ROUN	-3.6221
HAST	-3.6227
ATTE	-3.6229
AWAY	-3.6233
LLIN	-3.6233
ORDI	-3.6233
HATA	-3.6241
CONS	-3.6243
HEMT	-3.6245
FIRS	-3.6247
THHI	-3.6247
ANTH	-3.6249
ERSE	-3.6251
CEAN	-3.6258
ASTO	-3.6262
YOUT	-3.6264
IMAN	-3.6295
LLOW	-3.6305
ATER	-3.6305
EARS	-3.6309
RNIN	-3.6311
DONE	-3.6313
USAN	-3.6326
WTHE	-3.6345
EWHI	-3.6353
HISP	-3.6357
HISW	-3.6362
HEYW	-3.6362
EHOU	-3.6364
RIES	-3.6364
SAYI	-3.6366
EHIM	-3.6395
SWIT	-3.6400
DSAI	-3.6400
HEPE	-3.6402
RDAN	-3.6415
NHER	-3.6427
INGF	-3.6434
OFFE	-3.6438
EETH	-3.6440
HISM	-3.6442
TSHE	-3.6447
SHED	-3.6449
NFOR	-3.6449
NAME	-3.6449
ORDA	-3.6460
NTIN	-3.6464
ASHE	-3.6475
NDRE	-3.6479
YTHI	-3.6488
IEST	-3.6488
REAS	-3.6490
TNOT	-3.6494
STRA	-3.6499
NTHI	-3.6499
NDIT	-3.6499
HELI	-3.6509
TTHI	-3.6514
ERTO	-3.6516
YEAR	-3.6518
ENHE	-3.6518
SEVE	-3.6527
VERS	-3.6529
SEEM	-3.6531
AITH	-3.6531
TOME	-3.6536
ALLS	-3.6542
SONO	-3.6551
ITAN	-3.6555
HEGR	-3.6569
EHER	-3.6573
INGB	-3.6577
RSEL	-3.6586
REDT	-3.6591
ANDG	-3.6602
CHAN	-3.6606
GHTT	-3.6609
NDSO	-3.6611
SWHI	-3.6613
EWIL	-3.6624
HEHE	-3.6629
NDBE	-3.6631
ENTE	-3.6642
EARD	-3.6642
UCHA	-3.6647
ONES	-3.6647
HEAV	-3.6647
OUSA	-3.6662
EWHO	-3.6665
HISC	-3.6669
EDHE	-3.6674
HEWH	-3.6676
GETH	-3.6683
CHAR	-3.6685
SHES	-3.6685
ARRI	-3.6694
REVE	-3.6694
RESE	-3.6699
EUNT	-3.6699
CHTH	-3.6703
NTOF	-3.6708
EPAR	-3.6712
OFHE	-3.6733
REAL	-3.6737
NOTB	-3.6737
ALLI	-3.6737
INES	-3.6742
ISTE	-3.6751
INAN	-3.6751
LLNO	-3.6754
EACH	-3.6758
OUTT	-3.6758
HENA	-3.6760
YTHA	-3.6767
DELI	-3.6767
HEDI	-3.6770
TOHE	-3.6774
EREN	-3.6774
REIN	-3.6779
REAN	-3.6788
ERHA	-3.6793
EPRO	-3.6793
ONCE	-3.6798
HEBE	-3.6805
ISNO	-3.6809
WHAL	-3.6812
ARET	-3.6814
URSE	-3.6816
OUSH	-3.6821
COUN	-3.6826
OWER	-3.6833
EWHE	-3.6833
HROU	-3.6837
ANDN	-3.6840
CTIO	-3.6844
EDON	-3.6847
TERA	-3.6854
ESSO	-3.6856
SBUT	-3.6856
TSHA	-3.6861
ASTE	-3.6863
DERS	-3.6866
ANDR	-3.6870
NDED	-3.6870
OFIS	-3.6875
WASS	-3.6884
NOTA	-3.6887
RSAN	-3.6892
SSED	-3.6894
NDWI	-3.6894
TONE	-3.6894
STRO	-3.6894
TEDT	-3.6896
TENT	-3.6896
SHEA	-3.6901
ERSH	-3.6908
BREA	-3.6911
OICE	-3.6911
HISB	-3.6913
IMSE	-3.6918
ALLH	-3.6920
EITH	-3.6920
LAST	-3.6932
SONS	-3.6935
URNE	-3.6939
ENTT	-3.6949
HERW	-3.6966
INGL	-3.6966
TSAN	-3.6971
NTED	-3.6973
NOWT	-3.6983
OTHA	-3.6985
NTAN	-3.6990
ASNO	-3.6990
SHEH	-3.6993
JUST	-3.6995
CONT	-3.6995
DFRO	-3.7000
ETTH	-3.7000
NYOU	-3.7007
ITHI	-3.7007
OTTH	-3.7010
AMON	-3.7012
THIM	-3.7012
HENH	-3.7015
FYOU	-3.7020
HALE	-3.7020
NETH	-3.7024
ESEN	-3.7034
SPEA	-3.7044
AVES	-3.7044
STHI	-3.7047
INGE	-3.7047
MANY	-3.7052
LTHA	-3.7056
OMEN	-3.7056
HENI	-3.7064
DTHO	-3.7071
EYES	-3.7071
TSOF	-3.7079
NSOF	-3.7081
HALT	-3.7089
USHA	-3.7091
ANAN	-3.7094
ULDB	-3.7101
WASN	-3.7101
ATED	-3.7101
YOUW	-3.7111
AMET	-3.7116
LDBE	-3.7129
HEFA	-3.7134
ENTL	-3.7136
ELIN	-3.7144
EGRE	-3.7164
AIDU	-3.7164
FOUN	-3.7167
STIL	-3.7174
AMAN	-3.7177
STOF	-3.7179
IDUN	-3.7179
FISR	-3.7179
HERH	-3.7182
EMOR	-3.7184
LNOT	-3.7200
ANTO	-3.7205
ONEO	-3.7207
NSWE	-3.7210
OINT	-3.7217
STOO	-3.7217
NINT	-3.7217
EDBY	-3.7225
THOS	-3.7225
HEME	-3.7235
MTHA	-3.7235
EREO	-3.7235
YOUN	-3.7241
STON	-3.7241
MBER	-3.7246
INDE	-3.7248
NOFT	-3.7248
INCE	-3.7259
RDIN	-3.7261
EMTH	-3.7272
HEDE	-3.7277
INED	-3.7282
ASON	-3.7285
ISCO	-3.7290
EWHA	-3.7290
UTHE	-3.7306
IVER	-3.7308
INGM	-3.7311
EASE	-3.7313
WORK	-3.7313
HADB	-3.7321
NALL	-3.7324
THUS	-3.7324
FACE	-3.7329
ONSO	-3.7334
REWA	-3.7340
EEAR	-3.7345
SHIP	-3.7348
ANTS	-3.7358
BEHO	-3.7358
RYOU	-3.7361
ETUR	-3.7361
PERS	-3.7361
NGHI	-3.7363
NWIT	-3.7363
RNED	-3.7366
SEAN	-3.7369
ASSE	-3.7369
IMTH	-3.7369
CETH	-3.7371
ARDS	-3.7374
SIST	-3.7377
FORI	-3.7385
DBUT	-3.7393
ILLI	-3.7393
EFRO	-3.7403
LDTH	-3.7406
QUIT	-3.7409
ESIN	-3.7411
ALLA	-3.7422
REDA	-3.7425
TRAN	-3.7425
NEOF	-3.7438
ATHI	-3.7449
GHTA	-3.7449
OUHA	-3.7452
ERHE	-3.7455
OFGO	-3.7457
ALLO	-3.7457
HIGH	-3.7457
ETHR	-3.7457
INHE	-3.7468
RIEN	-3.7474
APPE	-3.7484
DTHI	-3.7487
DAYS	-3.7487
NTOM	-3.7490
VERA	-3.7493
ESEA	-3.7493
TERI	-3.7504
IONT	-3.7504
PEAK	-3.7504
EFIR	-3.7504
BETH	-3.7517
EPRI	-3.7517
FULL	-3.7520
GHTO	-3.7523
EDIT	-3.7526
WAYS	-3.7526
DONT	-3.7526
OHIS	-3.7528
ACCO	-3.7528
TERE	-3.7531
NOTS	-3.7531
DEST	-3.7531
ANSW	-3.7542
DSHA	-3.7545
NSAN	-3.7548
AKET	-3.7548
EATE	-3.7550
WHOM	-3.7553
ESHO	-3.7561
LYTH	-3.7567
AVET	-3.7567
USEO	-3.7573
ETTE	-3.7578
NDHA	-3.7595
TELL	-3.7603
MINE	-3.7603
NCEA	-3.7615
ETOT	-3.7615
YOFT	-3.7617
NTTH	-3.7620
OUTA	-3.7626
ERVA	-3.7631
EHIS	-3.7631
ENDE	-3.7634
SWOR	-3.7637
NGSO	-3.7643
NDFO	-3.7643
SSTH	-3.7646
ELLI	-3.7648
SYOU	-3.7654
MONG	-3.7657
HETR	-3.7657
ADBE	-3.7660
MISS	-3.7660
EENT	-3.7660
ERAL	-3.7674
RFOR	-3.7674
TABL	-3.7680
OTBE	-3.7682
DTOT	-3.7691
REIS	-3.7691
WHOS	-3.7691
TOYO	-3.7700
NATI	-3.7700
IEND	-3.7703
HESI	-3.7705
WING	-3.7708
YOUS	-3.7711
DHES	-3.7711
ANDY	-3.7717
MOTH	-3.7725
ELVE	-3.7734
DHAV	-3.7743
RECO	-3.7752
EDFO	-3.7754
HEIS	-3.7763
ICHI	-3.7772
HERF	-3.7775
SHER	-3.7781
EDAY	-3.7781
NCES	-3.7781
ISHO	-3.7784
HISI	-3.7784
OMEA	-3.7786
LIFE	-3.7789
ERSI	-3.7792
HISD	-3.7798
YSHA	-3.7807
ESST	-3.7813
ERTA	-3.7819
HELE	-3.7819
EPEO	-3.7831
ARED	-3.7833
ATUR	-3.7836
TBUT	-3.7842
HAPP	-3.7845
HERB	-3.7845
EHAV	-3.7845
VANT	-3.7851
NCEO	-3.7854
FRIE	-3.7866
HHIS	-3.7866
TETH	-3.7866
THAV	-3.7872
ECTI	-3.7875
HEBO	-3.7875
NDST	-3.7878
RSOF	-3.7884
ONGT	-3.7884
REHE	-3.7887
ISIN	-3.7887
HEIN	-3.7893
HEPA	-3.7893
ORDT	-3.7893
HEYH	-3.7896
SSHE	-3.7899
SHAN	-3.7899
WHIL	-3.7920
EEME	-3.7923
ENED	-3.7932
EYWE	-3.7932
BLES	-3.7941
EOTH	-3.7941
KAND	-3.7947
HEFO	-3.7947
ATSH	-3.7956
HEWE	-3.7965
ROFT	-3.7965
MING	-3.7972
YFOR	-3.7975
SSAN	-3.7996
HEBR	-3.8008
HISO	-3.8008
AKIN	-3.8014
NDAS	-3.8021
TTEN	-3.8021
ONET	-3.8024
SPIR	-3.8033
ARTI	-3.8036
EOFA	-3.8039
NDNO	-3.8039
HENE	-3.8039
NONE	-3.8039
ILLS	-3.8042
INGD	-3.8048
SARE	-3.8055
ONHI	-3.8055
MFOR	-3.8058
TANC	-3.8058
ALIT	-3.8061
ATIN	-3.8064
HENS	-3.8064
KTHE	-3.8064
REME	-3.8067
VERE	-3.8070
DETH	-3.8070
ASIN	-3.8076
HESP	-3.8076
HTHA	-3.8080
OFAL	-3.8080
ITES	-3.8086
RATI	-3.8086
USET	-3.8086
ILLA	-3.8089
VOIC	-3.8089
ESEE	-3.8092
ERAT	-3.8092
ANDJ	-3.8092
DBEE	-3.8098
ANIN	-3.8108
ETIM	-3.8111
NDLE	-3.8111
OWNT	-3.8117
HINE	-3.8117
WATE	-3.8120
NGSA	-3.8124
HERM	-3.8130
TOGE	-3.8130
DEVE	-3.8130
VENO	-3.8133
ERIT	-3.8136
BACK	-3.8136
PROP	-3.8136
OFIT	-3.8146
TREE	-3.8146
EVIL	-3.8149
ITTH	-3.8149
HEDO	-3.8152
ANOT	-3.8152
TEST	-3.8152
ONEA	-3.8155
RESH	-3.8158
BODY	-3.8162
EREM	-3.8165
ASSI	-3.8168
AVEB	-3.8168
LETO	-3.8174
LEOF	-3.8174
OGET	-3.8178
RRIE	-3.8178
SAME	-3.8178
SOTH	-3.8178
EMED	-3.8181
HISA	-3.8181
GHTS	-3.8181
ONSA	-3.8181
WORL	-3.8184
ERVE	-3.8184
ODAN	-3.8187
NDON	-3.8190
SSHA	-3.8203
CAPT	-3.8203
OFAN	-3.8207
NEDT	-3.8207
NEAR	-3.8213
NCET	-3.8213
ORLD	-3.8216
ORAN	-3.8226
ELIE	-3.8226
HREE	-3.8229
TOWA	-3.8236
OREA	-3.8239
ERYO	-3.8242
TWHI	-3.8242
NDMA	-3.8245
IBLE	-3.8249
INGU	-3.8255
HILE	-3.8258
EYHA	-3.8271
HATM	-3.8271
NEIT	-3.8271
ATIT	-3.8298
HEMS	-3.8298
HANT	-3.8298
ASSO	-3.8301
ALON	-3.8304
ALLN	-3.8304
DEAT	-3.8307
THYS	-3.8307
ORHE	-3.8311
ISFA	-3.8311
RSTA	-3.8311
TOOK	-3.8311
SSIN	-3.8314
ERWH	-3.8314
HEPO	-3.8317
RTHI	-3.8317
YWER	-3.8317
ARDT	-3.8317
EHAN	-3.8321
OHER	-3.8321
OSES	-3.8324
PTHE	-3.8327
SSAI	-3.8331
MANS	-3.8331
RTOF	-3.8337
FERI	-3.8337
RALL	-3.8341
RVAN	-3.8341
AGRE	-3.8344
RTAI	-3.8344
GHTI	-3.8344
FOUR	-3.8347
LLAN	-3.8347
HATD	-3.8351
OUNG	-3.8357
ROTH	-3.8357
IEVE	-3.8361
TIES	-3.8361
CHIN	-3.8364
ATAN	-3.8364
OOKE	-3.8364
CEIV	-3.8367
ATES	-3.8367
HEYA	-3.8371
SEDT	-3.8374
EMIN	-3.8374
ITHM	-3.8374
SCOM	-3.8377
ESAM	-3.8381
FECT	-3.8384
UNDA	-3.8387
ULDH	-3.8391
FHER	-3.8394
SSOF	-3.8394
TWHE	-3.8397
RETO	-3.8397
ERWA	-3.8401
ORES	-3.8401
OURT	-3.8404
NEAN	-3.8404
STAR	-3.8404
DWAS	-3.8407
NGST	-3.8407
HATY	-3.8411
MANA	-3.8418
OMPA	-3.8418
SWHE	-3.8421
EYSH	-3.8421
LEST	-3.8424
NWHI	-3.8428
DWHI	-3.8428
BUTH	-3.8438
SAIT	-3.8438
LETT	-3.8445
TYAN	-3.8445
MALL	-3.8448
TEVE	-3.8455
RSTH	-3.8458
OUAR	-3.8458
HEGO	-3.8458
EOFH	-3.8465
EWOU	-3.8469
HESU	-3.8469
ISTI	-3.8479
NGHE	-3.8479
EREC	-3.8479
OMMA	-3.8479
TSTH	-3.8489
LVES	-3.8493
ESTS	-3.8496
ESTT	-3.8503
ESPE	-3.8510
TORE	-3.8513
OMIN	-3.8520
BLET	-3.8520
RHIS	-3.8524
MMAN	-3.8524
BROU	-3.8527
MEIN	-3.8527
ICHT	-3.8531
IVET	-3.8534
MEOF	-3.8538
RTHO	-3.8538
BRIN	-3.8538
FTHI	-3.8541
PECT	-3.8544
PRIE	-3.8544
IRIT	-3.8548
WALK	-3.8548
EEVE	-3.8551
POSE	-3.8555
ATCH	-3.8555
CONC	-3.8558
RANG	-3.8558
ECHA	-3.8565
NDSE	-3.8569
SPEC	-3.8576
BELI	-3.8579
LYAN	-3.8579
NTTO	-3.8583
SPER	-3.8583
NDCO	-3.8586
INAL	-3.8590
RINT	-3.8590
TOSE	-3.8590
ATWE	-3.8597
RATH	-3.8601
SOON	-3.8601
COVE	-3.8604
ONTO	-3.8615
PIRI	-3.8615
TANT	-3.8615
ICHH	-3.8618
GING	-3.8622
FEAR	-3.8622
EEAN	-3.8622
ROMH	-3.8625
OWIN	-3.8629
NTLY	-3.8632
LOWE	-3.8636
GREE	-3.8636
TEDA	-3.8636
AINE	-3.8636
CITY	-3.8636
CHED	-3.8643
HATE	-3.8643
SHEC	-3.8643
IVEN	-3.8643
ECAM	-3.8643
CRIE	-3.8647
DSAN	-3.8647
IFTH	-3.8647
COUR	-3.8657
SSIO	-3.8661
WHOL	-3.8661
DSOF	-3.8664
AYAN	-3.8668
ILLT	-3.8668
OPEN	-3.8668
WOOD	-3.8672
ADTH	-3.8672
OMES	-3.8672
OURE	-3.8672
INDI	-3.8686
EPRE	-3.8686
SEEN	-3.8686
NTHO	-3.8690
ITHS	-3.8690
REMA	-3.8693
OKED	-3.8697
OING	-3.8700
EBEE	-3.8704
RANC	-3.8715
ENSE	-3.8718
LTHI	-3.8722
VENA	-3.8722
ETOP	-3.8726
ICHW	-3.8729
ITIN	-3.8729
AHAN	-3.8729
ANDU	-3.8729
ARTO	-3.8733
DIDN	-3.8740
ILLB	-3.8740
OWAR	-3.8740
LESH	-3.8744
YSEL	-3.8751
EIVE	-3.8755
BUTA	-3.8755
GTHA	-3.8755
LENT	-3.8758
ITTE	-3.8758
ASAN	-3.8762
RETU	-3.8769
ERFO	-3.8769
HADN	-3.8773
PAND	-3.8777
ORHI	-3.8780
EATT	-3.8780
EGAT	-3.8784
ARES	-3.8795
EDUP	-3.8795
HATC	-3.8795
ONST	-3.8803
FGOD	-3.8803
SALL	-3.8806
HOLE	-3.8806
CORD	-3.8806
HEOT	-3.8806
LDHA	-3.8814
HETO	-3.8817
ISSO	-3.8821
IVED	-3.8825
RESO	-3.8832
HTTH	-3.8836
VEBE	-3.8836
BEAR	-3.8840
HTER	-3.8843
OURA	-3.8847
PORT	-3.8851
SELV	-3.8851
GENT	-3.8855
TEMP	-3.8855
ERWI	-3.8855
EPLA	-3.8855
EDOF	-3.8858
UITE	-3.8862
NOWI	-3.8866
ORDO	-3.8866
DAVI	-3.8866
AVER	-3.8870
NOTI	-3.8870
HISL	-3.8873
LLOF	-3.8877
PEAR	-3.8877
IKEA	-3.8877
ALWA	-3.8881
USTH	-3.8881
TOFF	-3.8881
EASO	-3.8881
LLHE	-3.8885
IDNO	-3.8888
ASTA	-3.8888
NNER	-3.8892
TOOD	-3.8892
DOUT	-3.8892
DIST	-3.8903
EWER	-3.8903
STOR	-3.8903
BUTW	-3.8911
AKEN	-3.8915
NSTA	-3.8922
DIWI	-3.8926
HEBA	-3.8930
ARAN	-3.8930
NHIM	-3.8930
THHE	-3.8938
RWIT	-3.8938
RYTH	-3.8938
RONG	-3.8938
ESER	-3.8941
RISE	-3.8941
LATE	-3.8941
ERBE	-3.8941
ADAN	-3.8941
ONSI	-3.8945
LYIN	-3.8945
YOUM	-3.8945
NTOA	-3.8945
OSET	-3.8949
ANYT	-3.8953
NDWE	-3.8953
STAT	-3.8953
ORDE	-3.8957
ANNO	-3.8957
AREA	-3.8964
WAND	-3.8968
CERT	-3.8968
ESUS	-3.8972
ARIN	-3.8980
UTHI	-3.8980
IVIN	-3.8984
SOUL	-3.8984
WTHA	-3.8987
CLEA	-3.8987
ICAN	-3.8991
BOTH	-3.8995
PRIN	-3.8995
JUDG	-3.8999
VERI	-3.8999
SOFA	-3.9007
OREH	-3.9007
INGC	-3.9011
FORW	-3.9011
THAL	-3.9014
ATWA	-3.9026
EDIS	-3.9030
NDIS	-3.9034
LWAY	-3.9038
ORNI	-3.9046
ORTO	-3.9049
TREA	-3.9049
ISTA	-3.9053
ORYO	-3.9053
AVID	-3.9053
EASU	-3.9057
NNOT	-3.9057
DHEA	-3.9057
NSHA	-3.9061
HEEN	-3.9061
ORME	-3.9065
VENI	-3.9069
POSS	-3.9069
ILLE	-3.9069
RSHA	-3.9073
NEDA	-3.9073
ALLC	-3.9073
ETHT	-3.9077
ATAL	-3.9081
NSHE	-3.9081
NISH	-3.9081
HUND	-3.9085
MOUT	-3.9085
AVIN	-3.9089
NGFO	-3.9089
KIND	-3.9093
EOUT	-3.9093
HADS	-3.9097
BAND	-3.9101
FERE	-3.9105
SHAD	-3.9116
HYOU	-3.9116
RATE	-3.9120
ELIV	-3.9120
ONDE	-3.9120
CKED	-3.9124
HHIM	-3.9124
RDOF	-3.9124
WIND	-3.9124
EREB	-3.9128
IELD	-3.9132
EONE	-3.9132
ECEI	-3.9132
KEEP	-3.9140
ATWH	-3.9140
EARI	-3.9144
LIEV	-3.9144
FORS	-3.9148
ESTE	-3.9152
THAD	-3.9156
FAND	-3.9156
DENT	-3.9160
TSEE	-3.9160
RENT	-3.9164
NBUT	-3.9164
EIGH	-3.9168
MENO	-3.9172
TIST	-3.9176
ETWE	-3.9184
EDNO	-3.9184
RECE	-3.9184
EPER	-3.9184
DUPO	-3.9189
YWIT	-3.9189
AINA	-3.9189
STBE	-3.9193
NOWN	-3.9193
NSTT	-3.9193
EQUE	-3.9197
MIND	-3.9197
ESHI	-3.9197
WHIT	-3.9197
RSHE	-3.9201
WEST	-3.9201
TEND	-3.9205
MANT	-3.9209
ITSH	-3.9213
DCOM	-3.9217
ASUR	-3.9217
GOIN	-3.9217
ANYO	-3.9217
LEDT	-3.9221
NSTH	-3.9221
OLDT	-3.9229
LDAN	-3.9233
EDAT	-3.9233
ENER	-3.9237
ARGE	-3.9237
HISE	-3.9237
RIVE	-3.9241
RIST	-3.9245
TFRO	-3.9245
REDI	-3.9245
HADA	-3.9249
NWHO	-3.9249
CHIS	-3.9249
URED	-3.9254
DEED	-3.9258
HEAL	-3.9258
DWEL	-3.9258
SUPP	-3.9262
AAND	-3.9262
ERUS	-3.9262
ONOT	-3.9270
HINT	-3.9270
DEAR	-3.9274
HEPL	-3.9274
TOMA	-3.9274
INEA	-3.9274
NERA	-3.9278
NDCA	-3.9278
NDWA	-3.9295
OFMA	-3.9299
STRU	-3.9303
EDFR	-3.9307
ERIS	-3.9307
YONE	-3.9315
LEFT	-3.9315
YBUT	-3.9315
ICKE	-3.9315
GFOR	-3.9320
STHO	-3.9320
DINA	-3.9324
EDID	-3.9332
UARE	-3.9332
HITE	-3.9332
EFOU	-3.9336
BEGA	-3.9336
ENOU	-3.9336
DSTO	-3.9336
ORSE	-3.9345
DWHA	-3.9345
TOUT	-3.9345
HERC	-3.9349
OFYO	-3.9349
APTA	-3.9349
ARIA	-3.9353
TERW	-3.9357
OFMY	-3.9357
ISIT	-3.9361
LONE	-3.9361
GTOT	-3.9361
NDME	-3.9361
ENTW	-3.9366
FORG	-3.9366
LEMA	-3.9370
WOMA	-3.9374
HERD	-3.9378
NYTH	-3.9387
RSON	-3.9391
EADA	-3.9391
SHIS	-3.9391
STRI	-3.9391
LINE	-3.9395
EYAR	-3.9395
ARCH	-3.9395
ITYO	-3.9399
LISH	-3.9399
ESID	-3.9399
WASI	-3.9404
LYOU	-3.9404
FIRE	-3.9404
ELIT	-3.9412
ELLO	-3.9416
ESWH	-3.9416
MPLE	-3.9416
WANT	-3.9421
LEAV	-3.9421
MANW	-3.9421
IONI	-3.9425
OTTO	-3.9425
URES	-3.9425
RHEA	-3.9429
SSON	-3.9429
PPEA	-3.9429
ATHO	-3.9433
PTAI	-3.9438
SOFH	-3.9442
UTIT	-3.9442
FIND	-3.9442
ISTO	-3.9442
TATI	-3.9442
ALEM	-3.9442
HOPE	-3.9446
IMES	-3.9451
DREA	-3.9459
HIMW	-3.9459
HALF	-3.9468
ASTI	-3.9468
MYSE	-3.9468
ESOU	-3.9468
TOCO	-3.9472
NTEN	-3.9472
SIGH	-3.9476
REYO	-3.9476
ARDE	-3.9476
LAIN	-3.9476
OSEE	-3.9481
CTED	-3.9485
HOWE	-3.9485
HFOR	-3.9489
ROVE	-3.9489
VERH	-3.9494
YOUH	-3.9498
NCEI	-3.9502
LLYO	-3.9502
SETO	-3.9502
FEEL	-3.9507
OMOR	-3.9507
OPHE	-3.9507
NUNT	-3.9507
TYOF	-3.9511
DOOR	-3.9511
THAS	-3.9511
GAVE	-3.9511
HETA	-3.9511
RWAS	-3.9515
CREA	-3.9520
LLCO	-3.9524
LDER	-3.9528
ONWH	-3.9528
DTHY	-3.9533
JESU	-3.9533
RHER	-3.9537
SSES	-3.9537
GONE	-3.9537
OAND	-3.9537
LEDA	-3.9537
YARE	-3.9537
USIN	-3.9537
GINT	-3.9537
DSTH	-3.9546
USAL	-3.9546
HOUH	-3.9546
DTOH	-3.9555
IONW	-3.9555
AKEA	-3.9555
YHAD	-3.9563
ENDS	-3.9563
NEST	-3.9563
UTHA	-3.9563
FAMI	-3.9577
HIMI	-3.9577
OVED	-3.9581
WEAR	-3.9581
TIVE	-3.9586
OWNA	-3.9586
DISC	-3.9586
OWED	-3.9590
YINT	-3.9590
SFRO	-3.9590
YESH	-3.9594
CANN	-3.9599
ESET	-3.9599
LOOD	-3.9599
NGWH	-3.9603
TOFH	-3.9608
HEGA	-3.9608
FELL	-3.9612
HENC	-3.9612
PING	-3.9612
LCOM	-3.9617
ADNO	-3.9630
EOFF	-3.9630
ITIE	-3.9630
DRED	-3.9639
NGON	-3.9643
OREV	-3.9643
POIN	-3.9643
ERCO	-3.9648
DBYT	-3.9648
ASTT	-3.9648
EMBE	-3.9652
POOR	-3.9652
IKET	-3.9652
DOTH	-3.9652
EALT	-3.9657
MOUN	-3.9657
DERT	-3.9657
DONO	-3.9661
ENSH	-3.9666
TOFA	-3.9675
SEDA	-3.9675
TOPA	-3.9675
SWAS	-3.9679
HECI	-3.9684
NGWI	-3.9693
ELLA	-3.9693
HWAS	-3.9693
ISED	-3.9693
TWER	-3.9693
TERO	-3.9698
OLDI	-3.9702
EHAT	-3.9702
ORIT	-3.9707
CHAS	-3.9707
NOUR	-3.9707
RIAN	-3.9720
EGAN	-3.9720
ERNA	-3.9720
MORN	-3.9725
GHIS	-3.9725
DOFH	-3.9725
MANI	-3.9729
IDEA	-3.9729
HEET	-3.9729
EANS	-3.9734
HEYC	-3.9734
SONT	-3.9739
DLET	-3.9743
RDER	-3.9743
BUTS	-3.9748
HARD	-3.9752
OLLO	-3.9752
ETER	-3.9757
ALMO	-3.9762
CONF	-3.9762
NWAS	-3.9771
ALLM	-3.9771
OUAN	-3.9771
EBRO	-3.9771
TOHA	-3.9775
PROV	-3.9775
BLOO	-3.9780
PERI	-3.9785
EDAL	-3.9785
SONE	-3.9785
ECIT	-3.9785
DMAN	-3.9789
SOWN	-3.9789
STEA	-3.9789
ILLN	-3.9794
HEHI	-3.9794
AVEA	-3.9799
ESOL	-3.9799
TCOM	-3.9808
CCOR	-3.9808
COND	-3.9808
EINH	-3.9812
SHOR	-3.9817
OREI	-3.9817
BROT	-3.9817
THOF	-3.9817
ELIG	-3.9817
AMIN	-3.9817
DAGA	-3.9817
HEAN	-3.9817
RSTO	-3.9822
TELY	-3.9822
RIOU	-3.9826
BEAS	-3.9826
WASH	-3.9826
SINC	-3.9831
ROUS	-3.9836
NATU	-3.9836
ELFA	-3.9836
YYOU	-3.9836
ISMO	-3.9836
NDIW	-3.9836
REBE	-3.9841
EDAS	-3.9841
OKIN	-3.9841
EMMA	-3.9845
OMEO	-3.9845
TALK	-3.9845
FOLL	-3.9850
TLEA	-3.9850
INDO	-3.9855
ATYO	-3.9855
SIBL	-3.9859
NNIN	-3.9859
WHOW	-3.9859
TERN	-3.9859
EXCE	-3.9864
LYTO	-3.9864
TISA	-3.9864
BETT	-3.9864
HECR	-3.9864
NDEE	-3.9869
NDMO	-3.9869
UNDR	-3.9869
AMEA	-3.9873
HEVE	-3.9873
ONHE	-3.9873
RUSA	-3.9873
ROMA	-3.9878
INGR	-3.9878
RHIM	-3.9878
NOFI	-3.9878
REWI	-3.9878
PERF	-3.9883
CHES	-3.9883
NTSA	-3.9883
VEAN	-3.9883
ANTA	-3.9888
UTIN	-3.9888
EWIN	-3.9888
JUDA	-3.9888
ERNE	-3.9892
AYBE	-3.9892
RESA	-3.9892
FAIR	-3.9892
OKEN	-3.9897
JECT	-3.9897
HISG	-3.9897
TOLD	-3.9902
ODTH	-3.9902
MARI	-3.9902
HENO	-3.9907
HOUR	-3.9907
SHOW	-3.9907
SEET	-3.9907
OWIT	-3.9907
ASSA	-3.9911
EARA	-3.9911
PLES	-3.9911
OURF	-3.9911
RROW	-3.9921
OLDA	-3.9921
ERSW	-3.9921
EMAD	-3.9921
REET	-3.9926
BULL	-3.9926
HADT	-3.9931
SNOW	-3.9931
RTED	-3.9931
ROOM	-3.9931
ELES	-3.9931
ASTS	-3.9935
HANG	-3.9940
TLES	-3.9945
AMIL	-3.9950
ISMA	-3.9950
DAUG	-3.9955
SCON	-3.9955
HEMU	-3.9959
LADY	-3.9959
HATB	-3.9959
GOLD	-3.9959
ESOM	-3.9964
GENE	-3.9964
BEST	-3.9969
OFFI	-3.9969
ISPE	-3.9969
STEN	-3.9974
CARR	-3.9974
BURN	-3.9974
HHER	-3.9979
ONTI	-3.9979
SALE	-3.9979
GHTB	-3.9984
ENOW	-3.9984
GODA	-3.9984
DNES	-3.9993
EENA	-3.9993
NGRE	-3.9993
ARDA	-3.9993
MENA	-3.9993
INOR	-3.9998
RBUT	-4.0003
IESA	-4.0003
ENDI	-4.0003
MOME	-4.0003
VISI	-4.0008
INGP	-4.0008
EDOU	-4.0013
RFAT	-4.0023
EADY	-4.0023
NFRO	-4.0023
RAIS	-4.0023
ONIN	-4.0027
ARME	-4.0027
LLHI	-4.0032
GARD	-4.0032
TTIN	-4.0032
ACES	-4.0032
DGOD	-4.0032
HAVI	-4.0037
CESS	-4.0037
AVEH	-4.0037
UPTH	-4.0042
EOUS	-4.0042
ESSH	-4.0047
ASHA	-4.0047
LIST	-4.0047
ORTA	-4.0052
OURH	-4.0052
ININ	-4.0052
AREN	-4.0052
RMIN	-4.0057
RDSA	-4.0057
ELLE	-4.0062
YHAV	-4.0062
UAND	-4.0067
ECAN	-4.0067
ISSE	-4.0067
OHAV	-4.0072
NTLE	-4.0072
STOT	-4.0072
PRAY	-4.0072
FTHA	-4.0072
AISE	-4.0072
ICHA	-4.0077
EDGE	-4.0077
EMOU	-4.0077
CAST	-4.0077
EFUL	-4.0082
ESWE	-4.0082
YMAN	-4.0082
AVED	-4.0082
ACEA	-4.0082
ENTU	-4.0082
GHER	-4.0087
EATA	-4.0087
IFIC	-4.0087
TITW	-4.0092
RABL	-4.0092
SHIN	-4.0092
THEU	-4.0096
IDEN	-4.0096
EWAY	-4.0101
USED	-4.0101
IEDT	-4.0111
MANN	-4.0111
RELY	-4.0111
URNI	-4.0111
RSIN	-4.0116
TWEE	-4.0116
NGAL	-4.0116
MEDI	-4.0116
ENOR	-4.0116
TTOT	-4.0116
DEDT	-4.0116
HOST	-4.0116
MONT	-4.0121
EDBE	-4.0121
SONA	-4.0121
IDON	-4.0121
NOUG	-4.0121
MEWH	-4.0121
MAST	-4.0121
TCHE	-4.0126
HILL	-4.0126
MOSE	-4.0126
ALTH	-4.0131
ETWO	-4.0136
ERFE	-4.0136
INAT	-4.0141
NDLO	-4.0141
OODA	-4.0147
NOTW	-4.0147
INSO	-4.0147
TARE	-4.0147
ODOF	-4.0147
WISH	-4.0157
ARTE	-4.0157
NGIT	-4.0157
IVES	-4.0157
DTOB	-4.0167
NGDO	-4.0167
THEJ	-4.0167
DSOM	-4.0177
AMES	-4.0177
ERHI	-4.0182
HEEL	-4.0182
EUPO	-4.0182
WAYT	-4.0187
TOAN	-4.0187
EADI	-4.0187
EOFM	-4.0187
WASO	-4.0192
ERYT	-4.0197
ENDO	-4.0197
TERM	-4.0197
EMSE	-4.0197
NOTF	-4.0197
BLEA	-4.0202
ERYM	-4.0207
LEAR	-4.0207
DEAD	-4.0207
SATI	-4.0212
NCER	-4.0212
VEST	-4.0212
ETOH	-4.0212
ITYA	-4.0212
ENSA	-4.0212
ISTR	-4.0218
TRON	-4.0218
EDWH	-4.0218
ANTI	-4.0218
NDSI	-4.0218
UHAS	-4.0218
TWHA	-4.0223
ASKE	-4.0223
RCHI	-4.0228
SORT	-4.0228
REGA	-4.0233
AIDH	-4.0238
PLET	-4.0248
AMEO	-4.0248
WALL	-4.0248
HTOF	-4.0254
NDYO	-4.0254
NOWW	-4.0254
AIDI	-4.0254
HEMW	-4.0259
ACHE	-4.0264
ENAM	-4.0264
HISN	-4.0264
CEPT	-4.0269
AHTH	-4.0269
EIRS	-4.0269
JERU	-4.0269
EMEM	-4.0279
POWE	-4.0279
TODO	-4.0279
SITI	-4.0290
UNTA	-4.0295
ANWH	-4.0295
NTSO	-4.0300
ORWH	-4.0300
ITSE	-4.0300
AIDS	-4.0305
ALLD	-4.0305
PARE	-4.0311
NOWA	-4.0311
ERMI	-4.0311
BETW	-4.0316
UDAH	-4.0321
ERMA	-4.0326
DTOS	-4.0326
ASHI	-4.0326
EMIG	-4.0332
ECRE	-4.0332
CETO	-4.0332
LESA	-4.0337
NOFA	-4.0337
IWAS	-4.0337
HTAN	-4.0342
ETOS	-4.0342
NDYE	-4.0342
ORDH	-4.0342
CHRI	-4.0347
OWAN	-4.0347
NGSH	-4.0347
HEAT	-4.0347
HERP	-4.0353
EROU	-4.0353
CONV	-4.0353
FIEL	-4.0353
EASI	-4.0353
HTHI	-4.0353
ILEN	-4.0353
DWHO	-4.0358
EELI	-4.0363
NSAI	-4.0368
DARK	-4.0368
STED	-4.0374
ATEL	-4.0374
FORY	-4.0384
GROU	-4.0384
GMEN	-4.0390
ONOU	-4.0390
EMAI	-4.0395
GOFT	-4.0395
WEEN	-4.0400
LHIS	-4.0400
ONEW	-4.0400
OOKI	-4.0400
UNTE	-4.0400
OLON	-4.0406
RINC	-4.0406
DABO	-4.0406
SOFS	-4.0406
GODS	-4.0406
LOFT	-4.0416
MAIN	-4.0416
HANA	-4.0422
URET	-4.0422
KEDA	-4.0422
ROSS	-4.0422
SESA	-4.0427
CHHE	-4.0427
REAC	-4.0427
ROPH	-4.0427
TRAI	-4.0433
ELTH	-4.0433
RDEN	-4.0433
UNDT	-4.0433
ITIO	-4.0438
DIFF	-4.0438
ELON	-4.0438
OSSI	-4.0438
EREH	-4.0438
OURI	-4.0438
SHAR	-4.0438
NGEL	-4.0438
DDEN	-4.0438
REAM	-4.0438
TOAL	-4.0443
EDME	-4.0443
AKES	-4.0443
INGN	-4.0449
MPAN	-4.0449
ULDS	-4.0449
GHTY	-4.0449
ATON	-4.0449
ASST	-4.0454
GATH	-4.0454
EREL	-4.0459
OURO	-4.0459
TOSA	-4.0459
MEDT	-4.0465
ISOW	-4.0465
DNOW	-4.0465
EHAS	-4.0465
ITTO	-4.0470
EADO	-4.0470
SESS	-4.0476
HETI	-4.0476
ENGT	-4.0476
WRIT	-4.0476
WNTH	-4.0481
EMEA	-4.0481
URTH	-4.0481
RAIN	-4.0487
ONGE	-4.0487
SOFM	-4.0487
INEH	-4.0487
WISE	-4.0487
EDUN	-4.0487
OFWH	-4.0492
GWIT	-4.0492
VESA	-4.0492
WASC	-4.0492
SOUT	-4.0492
STIC	-4.0498
THYO	-4.0498
ELLT	-4.0498
DERA	-4.0498
ICAL	-4.0498
HRIS	-4.0503
NDAB	-4.0503
TERR	-4.0503
FICE	-4.0508
NOTO	-4.0508
NTIL	-4.0508
NDIF	-4.0508
USTB	-4.0514
EMAR	-4.0514
OFCO	-4.0514
ETOO	-4.0519
ISON	-4.0519
IENT	-4.0519
UALL	-4.0525
CEIN	-4.0525
NGAT	-4.0525
ISIS	-4.0530
FTHY	-4.0530
AYOF	-4.0536
OSED	-4.0536
FISH	-4.0536
NTAI	-4.0536
EARN	-4.0536
ISSI	-4.0536
OUWI	-4.0536
TEDI	-4.0541
EISA	-4.0541
OUSL	-4.0541
NGAS	-4.0541
SEAS	-4.0547
HOME	-4.0552
ORRO	-4.0552
USEA	-4.0552
ALLW	-4.0552
BECO	-4.0552
INIS	-4.0552
HEFL	-4.0552
LOCK	-4.0558
THIT	-4.0558
LOUD	-4.0558
LMOS	-4.0563
ONFO	-4.0569
EMUS	-4.0569
DSEE	-4.0569
OFME	-4.0569
NDDE	-4.0569
ANTE	-4.0575
MEAS	-4.0575
GLOR	-4.0575
DBEH	-4.0575
ONED	-4.0580
TATE	-4.0580
NORT	-4.0580
ENAT	-4.0580
RACE	-4.0580
MEMB	-4.0586
TWIL	-4.0586
EIRF	-4.0586
DMEN	-4.0586
SHET	-4.0591
HOLY	-4.0591
ALES	-4.0591
ECTE	-4.0597
ERYS	-4.0597
MINT	-4.0597
RESP	-4.0597
SMAL	-4.0597
HEBU	-4.0597
OSPE	-4.0602
LACK	-4.0602
TAST	-4.0602
DWIL	-4.0602
EGYP	-4.0602
GYPT	-4.0602
LECT	-4.0608
UTWH	-4.0608
INWH	-4.0608
THIR	-4.0614
DERI	-4.0614
ESAR	-4.0614
TTOB	-4.0614
LFOR	-4.0614
OEVE	-4.0619
INIT	-4.0619
TLET	-4.0625
SMAN	-4.0625
WIFE	-4.0625
INKI	-4.0625
TERH	-4.0625
TEAN	-4.0625
TESA	-4.0625
HEBL	-4.0625
RINK	-4.0630
ENTY	-4.0636
NSID	-4.0636
GHTL	-4.0636
OALL	-4.0636
HEYT	-4.0636
HISR	-4.0636
UTAN	-4.0642
SPRE	-4.0642
ORDW	-4.0642
SWHO	-4.0653
RYAN	-4.0653
TLEM	-4.0653
ESUN	-4.0653
ESPI	-4.0659
ETHY	-4.0659
PPOS	-4.0664
EINS	-4.0664
VEME	-4.0664
IDST	-4.0664
WEVE	-4.0670
IDER	-4.0670
REMO	-4.0670
KNEW	-4.0670
OUTI	-4.0670
NANT	-4.0670
ONGA	-4.0676
TOFI	-4.0676
OPAS	-4.0676
TKNO	-4.0676
TITI	-4.0676
LLEN	-4.0681
ULAR	-4.0681
YHEA	-4.0681
ICHS	-4.0681
HIMB	-4.0687
GODO	-4.0687
RMAN	-4.0693
TWOU	-4.0693
MATT	-4.0693
NTOY	-4.0693
UTTO	-4.0693
FFIC	-4.0698
MANO	-4.0698
DOUB	-4.0698
YOUI	-4.0698
EEND	-4.0698
ASIT	-4.0704
ONAL	-4.0704
HERL	-4.0704
DASH	-4.0704
FAST	-4.0704
EISN	-4.0704
CHWA	-4.0704
ELIK	-4.0710
ELFT	-4.0710
PENT	-4.0710
RIET	-4.0716
MOVE	-4.0721
DOES	-4.0721
OUKN	-4.0727
ESAY	-4.0727
LINO	-4.0727
EKNO	-4.0733
MWIT	-4.0733
OMEI	-4.0733
REDE	-4.0733
TOMO	-4.0733
DHAT	-4.0739
DATT	-4.0739
IMIN	-4.0739
ESCA	-4.0739
ADIN	-4.0744
DCON	-4.0744
EWAT	-4.0744
WHOH	-4.0750
ELEA	-4.0750
SILE	-4.0756
RENC	-4.0762
GHTW	-4.0762
HETE	-4.0762
NION	-4.0768
GEOF	-4.0768
NDEV	-4.0768
ARLY	-4.0773
RWAR	-4.0773
GATE	-4.0773
TINU	-4.0779
ASSH	-4.0779
IMTO	-4.0779
ORSH	-4.0779
TOGO	-4.0779
NGLI	-4.0779
AELA	-4.0779
EAGA	-4.0785
POKE	-4.0785
USTI	-4.0785
EMOS	-4.0785
PONH	-4.0785
WILD	-4.0785
EDEA	-4.0791
AMED	-4.0791
ERNO	-4.0791
MAYB	-4.0791
DITI	-4.0791
ERMO	-4.0797
RITI	-4.0797
EREP	-4.0797
NDAT	-4.0803
YOUC	-4.0803
NTHY	-4.0803
THNO	-4.0808
IRED	-4.0808
ILED	-4.0808
EDBU	-4.0808
LLSA	-4.0808
REPL	-4.0808
TRES	-4.0814
NGMA	-4.0814
URCH	-4.0814
RGOD	-4.0814
TUDE	-4.0820
ADEA	-4.0820
EEYE	-4.0820
DITS	-4.0820
ESNO	-4.0826
CHER	-4.0826
EACE	-4.0826
URNT	-4.0826
RAVE	-4.0832
ARSA	-4.0838
CTLY	-4.0838
LKIN	-4.0838
STOP	-4.0838
ERSU	-4.0838
ISWI	-4.0838
ITAT	-4.0838
ISAN	-4.0838
NGUP	-4.0838
TEOU	-4.0838
NKIN	-4.0844
ERAS	-4.0850
HEFE	-4.0850
AINI	-4.0850
EMON	-4.0850
GERS	-4.0850
VEDT	-4.0856
OURN	-4.0856
OMIS	-4.0856
EXPE	-4.0856
PLAI	-4.0856
THTO	-4.0856
USTA	-4.0862
OMEW	-4.0862
TDOW	-4.0862
OSTA	-4.0867
STOB	-4.0867
TUNT	-4.0867
IKNO	-4.0873
PEAC	-4.0873
RNES	-4.0879
ALKE	-4.0879
SPOK	-4.0879
ECAR	-4.0885
REWE	-4.0885
GHTF	-4.0885
SEAR	-4.0891
ANTT	-4.0897
EINA	-4.0897
ATLA	-4.0897
LIED	-4.0903
ITUD	-4.0903
RHAP	-4.0903
OUCH	-4.0903
TCAM	-4.0903
EARL	-4.0909
ETOB	-4.0909
IDHE	-4.0909
LICE	-4.0909
THUN	-4.0909
NHEA	-4.0915
HATO	-4.0915
OURG	-4.0915
SVER	-4.0921
ACEO	-4.0921
EMAY	-4.0927
TITU	-4.0933
VOUR	-4.0933
OMUC	-4.0939
UKNO	-4.0939
ONEI	-4.0939
SENS	-4.0945
ISWA	-4.0945
ALLF	-4.0945
EOVE	-4.0945
AROF	-4.0945
STNO	-4.0945
HOHA	-4.0951
ETRE	-4.0951
THME	-4.0951
FIED	-4.0951
HUNT	-4.0951
DISA	-4.0958
RUST	-4.0958
EOLD	-4.0958
ICUL	-4.0964
ISDA	-4.0964
OWWH	-4.0964
PPED	-4.0964
REAR	-4.0970
MEFO	-4.0970
EADT	-4.0970
OWEV	-4.0976
MESA	-4.0976
DERE	-4.0976
DAYA	-4.0976
NCEW	-4.0976
AWTH	-4.0976
WOND	-4.0976
ONSH	-4.0982
NDBR	-4.0982
OUST	-4.0982
EARO	-4.0982
SEHE	-4.0988
ITED	-4.0988
ENDA	-4.0994
AGES	-4.0994
ROSE	-4.0994
RYIN	-4.0994
ATEA	-4.0994
LTTH	-4.0994
TODE	-4.0994
IEDA	-4.1000
SAVE	-4.1000
REDH	-4.1000
SECO	-4.1000
SCEN	-4.1000
ONSE	-4.1006
OSSE	-4.1006
ABIT	-4.1006
REDO	-4.1006
RIBE	-4.1006
USTO	-4.1006
DEOF	-4.1006
HOUA	-4.1006
ORIN	-4.1012
UNTI	-4.1012
ASAL	-4.1012
SOVE	-4.1012
ASSU	-4.1012
NOTE	-4.1012
YWHE	-4.1019
DEAN	-4.1019
HATP	-4.1019
WASB	-4.1025
FTHO	-4.1025
OWNS	-4.1025
OMPL	-4.1025
ETAN	-4.1025
ESPO	-4.1025
OREM	-4.1031
LINT	-4.1031
SSOM	-4.1031
SETT	-4.1031
VEHE	-4.1031
REEN	-4.1031
RCHA	-4.1031
EEIN	-4.1031
ONEL	-4.1031
RWHE	-4.1037
GYOU	-4.1037
COLO	-4.1037
ILLH	-4.1043
REPA	-4.1043
ONAS	-4.1043
TSTO	-4.1043
UEST	-4.1049
BJEC	-4.1049
ELOO	-4.1049
EASA	-4.1056
ERBU	-4.1056
BERE	-4.1056
EMTO	-4.1056
EDAR	-4.1062
ONIT	-4.1062
ICEO	-4.1068
RTAN	-4.1068
DTHR	-4.1068
EQUI	-4.1068
OFTE	-4.1068
TEDW	-4.1068
EEDI	-4.1068
INHA	-4.1068
ISEA	-4.1068
ALLP	-4.1068
CIOU	-4.1074
EGRA	-4.1074
RONE	-4.1074
NDFR	-4.1081
WAYA	-4.1081
THWH	-4.1081
IESO	-4.1081
SFAT	-4.1081
SIGN	-4.1081
IRFA	-4.1081
ERAB	-4.1087
YCOM	-4.1087
LATI	-4.1087
YOUD	-4.1087
MONE	-4.1087
INMY	-4.1087
NOTM	-4.1093
AIDA	-4.1093
EGAR	-4.1093
SWEE	-4.1093
ATHS	-4.1093
USES	-4.1099
PERH	-4.1099
HARA	-4.1099
HOFT	-4.1099
HITH	-4.1106
AVEI	-4.1106
SSIB	-4.1112
DRES	-4.1112
REES	-4.1112
EGRO	-4.1112
SUNT	-4.1112
YEST	-4.1118
ULLO	-4.1118
DESI	-4.1118
OVET	-4.1118
FMAN	-4.1118
OSIT	-4.1124
MINA	-4.1124
RACT	-4.1124
OFBE	-4.1124
TBEA	-4.1124
ACET	-4.1124
SEAT	-4.1124
SEYE	-4.1124
HATF	-4.1124
EMID	-4.1124
NGSW	-4.1131
SOLD	-4.1131
WICK	-4.1131
ESIR	-4.1131
LAUG	-4.1131
PENE	-4.1131
OMHE	-4.1131
IDES	-4.1131
ROMI	-4.1137
OCOM	-4.1137
BEAU	-4.1137
CEWH	-4.1137
NTIO	-4.1143
LITY	-4.1143
SOUN	-4.1150
PARA	-4.1150
OODS	-4.1150
HESW	-4.1150
GSOF	-4.1156
ENTF	-4.1156
DHEW	-4.1156
AYSA	-4.1156
TROU	-4.1156
WAIT	-4.1156
ASED	-4.1162
VEHI	-4.1162
OODT	-4.1162
NGBU	-4.1162
ARTS	-4.1162
EMPT	-4.1162
SEWH	-4.1169
LOTH	-4.1169
ANOF	-4.1175
ECAL	-4.1175
NDHO	-4.1175
RSWE	-4.1175
IDET	-4.1175
DBEF	-4.1182
NOWS	-4.1182
CENT	-4.1182
SHAV	-4.1182
CARE	-4.1188
ISEE	-4.1188
ICAT	-4.1188
NGAG	-4.1194
DITW	-4.1194
DINH	-4.1194
INOF	-4.1194
NCOM	-4.1194
HEYM	-4.1194
DHAD	-4.1201
ACTI	-4.1201
ASTR	-4.1201
EOFI	-4.1201
EDOO	-4.1201
SAYT	-4.1201
DRAW	-4.1201
IFYO	-4.1201
EWEN	-4.1201
ORAL	-4.1201
USSA	-4.1201
HYSE	-4.1201
IMAG	-4.1207
NEDI	-4.1207
ITOF	-4.1207
BUIL	-4.1207
EGOD	-4.1207
TREM	-4.1214
OMHI	-4.1214
SINS	-4.1214
HIMH	-4.1214
TNOW	-4.1214
SCAR	-4.1214
ONGS	-4.1214
HONE	-4.1214
GEAN	-4.1220
LLHA	-4.1220
HIND	-4.1220
OTHO	-4.1220
ERIG	-4.1226
ILLO	-4.1226
EDES	-4.1226
WEHA	-4.1233
ATAR	-4.1233
RITE	-4.1233
NOTD	-4.1233
HIEF	-4.1239
EDSO	-4.1239
RESI	-4.1239
OFJU	-4.1239
EMIS	-4.1246
ESWI	-4.1246
NGBE	-4.1246
UTTE	-4.1246
IANN	-4.1246
UGHI	-4.1252
SWEL	-4.1252
UTIF	-4.1252
SHAM	-4.1252
SGRE	-4.1252
ENWI	-4.1252
ORNE	-4.1252
ISHI	-4.1252
ACLE	-4.1252
YGOD	-4.1252
SPAK	-4.1252
PAKE	-4.1252
LOSE	-4.1259
ELTO	-4.1259
TYTH	-4.1259
YUNT	-4.1259
OMFO	-4.1265
UPPO	-4.1265
SLIK	-4.1265
MMON	-4.1265
OWNO	-4.1265
ITBE	-4.1265
ILTH	-4.1265
EYEA	-4.1272
CIRC	-4.1272
HTTO	-4.1272
ROKE	-4.1272
ATSO	-4.1278
IVEA	-4.1278
ICEA	-4.1278
ITCA	-4.1278
BELO	-4.1285
MBUT	-4.1285
HABI	-4.1285
LDIN	-4.1285
ERIC	-4.1285
OSTS	-4.1285
LENC	-4.1285
TWEN	-4.1291
PLIE	-4.1291
ITWI	-4.1291
SINA	-4.1291
EBEA	-4.1291
ONEY	-4.1298
SLEE	-4.1298
ELLS	-4.1298
RELI	-4.1298
LEIN	-4.1298
EABO	-4.1298
CROS	-4.1298
EENO	-4.1305
CHIE	-4.1311
LBEA	-4.1311
ASWE	-4.1311
DAFT	-4.1311
YWHI	-4.1311
ORSO	-4.1318
TINE	-4.1318
UMBE	-4.1318
LLRE	-4.1318
INCO	-4.1324
ALAN	-4.1324
YWAS	-4.1324
ENWH	-4.1324
LESO	-4.1331
ORWA	-4.1331
EWAR	-4.1331
ERBR	-4.1338
NCED	-4.1338
ELET	-4.1338
TEDH	-4.1338
QUEE	-4.1338
RITA	-4.1344
DARE	-4.1344
HONO	-4.1344
YOUK	-4.1351
SEST	-4.1351
RECT	-4.1357
ESEC	-4.1357
GSAN	-4.1357
TCON	-4.1357
INGY	-4.1357
EHOW	-4.1364
STIM	-4.1364
YSAI	-4.1364
GHIM	-4.1364
EOFS	-4.1364
BROW	-4.1364
EFAT	-4.1364
NERS	-4.1371
FILL	-4.1371
ONIS	-4.1371
PLAN	-4.1371
NDUN	-4.1371
OWAS	-4.1371
ALLR	-4.1371
NDPR	-4.1377
KEAN	-4.1377
HORS	-4.1377
LLMA	-4.1377
OFAS	-4.1377
MISE	-4.1384
OBEA	-4.1384
NOTC	-4.1384
INSA	-4.1384
ISST	-4.1391
FHIM	-4.1391
HAPS	-4.1391
ITHF	-4.1391
REYE	-4.1391
NOWL	-4.1398
BLAC	-4.1398
OUTS	-4.1398
HEDT	-4.1398
INGG	-4.1404
NGLE	-4.1404
SPAR	-4.1404
ACHI	-4.1404
RITT	-4.1404
SUFF	-4.1411
EWAL	-4.1411
AMTH	-4.1411
HELP	-4.1418
IMEA	-4.1418
TOMY	-4.1418
FRAN	-4.1418
ENTR	-4.1418
NGYO	-4.1418
IENC	-4.1418
ERIO	-4.1425
OONE	-4.1425
IMET	-4.1425
UDGE	-4.1425
DOVE	-4.1425
REHI	-4.1425
INNE	-4.1431
ENEV	-4.1431
EANT	-4.1431
OMAK	-4.1431
AMEN	-4.1431
CULA	-4.1438
ULTI	-4.1438
RDST	-4.1438
ETAB	-4.1438
OFOR	-4.1445
NDGO	-4.1445
TUPO	-4.1445
AHAB	-4.1445
APPY	-4.1452
TENE	-4.1452
ELSE	-4.1452
SEND	-4.1452
WORS	-4.1452
MARK	-4.1452
ARKE	-4.1452
UDDE	-4.1452
NLYT	-4.1458
RFRO	-4.1458
NDLA	-4.1458
ERSS	-4.1458
ESFO	-4.1458
STLE	-4.1458
NEHA	-4.1465
EPAS	-4.1465
ETRU	-4.1465
HARP	-4.1465
ERRE	-4.1472
EENE	-4.1472
SCRI	-4.1472
TSAI	-4.1472
RTTH	-4.1472
HEYO	-4.1479
ISBR	-4.1479
RASS	-4.1479
ARTA	-4.1486
ANCI	-4.1486
CESA	-4.1486
CANT	-4.1486
ESPA	-4.1486
NEXT	-4.1493
WHET	-4.1493
STAS	-4.1493
ICES	-4.1493
HETW	-4.1499
EQUA	-4.1499
ALKI	-4.1499
ENSI	-4.1499
ROAD	-4.1499
GANT	-4.1499
EDAG	-4.1499
NDOW	-4.1499
USEI	-4.1506
SWHA	-4.1506
ASIF	-4.1506
HUSS	-4.1506
HNOT	-4.1506
LLSE	-4.1506
MERC	-4.1506
EENS	-4.1513
YFAT	-4.1513
WORT	-4.1513
NOMO	-4.1513
HERU	-4.1513
USEH	-4.1520
ESSW	-4.1520
NWHE	-4.1520
REWH	-4.1520
ATTL	-4.1520
TMAN	-4.1527
ENIT	-4.1527
DAST	-4.1527
ITSA	-4.1527
RCOM	-4.1534
ISLI	-4.1534
USLY	-4.1534
OURC	-4.1534
DRIN	-4.1534
LYBE	-4.1541
RITS	-4.1541
NDDI	-4.1541
OWHE	-4.1541
BOOK	-4.1541
ATMA	-4.1541
IFEA	-4.1548
BEGI	-4.1548
KOFT	-4.1548
OOKA	-4.1548
REAK	-4.1548
EIRH	-4.1548
OLDM	-4.1548
EATI	-4.1548
TONT	-4.1548
RFEC	-4.1555
METI	-4.1555
SEEI	-4.1555
SSEL	-4.1555
ORDG	-4.1555
ARRY	-4.1562
EBRE	-4.1562
OODH	-4.1569
SHEL	-4.1569
TWEL	-4.1569
IFFE	-4.1569
EADS	-4.1569
GROW	-4.1569
TWOR	-4.1569
STSA	-4.1576
MILE	-4.1576
DBEA	-4.1576
DOYO	-4.1576
TTOM	-4.1576
RDHA	-4.1576
FJUD	-4.1576
USTE	-4.1583
LARG	-4.1583
HEMB	-4.1583
ITHY	-4.1583
OWLE	-4.1583
REPR	-4.1583
RIFI	-4.1583
DISP	-4.1590
ANYM	-4.1590
GALL	-4.1590
SKED	-4.1590
HREN	-4.1590
UREA	-4.1597
LOUR	-4.1597
NSTR	-4.1597
INDT	-4.1597
FEET	-4.1597
NTST	-4.1604
ILES	-4.1604
EIST	-4.1604
SSTO	-4.1604
ENFO	-4.1604
UWIL	-4.1604
TBEF	-4.1604
ATHT	-4.1604
FELT	-4.1611
SHEM	-4.1611
LWIT	-4.1611
TSOM	-4.1611
RDSH	-4.1611
HTIN	-4.1611
YOUB	-4.1611
RTHT	-4.1611
MARR	-4.1618
AVEM	-4.1618
SHAP	-4.1618
LEEP	-4.1618
HARE	-4.1618
EEPE	-4.1618
NCON	-4.1625
ULLY	-4.1625
FRAI	-4.1625
RNOT	-4.1625
ADOF	-4.1625
FINE	-4.1632
ASCO	-4.1632
ESUR	-4.1632
ASBE	-4.1632
ETOM	-4.1632
NDUP	-4.1632
OWNI	-4.1632
HATL	-4.1632
REPE	-4.1632
NDFI	-4.1632
HTEO	-4.1632
NETO	-4.1639
SINE	-4.1639
TNES	-4.1639
FFEC	-4.1646
ULDE	-4.1646
OBES	-4.1646
EALO	-4.1646
VEYO	-4.1646
LEDG	-4.1646
UPAN	-4.1646
SAIL	-4.1646
DHOW	-4.1653
COMI	-4.1653
EYSA	-4.1653
ARIS	-4.1653
AKEH	-4.1653
ENDT	-4.1660
OUBL	-4.1660
AINL	-4.1660
RWHA	-4.1660
CESO	-4.1660
ETHU	-4.1660
YCON	-4.1668
HSHE	-4.1668
ATEV	-4.1668
ARDO	-4.1668
HAIR	-4.1668
INEE	-4.1668
LKED	-4.1675
GLAD	-4.1675
RYOF	-4.1675
CHHA	-4.1682
EITW	-4.1682
HIMF	-4.1682
VEIT	-4.1682
NEWH	-4.1682
RTHY	-4.1682
MERE	-4.1682
BOUR	-4.1682
LIES	-4.1682
YETH	-4.1689
HWIT	-4.1696
HORT	-4.1696
ERCE	-4.1696
PROM	-4.1696
SCOU	-4.1696
DAYT	-4.1696
ENEM	-4.1696
WASF	-4.1696
EYTH	-4.1696
OTAN	-4.1696
SDAY	-4.1696
ORMA	-4.1703
MHIS	-4.1703
OUBT	-4.1703
BORN	-4.1703
BEHI	-4.1703
TSIN	-4.1711
URIN	-4.1711
SKIN	-4.1711
WASW	-4.1711
RWHO	-4.1711
CORN	-4.1711
ISBE	-4.1718
MEDA	-4.1718
UNDI	-4.1718
ITEA	-4.1718
PLAY	-4.1725
YHIS	-4.1725
EAUT	-4.1725
EONL	-4.1725
OFSO	-4.1725
NOFM	-4.1725
NGED	-4.1725
NEIN	-4.1725
THOR	-4.1732
NOFH	-4.1732
SAWT	-4.1732
ESIG	-4.1732
OREO	-4.1732
NESA	-4.1732
IANS	-4.1732
SMIL	-4.1740
PRIS	-4.1740
HEPH	-4.1740
FAIT	-4.1740
DEAL	-4.1747
RBRO	-4.1747
LSOF	-4.1747
ANIT	-4.1747
CLOS	-4.1747
BRET	-4.1747
GEST	-4.1754
SBRO	-4.1754
AINW	-4.1754
HEVI	-4.1754
ANSA	-4.1754
TDAY	-4.1754
EIGN	-4.1754
ETOW	-4.1761
TOWH	-4.1761
NTON	-4.1761
ESIT	-4.1761
ILIN	-4.1761
ATET	-4.1761
OUSN	-4.1769
ERFA	-4.1769
ARSO	-4.1769
INDA	-4.1769
RONT	-4.1769
TRIB	-4.1769
BOAT	-4.1769
EWEL	-4.1776
LEWH	-4.1776
ANSH	-4.1776
ROPE	-4.1776
HARR	-4.1776
TLAS	-4.1776
ETRA	-4.1776
MYLO	-4.1776
CEAS	-4.1783
ELFI	-4.1783
MEET	-4.1783
YBOD	-4.1783
ETIN	-4.1783
LEAD	-4.1783
TROY	-4.1783
OTIN	-4.1791
HTHO	-4.1791
STTO	-4.1791
PROF	-4.1791
EALS	-4.1791
NDMY	-4.1791
URNB	-4.1791
RDGO	-4.1791
HEYD	-4.1798
MEST	-4.1798
HEON	-4.1798
NTOS	-4.1798
WASM	-4.1805
EARM	-4.1805
IDAN	-4.1813
NTOU	-4.1813
ITHW	-4.1820
VERB	-4.1820
REIT	-4.1820
ISET	-4.1820
HENW	-4.1820
OFJE	-4.1820
INTI	-4.1828
INET	-4.1828
FIVE	-4.1828
NOWH	-4.1828
DLIK	-4.1828
SMOT	-4.1828
EALI	-4.1828
RUTH	-4.1828
VETO	-4.1828
BROK	-4.1828
SNES	-4.1835
TISF	-4.1835
REQU	-4.1835
NOTL	-4.1835
RWHI	-4.1835
YSHO	-4.1835
EITI	-4.1835
CKAN	-4.1835
UART	-4.1835
SHEI	-4.1843
ONGR	-4.1843
TOTA	-4.1843
RCHE	-4.1843
OURB	-4.1843
CITI	-4.1843
THFO	-4.1843
BELL	-4.1850
STAL	-4.1850
TISH	-4.1850
NTFO	-4.1850
EDSH	-4.1850
HATN	-4.1850
RNBU	-4.1850
INEV	-4.1857
ERYW	-4.1857
REDS	-4.1857
DBET	-4.1857
DMOR	-4.1857
ENES	-4.1857
YWOR	-4.1857
TEDF	-4.1857
EIRC	-4.1857
ATSA	-4.1857
ESAW	-4.1865
UTHO	-4.1872
SOFF	-4.1872
OSAY	-4.1872
IMME	-4.1872
SWIF	-4.1872
MANH	-4.1872
TEDB	-4.1872
OWNE	-4.1872
YSHE	-4.1880
AYSO	-4.1880
ROMM	-4.1880
MIST	-4.1887
EONT	-4.1887
NGSI	-4.1887
LFAN	-4.1887
ADET	-4.1887
OMMO	-4.1887
NDOU	-4.1887
ALTA	-4.1887
STOM	-4.1895
TOLE	-4.1895
NORA	-4.1895
HIMO	-4.1895
DAHA	-4.1895
AVEL	-4.1895
PHET	-4.1895
EBEL	-4.1902
TIRE	-4.1902
TEAD	-4.1902
GODT	-4.1902
SMOR	-4.1910
VERW	-4.1910
ORTI	-4.1910
GBUT	-4.1910
EGEN	-4.1910
ORAS	-4.1910
AMEI	-4.1918
EGIN	-4.1918
REIG	-4.1918
HTBE	-4.1918
EANY	-4.1925
BUTN	-4.1925
TICA	-4.1925
ORNO	-4.1925
FORB	-4.1925
EBEG	-4.1925
ARTT	-4.1925
SUDD	-4.1925
NBUL	-4.1925
LEVI	-4.1933
SITT	-4.1933
OFIN	-4.1933
REGO	-4.1933
PRAI	-4.1933
ISPO	-4.1940
ERYB	-4.1940
SPLA	-4.1940
TIFI	-4.1940
FLES	-4.1940
EMAT	-4.1948
ASMA	-4.1948
TEOF	-4.1948
CIEN	-4.1948
LVER	-4.1948
UTNO	-4.1956
TONI	-4.1956
ATCO	-4.1956
EDIA	-4.1956
URAN	-4.1956
TISN	-4.1956
DERN	-4.1956
IDEO	-4.1956
NGNO	-4.1963
VEDA	-4.1963
OPER	-4.1963
SOLO	-4.1963
DSAY	-4.1963
ETOA	-4.1963
RKIN	-4.1963
RANS	-4.1963
ILDE	-4.1963
URFA	-4.1963
MNOT	-4.1971
PUTT	-4.1971
HEUN	-4.1971
AYTO	-4.1971
EDOW	-4.1971
IREC	-4.1978
VENS	-4.1978
UNTR	-4.1978
IDIN	-4.1978
ORTU	-4.1986
EATO	-4.1986
CHUR	-4.1986
ENAS	-4.1986
TREN	-4.1986
SPRI	-4.1986
ETRI	-4.1986
PPIN	-4.1994
RECA	-4.1994
TTOH	-4.1994
IFHE	-4.1994
ERVI	-4.1994
WASD	-4.1994
COMF	-4.2002
RPRI	-4.2002
REFU	-4.2002
HADO	-4.2009
QUIR	-4.2009
OUMA	-4.2009
OUDO	-4.2009
ETOF	-4.2009
ANHE	-4.2009
EHIN	-4.2009
NTRY	-4.2017
WLED	-4.2017
WASG	-4.2025
TANY	-4.2025
MILI	-4.2025
ANHA	-4.2025
EDEV	-4.2025
YLOR	-4.2033
TRUE	-4.2033
ITSO	-4.2033
HEPU	-4.2033
EWTH	-4.2033
NITY	-4.2033
RDSO	-4.2033
HEYB	-4.2033
FTEN	-4.2040
TAGA	-4.2040
ATOF	-4.2040
MEAT	-4.2040
TRUC	-4.2040
ENEA	-4.2040
WNTO	-4.2048
YNOT	-4.2048
BESO	-4.2048
NDAR	-4.2048
ISFI	-4.2048
SUPO	-4.2048
TINA	-4.2048
BOVE	-4.2048
CHAP	-4.2056
DTOA	-4.2056
ITAL	-4.2056
UBLE	-4.2056
RTIN	-4.2056
RISH	-4.2056
ITTI	-4.2056
CERN	-4.2064
ONVE	-4.2064
NDBU	-4.2064
DMRS	-4.2064
FORC	-4.2064
TWHO	-4.2064
OURL	-4.2064
KILL	-4.2064
REBU	-4.2072
QUAL	-4.2072
LLAS	-4.2072
ALTE	-4.2072
EGOO	-4.2072
NGME	-4.2072
EDRO	-4.2072
RHAN	-4.2079
SFAC	-4.2087
UFFE	-4.2087
ILLM	-4.2087
ONEM	-4.2087
ISWO	-4.2087
ABOV	-4.2087
HEFR	-4.2095
SIMP	-4.2095
INYO	-4.2095
OTTE	-4.2095
ANDK	-4.2095
ESAT	-4.2103
ELAS	-4.2103
UCHT	-4.2103
AVOU	-4.2103
TFUL	-4.2103
OSEA	-4.2111
EREV	-4.2111
NDWO	-4.2111
STHR	-4.2111
MYFA	-4.2111
RSAI	-4.2111
HURC	-4.2111
SPRO	-4.2111
SSEN	-4.2111
TRUT	-4.2111
ETON	-4.2111
NDNE	-4.2119
OLLE	-4.2119
LLIT	-4.2119
IONF	-4.2119
LBUT	-4.2119
GEDT	-4.2119
ASFO	-4.2119
DIVI	-4.2119
EFIE	-4.2119
BERT	-4.2119
RHAD	-4.2127
ATTA	-4.2127
HEEV	-4.2127
NEED	-4.2127
IHAD	-4.2127
CAND	-4.2127
NTRA	-4.2127
RENG	-4.2127
MBLE	-4.2127
IFIE	-4.2127
CKET	-4.2127
IATE	-4.2135
ERCH	-4.2135
OWNH	-4.2135
HEOL	-4.2135
DSTR	-4.2135
ONAT	-4.2143
DIRE	-4.2143
ERFR	-4.2143
YTHO	-4.2143
PHIL	-4.2143
OREC	-4.2151
SATT	-4.2151
ETCH	-4.2151
OWHO	-4.2159
IGHB	-4.2159
VESO	-4.2159
QUES	-4.2159
MESO	-4.2159
ATDO	-4.2159
CING	-4.2159
NATE	-4.2167
YALL	-4.2167
YFRO	-4.2167
RMER	-4.2167
ECTA	-4.2167
AREF	-4.2167
TMEN	-4.2167
ONEE	-4.2175
RESU	-4.2175
AINO	-4.2175
CEED	-4.2175
DTOM	-4.2175
OONA	-4.2175
UREI	-4.2175
EANA	-4.2175
SECR	-4.2175
GSTH	-4.2175
LLST	-4.2175
LORY	-4.2175
RUIT	-4.2175
NTIM	-4.2183
OLDE	-4.2183
ATRE	-4.2183
AIDM	-4.2191
ECAP	-4.2191
GREG	-4.2191
ESEV	-4.2191
NITE	-4.2199
CHOF	-4.2199
PRET	-4.2199
MPER	-4.2207
CEFO	-4.2207
SOMU	-4.2207
ORSA	-4.2207
LEHE	-4.2207
AREW	-4.2207
NDDA	-4.2207
BLIN	-4.2207
SSER	-4.2207
RDIS	-4.2207
INLY	-4.2215
NGLY	-4.2215
LTON	-4.2215
CATI	-4.2215
ITYT	-4.2215
DSIN	-4.2215
CROW	-4.2215
HERN	-4.2223
OOKS	-4.2223
ILET	-4.2223
THYG	-4.2223
ENLY	-4.2223
USNE	-4.2231
ARAT	-4.2231
THAR	-4.2231
RAID	-4.2231
WATC	-4.2231
EDWA	-4.2231
OURW	-4.2239
NGOU	-4.2239
WASP	-4.2239
YOUF	-4.2239
ALIN	-4.2239
ASAS	-4.2239
RANT	-4.2239
DTOG	-4.2239
KEDT	-4.2239
ATLE	-4.2239
RICH	-4.2248
RITY	-4.2248
DAYO	-4.2248
ILLD	-4.2248
ENUN	-4.2248
ERRI	-4.2248
RTUN	-4.2256
MOUR	-4.2256
ECOL	-4.2256
ELLY	-4.2256
THSO	-4.2256
TORY	-4.2256
TIHA	-4.2256
DTOO	-4.2264
ADMI	-4.2264
UPTO	-4.2264
OFRE	-4.2264
SOFI	-4.2264
EBES	-4.2272
RMED	-4.2272
DMAD	-4.2272
MATE	-4.2272
ATIM	-4.2272
NDSP	-4.2272
ISPR	-4.2272
RSHI	-4.2272
WNAN	-4.2280
STAK	-4.2280
ORED	-4.2280
DHET	-4.2280
SACR	-4.2280
THYF	-4.2280
TTHY	-4.2280
RANK	-4.2289
NSTO	-4.2289
HEDR	-4.2289
OSHA	-4.2289
BLED	-4.2289
ISLA	-4.2297
ELYT	-4.2297
TODA	-4.2297
GRAN	-4.2297
ONTE	-4.2297
UREL	-4.2297
GOVE	-4.2305
SSWH	-4.2305
YHER	-4.2305
CKIN	-4.2305
OHEA	-4.2305
EWIS	-4.2305
DEDA	-4.2305
FREE	-4.2305
LEME	-4.2305
EYET	-4.2305
DOFA	-4.2313
ENHI	-4.2313
OROF	-4.2313
IONH	-4.2313
SAST	-4.2313
APER	-4.2313
MEWI	-4.2313
LLIO	-4.2313
DGME	-4.2322
AREO	-4.2322
NDSU	-4.2322
EBEF	-4.2322
HESC	-4.2322
EAKI	-4.2322
HOWT	-4.2322
FRUI	-4.2322
IRCU	-4.2330
OUCA	-4.2330
ERME	-4.2330
WEET	-4.2330
INSI	-4.2330
ENCO	-4.2338
HAME	-4.2338
ICET	-4.2338
ATST	-4.2338
PREA	-4.2338
ESOR	-4.2347
EBET	-4.2347
RAGE	-4.2347
OOTH	-4.2347
SSUR	-4.2347
TENA	-4.2347
MEDO	-4.2347
MULT	-4.2347
SYME	-4.2347
BRAN	-4.2355
NDLI	-4.2355
USHE	-4.2355
NUMB	-4.2355
TOGI	-4.2355
ACEW	-4.2355
CIAN	-4.2355
BESI	-4.2355
ERLA	-4.2355
EFEL	-4.2363
ECES	-4.2363
LYCO	-4.2363
NDAF	-4.2363
EDMA	-4.2363
DBEC	-4.2363
HMEN	-4.2363
EANI	-4.2363
EDRE	-4.2363
ADES	-4.2363
RTIC	-4.2372
NGFR	-4.2372
EAMO	-4.2372
ERPE	-4.2372
UREO	-4.2372
LTER	-4.2372
LLME	-4.2372
RMEN	-4.2372
OCKE	-4.2372
ERER	-4.2380
ENWE	-4.2380
ILIT	-4.2380
TOUC	-4.2380
PEND	-4.2389
EASH	-4.2389
NSOM	-4.2389
LANT	-4.2389
SAKE	-4.2389
TUAL	-4.2397
DENC	-4.2397
LLTO	-4.2397
RYON	-4.2397
ONSW	-4.2397
EHES	-4.2397
OURM	-4.2405
EBEC	-4.2405
EHIG	-4.2405
NOTR	-4.2405
ILLC	-4.2405
TERB	-4.2405
DSTA	-4.2405
MINI	-4.2405
OOKT	-4.2405
HARI	-4.2405
MEUP	-4.2405
HEER	-4.2414
ACHA	-4.2414
STSH	-4.2414
OODO	-4.2414
RNTO	-4.2414
EROO	-4.2414
LIFT	-4.2414
OFMI	-4.2422
NDFA	-4.2422
SWIL	-4.2422
FLOW	-4.2422
NQUI	-4.2422
LSAN	-4.2422
IRTH	-4.2422
LLYE	-4.2422
NHES	-4.2422
DTUR	-4.2422
UDGM	-4.2431
STIT	-4.2431
ABLY	-4.2431
TTIM	-4.2431
ALLG	-4.2431
OFFA	-4.2431
EAFT	-4.2431
DEVI	-4.2431
TOFM	-4.2439
TATT	-4.2439
EELE	-4.2439
FESS	-4.2439
TALI	-4.2439
TART	-4.2439
IDTO	-4.2439
STST	-4.2439
THSH	-4.2439
EARK	-4.2439
AFRA	-4.2448
AREM	-4.2448
SEEK	-4.2448
THWI	-4.2448
SBEF	-4.2448
ATYE	-4.2448
OFHA	-4.2457
DPRO	-4.2457
PAST	-4.2457
VILL	-4.2457
ATWI	-4.2457
NDBY	-4.2457
DEPA	-4.2457
RVED	-4.2465
ITFO	-4.2465
ESAL	-4.2465
SINH	-4.2465
OFOU	-4.2465
ATNO	-4.2465
EOFG	-4.2474
SORR	-4.2474
ONWA	-4.2474
WERS	-4.2474
SEIN	-4.2474
STSO	-4.2474
EFAC	-4.2474
NDJO	-4.2474
LFTH	-4.2482
ELAW	-4.2482
NDEA	-4.2482
WASR	-4.2482
EMAL	-4.2482
MILY	-4.2491
DVER	-4.2491
ILLY	-4.2491
AREI	-4.2491
VIDE	-4.2491
EPLI	-4.2491
HATR	-4.2491
ERUN	-4.2491
ESWO	-4.2491
MIDS	-4.2491
SITW	-4.2500
ERON	-4.2500
BENO	-4.2500
HEAS	-4.2500
IMPO	-4.2508
OFLI	-4.2508
EMPL	-4.2508
ISCH	-4.2508
EAPP	-4.2508
HECL	-4.2508
LEVE	-4.2517
EIND	-4.2517
RSIS	-4.2517
ENON	-4.2517
STUR	-4.2517
RSOM	-4.2517
OURP	-4.2517
IONB	-4.2517
OFHO	-4.2517
ARDI	-4.2517
EEPI	-4.2517
ISDO	-4.2517
STEE	-4.2526
EHEW	-4.2526
PAIN	-4.2526
EIRO	-4.2526
TICE	-4.2526
EMER	-4.2526
EATS	-4.2534
CASE	-4.2534
TIMA	-4.2543
UHAV	-4.2543
IONE	-4.2543
NDEN	-4.2543
ORKS	-4.2543
ISGO	-4.2543
TITS	-4.2543
JOHN	-4.2543
EYCA	-4.2543
GATI	-4.2543
OFSI	-4.2552
OUSI	-4.2552
AGOO	-4.2552
YDEA	-4.2552
URPR	-4.2552
ISRE	-4.2552
TMEA	-4.2552
ENIG	-4.2552
NOTG	-4.2552
DEEP	-4.2552
ENCH	-4.2552
ELOV	-4.2561
NDDO	-4.2561
AYST	-4.2561
HEMF	-4.2561
NGCO	-4.2561
DLOO	-4.2561
DITC	-4.2561
HADE	-4.2569
ESCR	-4.2569
NHAD	-4.2569
UTES	-4.2569
EITS	-4.2569
OLAT	-4.2569
SUSA	-4.2569
ERDA	-4.2578
NCEH	-4.2578
REHA	-4.2578
OFDA	-4.2578
HSHA	-4.2578
POSI	-4.2587
TLYA	-4.2587
OREW	-4.2587
OMEF	-4.2587
LLIS	-4.2587
RFUL	-4.2596
TTOS	-4.2596
NGAB	-4.2596
UTAS	-4.2596
LBET	-4.2596
AWHI	-4.2596
DDLE	-4.2596
DYET	-4.2596
FHEA	-4.2596
NTUR	-4.2596
SCAP	-4.2596
MYSO	-4.2596
ETOD	-4.2605
EANO	-4.2605
ECUR	-4.2605
AREY	-4.2605
VEDO	-4.2605
HERG	-4.2605
INEO	-4.2605
ANIS	-4.2605
YCOU	-4.2605
SHEE	-4.2605
ELAT	-4.2605
ATEN	-4.2614
HOWA	-4.2614
SUND	-4.2614
DESC	-4.2614
TOSP	-4.2614
OMON	-4.2614
EIRP	-4.2614
REEA	-4.2622
NEHE	-4.2622
NGWA	-4.2622
YLON	-4.2622
REDW	-4.2622
ITWO	-4.2631
ETOL	-4.2631
NGHA	-4.2631
DBRO	-4.2631
ECAS	-4.2631
OGIV	-4.2631
GODW	-4.2631
RUNT	-4.2631
FFOR	-4.2640
ECTL	-4.2640
EEDS	-4.2640
ADTO	-4.2640
ENSO	-4.2640
ONYO	-4.2640
ONFI	-4.2640
RYMA	-4.2640
FACT	-4.2649
LEDI	-4.2649
FEAN	-4.2649
OBSE	-4.2649
ISDE	-4.2649
ISEN	-4.2649
ENAL	-4.2649
RENE	-4.2649
IREA	-4.2649
EDST	-4.2649
OLDH	-4.2658
EPEN	-4.2658
IDED	-4.2658
EHAR	-4.2658
HANK	-4.2658
ONEH	-4.2667
ADDE	-4.2667
SDIS	-4.2667
EASS	-4.2667
GHTN	-4.2667
ISEY	-4.2667
UTAL	-4.2667
NTOB	-4.2667
EPTH	-4.2667
DOFI	-4.2667
ESTW	-4.2667
YSER	-4.2667
GINA	-4.2667
OWNW	-4.2676
TSEL	-4.2676
TLED	-4.2676
QUAR	-4.2676
TOCA	-4.2676
ANAT	-4.2676
ETEN	-4.2676
MITT	-4.2676
UNDS	-4.2676
LTAR	-4.2676
IAHT	-4.2676
LLYA	-4.2685
BYHI	-4.2685
ISAS	-4.2685
OCON	-4.2685
NAST	-4.2685
SHEB	-4.2685
SSTR	-4.2685
ELEV	-4.2685
CRET	-4.2685
AYUN	-4.2685
ORDB	-4.2685
ETHH	-4.2685
TAGE	-4.2694
LHER	-4.2694
BEYO	-4.2694
LYAS	-4.2694
SESH	-4.2694
HEAP	-4.2694
WASE	-4.2694
LLSH	-4.2694
ALIC	-4.2694
SEDI	-4.2703
TTED	-4.2703
ENTM	-4.2703
OAST	-4.2703
URIO	-4.2703
PERA	-4.2703
SOFJ	-4.2703
NWHA	-4.2712
ITHU	-4.2712
ISAL	-4.2712
NEWI	-4.2712
NGLA	-4.2712
ONTR	-4.2712
WOME	-4.2712
ISAY	-4.2712
HERR	-4.2712
ECLA	-4.2712
ISSH	-4.2721
ERLY	-4.2721
SSIS	-4.2721
NCOU	-4.2721
SMIT	-4.2721
PPER	-4.2721
MESH	-4.2721
OMEH	-4.2721
NDPU	-4.2721
MEHE	-4.2731
ENYO	-4.2731
ERTI	-4.2731
OFBA	-4.2731
GRAC	-4.2731
LAME	-4.2731
EMBL	-4.2731
RENA	-4.2731
ATCA	-4.2740
STCO	-4.2740
UILD	-4.2740
GODI	-4.2740
APPI	-4.2749
HBUT	-4.2749
EPUT	-4.2749
EDYO	-4.2749
TPRO	-4.2749
TEDO	-4.2749
CLOT	-4.2749
VEAL	-4.2749
SILV	-4.2749
ERCA	-4.2758
REMI	-4.2758
ERFU	-4.2758
KETO	-4.2758
YOUL	-4.2758
KNES	-4.2758
ILVE	-4.2758
SAUL	-4.2758
LEDH	-4.2767
SOFG	-4.2767
BSER	-4.2767
BUSI	-4.2767
EPEA	-4.2767
EMAS	-4.2767
EMET	-4.2767
VINE	-4.2767
ONSU	-4.2776
ASYO	-4.2776
TIAM	-4.2776
VERM	-4.2776
EATU	-4.2776
SEME	-4.2776
ECOR	-4.2776
RCON	-4.2776
ONWI	-4.2776
DTAK	-4.2776
TOPR	-4.2776
EFIN	-4.2776
CHSH	-4.2776
YESA	-4.2776
AIDW	-4.2776
ERYE	-4.2786
STAY	-4.2786
HADH	-4.2786
ISFO	-4.2786
LYRE	-4.2786
IVEH	-4.2786
CONG	-4.2786
REON	-4.2786
RDWH	-4.2786
PHER	-4.2786
DLES	-4.2786
SIRE	-4.2786
URGO	-4.2786
HANI	-4.2795
ANYA	-4.2795
HEKN	-4.2795
ANDV	-4.2795
ONEB	-4.2795
ENGE	-4.2795
SSTA	-4.2804
OMEB	-4.2804
NOTP	-4.2804
ESBU	-4.2804
DESP	-4.2804
ERPR	-4.2804
ATTO	-4.2804
SEDH	-4.2813
HTLE	-4.2813
DMOS	-4.2813
PERM	-4.2813
MEUN	-4.2813
ISCI	-4.2813
YOUO	-4.2823
AFEW	-4.2823
ESBE	-4.2823
ETAK	-4.2823
PROC	-4.2823
NGUN	-4.2823
ENTB	-4.2832
MYDE	-4.2832
STAB	-4.2832
MMED	-4.2832
CTOR	-4.2832
ETIT	-4.2832
YPEO	-4.2832
EJOI	-4.2832
WHIS	-4.2832
AKEI	-4.2832
OTFO	-4.2832
GOUT	-4.2832
SCHA	-4.2832
HEEI	-4.2832
AGEA	-4.2841
EFLE	-4.2841
OOKO	-4.2841
ACRI	-4.2841
INDS	-4.2841
DESO	-4.2841
URAL	-4.2851
ULDT	-4.2851
EDHA	-4.2851
TRUS	-4.2851
DTOW	-4.2851
SHTH	-4.2851
ERNI	-4.2851
LIVI	-4.2860
RSHO	-4.2860
FOOT	-4.2860
LARE	-4.2860
OTAL	-4.2860
REED	-4.2860
STWH	-4.2870
NVER	-4.2870
NDMI	-4.2870
ILEA	-4.2870
ANBE	-4.2870
OSEW	-4.2870
INSU	-4.2870
EFLO	-4.2870
PANI	-4.2879
EPOO	-4.2879
LYFO	-4.2879
ADNE	-4.2879
PATI	-4.2879
TSHO	-4.2879
LASS	-4.2879
OUTW	-4.2879
ISHM	-4.2879
EADE	-4.2879
ACKA	-4.2879
HWHI	-4.2879
OFSH	-4.2879
LLDO	-4.2879
MINU	-4.2879
GRAV	-4.2879
TBET	-4.2889
EMOV	-4.2889
EHEL	-4.2889
ANHO	-4.2889
INAS	-4.2889
WASL	-4.2889
BEOF	-4.2889
ECLO	-4.2889
NTWH	-4.2889
NCEF	-4.2889
EETO	-4.2889
ARON	-4.2889
OTHY	-4.2889
SSOR	-4.2898
DGIV	-4.2898
NANY	-4.2898
ORGO	-4.2898
MESS	-4.2898
OFMO	-4.2898
SSHO	-4.2898
EGIV	-4.2898
WNIN	-4.2898
IMWH	-4.2898
AMBE	-4.2898
INTA	-4.2907
EROW	-4.2907
EABL	-4.2907
HATG	-4.2907
ARIT	-4.2907
ENGA	-4.2907
INUT	-4.2907
YSON	-4.2907
TICU	-4.2917
DNEV	-4.2917
OMME	-4.2917
ETAL	-4.2917
VEIN	-4.2917
SONL	-4.2917
TBEC	-4.2917
ORTE	-4.2917
OKTH	-4.2917
THYW	-4.2917
IAMS	-4.2927
SITS	-4.2927
POLI	-4.2927
TCOU	-4.2927
NTME	-4.2927
ELSA	-4.2927
ASTW	-4.2927
ETOG	-4.2936
LANC	-4.2936
EPHI	-4.2936
NEDH	-4.2936
UTON	-4.2936
TOFE	-4.2936
ANTL	-4.2936
STOS	-4.2936
SABO	-4.2936
SOEV	-4.2936
RIDE	-4.2946
UGHA	-4.2946
STIO	-4.2946
ADEH	-4.2946
LOWI	-4.2946
DSHO	-4.2946
INEN	-4.2946
EATL	-4.2946
NDTA	-4.2946
ODIS	-4.2955
DAWA	-4.2955
HOTH	-4.2955
INFO	-4.2955
RCUM	-4.2955
EREG	-4.2955
AVEC	-4.2955
NERO	-4.2965
SBAN	-4.2965
EMWH	-4.2965
THBE	-4.2965
LLGO	-4.2965
ISCA	-4.2965
ISPL	-4.2965
DMAR	-4.2965
OFAM	-4.2975
OHAD	-4.2975
DINS	-4.2975
ITHC	-4.2975
OMED	-4.2975
AYWH	-4.2975
TPER	-4.2975
OUTF	-4.2975
TOIT	-4.2975
EANG	-4.2975
ITHG	-4.2975
ILLG	-4.2975
EPIN	-4.2975
NSTE	-4.2975
HAUE	-4.2975
RDTO	-4.2984
EIRB	-4.2984
SAGE	-4.2984
OBET	-4.2984
RTOT	-4.2984
BATH	-4.2984
ONSC	-4.2994
NABL	-4.2994
YDAY	-4.2994
SESO	-4.2994
ARER	-4.2994
DIAT	-4.2994
XPEC	-4.2994
RGET	-4.2994
NDAG	-4.2994
NIST	-4.2994
ISSA	-4.2994
EALE	-4.3004
RCOU	-4.3004
TLIK	-4.3004
HOWI	-4.3004
DBES	-4.3004
TENI	-4.3004
ITNO	-4.3004
SGOO	-4.3004
HEGE	-4.3004
REDF	-4.3004
IVEM	-4.3004
PERC	-4.3013
ODIN	-4.3013
RTHR	-4.3013
YMOR	-4.3013
OBED	-4.3013
OSEN	-4.3013
ITST	-4.3013
ONBE	-4.3013
SAPP	-4.3013
NTWI	-4.3013
ANST	-4.3013
MENW	-4.3013
ENBE	-4.3023
SANT	-4.3023
ATSE	-4.3023
ALLL	-4.3023
DITA	-4.3023
NSIN	-4.3023
ORMY	-4.3023
HISV	-4.3023
DECL	-4.3023
EDEL	-4.3023
SSEE	-4.3023
HILI	-4.3023
OATS	-4.3023
EDNE	-4.3033
HADD	-4.3033
ASGO	-4.3033
ULAN	-4.3033
OLEN	-4.3033
ORMO	-4.3033
LABO	-4.3033
VESS	-4.3033
LAMB	-4.3033
FANY	-4.3043
HEVA	-4.3043
ACHO	-4.3043
USEW	-4.3043
CEHE	-4.3043
CAPE	-4.3043
EEAS	-4.3043
RLES	-4.3043
HENY	-4.3052
GUES	-4.3052
ESUP	-4.3052
LAID	-4.3052
OLDS	-4.3052
GDOM	-4.3052
NITS	-4.3052
DOUR	-4.3052
ANAS	-4.3062
ATDA	-4.3062
HUSB	-4.3062
BEAN	-4.3062
TLEY	-4.3062
LDMA	-4.3062
NUTE	-4.3062
PREP	-4.3062
ETUS	-4.3062
OCKS	-4.3062
SSIT	-4.3072
YWEL	-4.3072
DYES	-4.3072
ESMA	-4.3072
RBEA	-4.3072
KEPT	-4.3072
ATBE	-4.3072
LION	-4.3072
ONDO	-4.3082
HADC	-4.3082
SHEP	-4.3082
UNSE	-4.3082
MIES	-4.3082
DMAK	-4.3092
DIDS	-4.3092
SCOR	-4.3092
CLOU	-4.3092
ERYD	-4.3102
SMUC	-4.3102
RYTO	-4.3102
OPIN	-4.3102
OFDE	-4.3102
ERWE	-4.3102
NDSW	-4.3102
TINH	-4.3102
UNDH	-4.3102
SCAL	-4.3102
EROR	-4.3102
SAGA	-4.3102
BATT	-4.3102
OMEU	-4.3102
ESCO	-4.3102
NDJE	-4.3102
OWHI	-4.3112
RSES	-4.3112
NDTW	-4.3112
YSOU	-4.3112
OKNO	-4.3112
NGRO	-4.3112
NEAT	-4.3112
EDLI	-4.3112
RUPT	-4.3112
BITA	-4.3112
PHAR	-4.3112
ARLE	-4.3112
DANC	-4.3112
SPEN	-4.3122
VESE	-4.3122
YWHO	-4.3122
OSTO	-4.3122
TSTR	-4.3122
PREC	-4.3122
NOMA	-4.3122
ACIA	-4.3122
LETU	-4.3132
EHOR	-4.3132
CURI	-4.3132
OACH	-4.3132
DWAR	-4.3132
OVEN	-4.3132
MACI	-4.3132
LIGE	-4.3142
EACC	-4.3142
UTYO	-4.3142
REJO	-4.3142
NYOF	-4.3142
GTHI	-4.3142
WAYO	-4.3142
TCHI	-4.3142
DWEN	-4.3142
EDAW	-4.3152
INAR	-4.3152
AKEU	-4.3152
DIHA	-4.3152
APPR	-4.3152
KEHI	-4.3152
IMEN	-4.3152
OUSO	-4.3152
URNA	-4.3152
UMAN	-4.3152
HORE	-4.3152
AELT	-4.3152
DVAN	-4.3162
RETT	-4.3162
OFFT	-4.3162
BUTO	-4.3162
EAWA	-4.3162
ECRO	-4.3162
OLOR	-4.3162
GFRO	-4.3172
TONL	-4.3172
KNIG	-4.3172
LDHE	-4.3172
HELL	-4.3172
HEEX	-4.3172
SONG	-4.3172
ORAT	-4.3172
STOW	-4.3172
SLAN	-4.3172
OFEG	-4.3172
NTWO	-4.3182
NKOF	-4.3182
HIPS	-4.3182
NCEB	-4.3182
UNGM	-4.3182
TOST	-4.3182
WINE	-4.3182
UNDO	-4.3182
MWHI	-4.3182
CHWE	-4.3182
EBUR	-4.3182
SPOS	-4.3192
TURA	-4.3192
INNO	-4.3192
ROUB	-4.3192
ARNE	-4.3192
LLSO	-4.3192
NOFF	-4.3192
TRIC	-4.3192
BEAT	-4.3202
ALTO	-4.3202
ESTU	-4.3202
DSHI	-4.3213
ANCH	-4.3213
ERLI	-4.3213
CIAL	-4.3213
KEIT	-4.3213
AGIN	-4.3213
JOIN	-4.3213
ONEC	-4.3213
DCAM	-4.3213
RNAC	-4.3213
NTYO	-4.3223
QUEN	-4.3223
RMOT	-4.3223
NTAL	-4.3223
ALRE	-4.3223
EIHA	-4.3223
HEQU	-4.3223
CKTH	-4.3223
EFAI	-4.3223
TRET	-4.3223
FEGY	-4.3223
SOLI	-4.3233
OLIT	-4.3233
EYON	-4.3233
HIMN	-4.3233
DIAM	-4.3233
ADRE	-4.3233
AUTI	-4.3233
YWHA	-4.3233
ENEW	-4.3233
AREC	-4.3233
ISHT	-4.3233
CEST	-4.3233
NACL	-4.3233
AFFE	-4.3243
LTHO	-4.3243
RELE	-4.3243
FEVE	-4.3243
ACQU	-4.3243
YSAN	-4.3243
SQUI	-4.3243
ITCH	-4.3243
MERI	-4.3243
FINI	-4.3243
TOFS	-4.3243
ETSA	-4.3243
NEWA	-4.3243
EBLO	-4.3243
OTRE	-4.3243
LEDO	-4.3243
LLDE	-4.3243
PONM	-4.3243
RAHA	-4.3243
ERYP	-4.3254
EYCO	-4.3254
LLAR	-4.3254
EOFW	-4.3254
SEIT	-4.3254
LICA	-4.3254
USEE	-4.3254
ICHM	-4.3254
MEON	-4.3254
LLOU	-4.3254
HOMT	-4.3254
NEMI	-4.3254
ERSB	-4.3264
ENEX	-4.3264
OROU	-4.3264
DISH	-4.3264
LWAS	-4.3264
INUE	-4.3264
TSAY	-4.3264
ORGE	-4.3264
ONOR	-4.3264
PLEO	-4.3264
EWAN	-4.3274
EFAM	-4.3274
RANY	-4.3274
OWHA	-4.3274
FOOL	-4.3274
APTI	-4.3274
TORI	-4.3284
IFUL	-4.3284
AVEY	-4.3284
DOFF	-4.3284
URST	-4.3284
STME	-4.3284
OMOF	-4.3284
DDOW	-4.3284
ORRE	-4.3284
MWHA	-4.3284
EIRW	-4.3284
ILIS	-4.3284
TINC	-4.3295
TERD	-4.3295
TBES	-4.3295
TISI	-4.3295
SAFE	-4.3295
VITE	-4.3295
NTOR	-4.3295
TINS	-4.3295
OTSO	-4.3295
RERE	-4.3295
RAYE	-4.3295
SOLA	-4.3295
HESL	-4.3295
DHOU	-4.3305
ARDL	-4.3305
NOFS	-4.3305
OODW	-4.3305
NDPA	-4.3305
YGOO	-4.3305
TMAK	-4.3305
PURP	-4.3305
ITET	-4.3305
EMYS	-4.3305
OWTO	-4.3305
EDEE	-4.3305
DHAR	-4.3316
EBRI	-4.3316
YOND	-4.3316
EANE	-4.3316
LLWE	-4.3316
SEYO	-4.3316
NCLE	-4.3316
NOTK	-4.3316
THON	-4.3316
IAMT	-4.3316
ROLL	-4.3316
IAGE	-4.3326
NDPE	-4.3326
FORD	-4.3326
ATDE	-4.3326
RSWH	-4.3326
OFAR	-4.3326
ERYG	-4.3326
YWIL	-4.3326
DTOD	-4.3326
EYAN	-4.3326
NDGR	-4.3326
STOL	-4.3326
MMER	-4.3326
EETS	-4.3326
DOIN	-4.3337
UTIO	-4.3337
ELDE	-4.3337
NLYA	-4.3337
EPLE	-4.3337
ATIE	-4.3337
DLEA	-4.3337
ACEI	-4.3337
IMON	-4.3347
ASHO	-4.3347
SURP	-4.3347
OOSE	-4.3347
NTRE	-4.3347
YSTR	-4.3347
ERSP	-4.3358
RICA	-4.3358
NKTH	-4.3358
MAGI	-4.3358
ONBU	-4.3358
DALI	-4.3358
ISGR	-4.3358
ETME	-4.3358
YSEE	-4.3358
HELD	-4.3358
ILAN	-4.3358
BOUN	-4.3358
HEED	-4.3358
RRIA	-4.3368
RIAG	-4.3368
ALOF	-4.3368
ORST	-4.3368
LAIM	-4.3368
MREL	-4.3368
ISMI	-4.3368
LHAV	-4.3368
EWOM	-4.3368
AIDO	-4.3368
ROFA	-4.3368
UCHE	-4.3368
INSH	-4.3368
ROWS	-4.3368
ANWI	-4.3368
LSOT	-4.3368
IAND	-4.3368
TEEN	-4.3379
ASAT	-4.3379
CHEE	-4.3379
SEDB	-4.3379
GETT	-4.3379
AMER	-4.3379
ENIS	-4.3379
IQUI	-4.3379
TOUS	-4.3379
VELY	-4.3389
USBA	-4.3389
VEDI	-4.3389
STFO	-4.3389
TERF	-4.3389
TOAS	-4.3389
YNAM	-4.3389
RELA	-4.3389
ISBO	-4.3389
ONGU	-4.3389
HYGO	-4.3389
LREA	-4.3400
BUTM	-4.3400
SREA	-4.3400
FAVO	-4.3400
YBRO	-4.3400
GHBO	-4.3400
DWOR	-4.3400
ELLW	-4.3400
TSTA	-4.3400
CHAM	-4.3400
SWEA	-4.3400
EIRE	-4.3400
AMEU	-4.3400
FITS	-4.3411
LSTH	-4.3411
ESSS	-4.3411
CLAI	-4.3411
NESH	-4.3411
SEED	-4.3411
OREB	-4.3411
OUNO	-4.3411
GODH	-4.3411
INKO	-4.3421
YSOF	-4.3421
LFIN	-4.3421
NCRE	-4.3421
NTOW	-4.3421
EEWH	-4.3421
EDSA	-4.3421
UTSH	-4.3421
DASI	-4.3421
TITH	-4.3421
GHIN	-4.3421
LLWH	-4.3421
OVEA	-4.3421
FIFT	-4.3421
RULE	-4.3421
UPIN	-4.3421
BEHE	-4.3432
OVES	-4.3432
ERAG	-4.3432
NEDB	-4.3432
ASRE	-4.3432
SPEE	-4.3432
RICK	-4.3432
SAYU	-4.3432
SAWA	-4.3443
INCR	-4.3443
LEFO	-4.3443
OSIN	-4.3443
LYHE	-4.3443
ETOR	-4.3443
MENS	-4.3443
ARTY	-4.3443
ECRI	-4.3443
AMEW	-4.3443
ERDI	-4.3454
ARST	-4.3454
COLL	-4.3454
IVEL	-4.3454
ICOU	-4.3454
OSEP	-4.3454
TONC	-4.3454
TLYT	-4.3454
KSAN	-4.3454
NEDO	-4.3454
ISAW	-4.3454
URDE	-4.3454
FLAM	-4.3454
LLWI	-4.3454
ERYL	-4.3464
ERHO	-4.3464
TEAC	-4.3464
DENO	-4.3464
SMAD	-4.3464
LETM	-4.3464
LLBR	-4.3464
ISAP	-4.3464
EAMA	-4.3464
ISES	-4.3464
NSHO	-4.3464
SMAR	-4.3475
ROFE	-4.3475
OWSH	-4.3475
OTON	-4.3475
TOLO	-4.3475
UNCL	-4.3475
VICE	-4.3475
INTR	-4.3475
IMPL	-4.3475
SOFO	-4.3475
IECE	-4.3475
AYED	-4.3486
EAKE	-4.3486
OFSU	-4.3486
FFTH	-4.3486
YTOT	-4.3486
OREP	-4.3486
ULDI	-4.3486
IMHE	-4.3486
IETH	-4.3486
STEP	-4.3486
IFTE	-4.3486
EMPE	-4.3497
NGSE	-4.3497
OBLI	-4.3497
RITW	-4.3497
NHEH	-4.3497
ONEF	-4.3497
ERLE	-4.3497
EXTR	-4.3497
ELLM	-4.3497
UIRE	-4.3508
TONS	-4.3508
TEAR	-4.3508
INKT	-4.3508
GMAN	-4.3508
IMPR	-4.3508
ONHA	-4.3508
HEDU	-4.3508
OUBE	-4.3508
REDB	-4.3508
DPUT	-4.3508
NDRO	-4.3508
BERN	-4.3508
FOLD	-4.3508
IESW	-4.3519
HESM	-4.3519
DIES	-4.3519
OWSA	-4.3519
SENO	-4.3519
LEDW	-4.3519
SAMA	-4.3530
ENHA	-4.3530
CCOU	-4.3530
PERT	-4.3530
NEIG	-4.3530
ITHB	-4.3530
EHEH	-4.3530
NATH	-4.3530
TABE	-4.3530
FIGH	-4.3530
ORHA	-4.3541
RDFO	-4.3541
TCHA	-4.3541
LLBU	-4.3541
TSWH	-4.3541
YEHA	-4.3541
UCHI	-4.3552
ITNE	-4.3552
FORO	-4.3552
OWNF	-4.3552
MOUS	-4.3552
NDEL	-4.3552
LSHE	-4.3552
BUTF	-4.3552
OLDW	-4.3552
NDID	-4.3552
HEPI	-4.3552
WHOI	-4.3552
LDES	-4.3552
SALS	-4.3552
SSOO	-4.3563
LATT	-4.3563
ISIO	-4.3563
ARRE	-4.3563
SOFB	-4.3563
DONL	-4.3563
UPER	-4.3563
ESUC	-4.3563
RTAL	-4.3563
MPOS	-4.3574
EAGE	-4.3574
CTUA	-4.3574
ISPA	-4.3574
NHEW	-4.3574
LSAI	-4.3574
NSEN	-4.3574
NTBE	-4.3574
ONER	-4.3574
WYOU	-4.3574
DENL	-4.3574
ONON	-4.3585
ANAL	-4.3585
THCO	-4.3585
NDCH	-4.3585
MSUR	-4.3585
SEEH	-4.3585
TERP	-4.3585
BLEI	-4.3585
EEDA	-4.3585
DMIR	-4.3585
EINC	-4.3585
ALOU	-4.3585
TERL	-4.3585
NNES	-4.3585
IFIT	-4.3585
SIVE	-4.3585
OUSS	-4.3585
EARC	-4.3585
CRIF	-4.3585
NDMR	-4.3596
ACTE	-4.3596
DPER	-4.3596
OUWO	-4.3596
LLMY	-4.3596
OURD	-4.3596
FARM	-4.3596
ISNE	-4.3596
EDRA	-4.3596
HARG	-4.3596
DTOL	-4.3596
STOH	-4.3596
THMA	-4.3596
SCRE	-4.3596
IMBE	-4.3596
MYST	-4.3596
THYP	-4.3596
DOFE	-4.3607
LOUS	-4.3607
ESAS	-4.3607
ONMY	-4.3607
ILLW	-4.3607
VERC	-4.3607
PREV	-4.3607
INON	-4.3607
AIDB	-4.3607
EECH	-4.3607
OTCO	-4.3607
ODFO	-4.3607
KEST	-4.3607
BRIG	-4.3607
NOFJ	-4.3607
HRON	-4.3607
ENYE	-4.3618
TPRE	-4.3618
YPRO	-4.3618
THOW	-4.3618
RYBO	-4.3618
RISI	-4.3618
KYOU	-4.3618
MORT	-4.3618
HERY	-4.3618
RETA	-4.3618
IDDL	-4.3618
TMOR	-4.3618
OFWA	-4.3618
SNAM	-4.3618
SELL	-4.3618
EERE	-4.3618
EEQU	-4.3630
CEBE	-4.3630
RSTI	-4.3630
GIRL	-4.3630
BUTY	-4.3630
THEQ	-4.3630
AGED	-4.3630
NGSU	-4.3630
ERSF	-4.3630
HANH	-4.3630
VERL	-4.3630
EYMA	-4.3630
RETC	-4.3630
ABER	-4.3630
KEUN	-4.3630
ACOB	-4.3630
SOFC	-4.3641
NSUC	-4.3641
HARM	-4.3641
DOFM	-4.3641
GERA	-4.3641
SNOR	-4.3641
IPLE	-4.3641
OUTE	-4.3641
UGHB	-4.3641
OSTI	-4.3641
HAMA	-4.3641
OODB	-4.3641
NDDR	-4.3641
LOWS	-4.3641
HEES	-4.3641
ADVA	-4.3652
LLEC	-4.3652
IMAT	-4.3652
ELYA	-4.3652
INIO	-4.3652
ANUN	-4.3652
NDES	-4.3652
URRE	-4.3652
APPO	-4.3652
HEVO	-4.3652
FWHA	-4.3663
AVEF	-4.3663
GAGE	-4.3663
ISLE	-4.3663
LLON	-4.3663
OODI	-4.3663
STOC	-4.3663
SDEA	-4.3663
LLAL	-4.3675
ANYW	-4.3675
MEOU	-4.3675
EITA	-4.3675
GOTT	-4.3675
EREY	-4.3675
THWA	-4.3675
ICEI	-4.3675
LLFO	-4.3675
STOU	-4.3675
TTHR	-4.3675
RTHW	-4.3675
NGIS	-4.3675
RKNE	-4.3675
JACO	-4.3675
YMEN	-4.3686
SSAY	-4.3686
SUSP	-4.3686
TLOO	-4.3686
IRIN	-4.3686
URPO	-4.3686
ENGL	-4.3686
ECUT	-4.3686
MONS	-4.3686
THSA	-4.3686
IRON	-4.3686
OGOD	-4.3686
PTER	-4.3697
ODHO	-4.3697
ITYI	-4.3697
FSHE	-4.3697
VEFO	-4.3697
OFJO	-4.3697
RMOR	-4.3697
IMWI	-4.3697
RSET	-4.3697
AIRS	-4.3697
SWAY	-4.3697
ITER	-4.3697
ABRA	-4.3697
TOWN	-4.3709
WESH	-4.3709
BESU	-4.3709
EIRM	-4.3709
ORAM	-4.3709
IDIT	-4.3709
REDU	-4.3709
ATEO	-4.3709
NANC	-4.3709
RWIL	-4.3709
OLIC	-4.3709
CURS	-4.3709
NSEE	-4.3720
ASMU	-4.3720
UTWI	-4.3720
NTSH	-4.3720
ADHE	-4.3720
NTOG	-4.3720
GTHO	-4.3720
VEOF	-4.3720
NATT	-4.3720
SPAS	-4.3720
AGER	-4.3720
NDFE	-4.3720
EGLO	-4.3720
TESO	-4.3732
STMA	-4.3732
ANTW	-4.3732
DDIS	-4.3732
MWHE	-4.3732
MEBE	-4.3732
POST	-4.3732
ERYF	-4.3743
IEDI	-4.3743
HADR	-4.3743
GABO	-4.3743
SHIM	-4.3743
OODN	-4.3743
QUIC	-4.3743
UICK	-4.3743
OFES	-4.3743
TBEE	-4.3743
NDAY	-4.3743
USTT	-4.3743
ERRO	-4.3743
PPOI	-4.3743
EDMY	-4.3743
NGHO	-4.3755
BLEM	-4.3755
SEWI	-4.3755
EVED	-4.3755
TIFY	-4.3755
SUME	-4.3755
TIEN	-4.3755
MEAL	-4.3755
VESI	-4.3755
ANEN	-4.3755
ENCA	-4.3755
AREB	-4.3755
HSAI	-4.3755
EBYT	-4.3755
MEFR	-4.3755
LTIT	-4.3755
OLDO	-4.3755
THYB	-4.3755
BLEW	-4.3766
AYNO	-4.3766
UTFO	-4.3766
TCAN	-4.3766
ITYW	-4.3766
IMFO	-4.3766
CANA	-4.3766
THST	-4.3766
HADM	-4.3778
PINE	-4.3778
LYHA	-4.3778
ETWI	-4.3778
NDRA	-4.3778
EFRE	-4.3778
CIPL	-4.3778
RPOS	-4.3778
GTOH	-4.3778
LENG	-4.3778
SANC	-4.3778
HWER	-4.3778
OISE	-4.3778
HOUM	-4.3778
ARIO	-4.3790
EETI	-4.3790
AYHE	-4.3790
TOSH	-4.3790
WHIM	-4.3790
OTAK	-4.3790
NASS	-4.3790
GERT	-4.3790
NDGA	-4.3790
PPEN	-4.3790
PIEC	-4.3790
EBOT	-4.3790
SEDO	-4.3790
IVEI	-4.3790
EEPA	-4.3801
TOFO	-4.3801
HIRT	-4.3801
UCAN	-4.3801
MPLI	-4.3801
INNI	-4.3801
NGEN	-4.3801
NEDW	-4.3801
GRES	-4.3801
ERIV	-4.3801
EVOI	-4.3801
UILT	-4.3801
HEKE	-4.3801
ORBE	-4.3813
THDA	-4.3813
ANIM	-4.3813
AVEO	-4.3813
SBEE	-4.3813
NESO	-4.3813
DBEG	-4.3813
AILE	-4.3813
EEDT	-4.3813
UREY	-4.3813
NOIS	-4.3813
HEEP	-4.3813
EVIT	-4.3813
REDM	-4.3825
HEYE	-4.3825
IMAL	-4.3825
BROA	-4.3825
LYWI	-4.3825
LTHY	-4.3825
CLAR	-4.3825
BABY	-4.3825
ODWH	-4.3825
GRAT	-4.3836
XCEP	-4.3836
QUAI	-4.3836
ISSU	-4.3836
IWOU	-4.3836
RWOR	-4.3836
EDEC	-4.3836
RAST	-4.3836
LLWA	-4.3836
RPAR	-4.3836
DEDI	-4.3836
ERWO	-4.3836
AKEO	-4.3836
DFOU	-4.3836
WAYF	-4.3836
HADF	-4.3848
UAIN	-4.3848
DCHA	-4.3848
VENE	-4.3848
PONA	-4.3848
LCON	-4.3848
NOWE	-4.3848
KENO	-4.3848
BESA	-4.3848
CHOO	-4.3848
PROA	-4.3848
IEDH	-4.3848
CEIT	-4.3848
INTS	-4.3848
LMAK	-4.3860
SENC	-4.3860
AKEM	-4.3860
ULDA	-4.3860
YHIM	-4.3860
ASOF	-4.3860
RAGA	-4.3860
NICA	-4.3860
REUN	-4.3860
ATWO	-4.3860
TEDS	-4.3860
STWI	-4.3860
ANON	-4.3860
CATT	-4.3860
ORDC	-4.3860
AINH	-4.3872
DATH	-4.3872
LEWI	-4.3872
OMEE	-4.3872
RISO	-4.3872
ONGI	-4.3872
HBOU	-4.3872
ASEA	-4.3872
URSI	-4.3872
DRIV	-4.3872
RNAL	-4.3872
HEEF	-4.3872
EPHA	-4.3872
ROCK	-4.3872
APTE	-4.3884
ESSF	-4.3884
HHAD	-4.3884
NDIA	-4.3884
AWIN	-4.3884
MANB	-4.3884
GOTO	-4.3884
ITMA	-4.3884
NITI	-4.3884
EOUR	-4.3884
IMUS	-4.3896
ARMI	-4.3896
NCEM	-4.3896
SAMO	-4.3896
SAYS	-4.3896
OLEA	-4.3896
RECI	-4.3896
MORR	-4.3896
TONG	-4.3896
ERRA	-4.3896
JOIC	-4.3896
TASI	-4.3908
GEME	-4.3908
EWES	-4.3908
CEWI	-4.3908
DDES	-4.3908
OTIO	-4.3908
HEYR	-4.3908
FRES	-4.3908
TBEL	-4.3908
HEJU	-4.3908
ESCE	-4.3908
BYLO	-4.3908
ADIS	-4.3920
SYET	-4.3920
OWNB	-4.3920
MEMO	-4.3920
ULAT	-4.3920
LDOF	-4.3920
MEBU	-4.3920
OMER	-4.3920
YYEA	-4.3920
CLIN	-4.3920
DDED	-4.3920
EPOS	-4.3920
AROU	-4.3920
LOST	-4.3932
ALET	-4.3932
FANC	-4.3932
ATHB	-4.3932
RSEE	-4.3932
ADED	-4.3932
EOPE	-4.3932
SEEA	-4.3932
THAM	-4.3932
TEDU	-4.3944
IAMA	-4.3944
ELFO	-4.3944
ORTW	-4.3944
DETE	-4.3944
EBOA	-4.3944
YOFH	-4.3944
LEDB	-4.3944
IGNE	-4.3944
KEOF	-4.3944
IGHE	-4.3944
YSTA	-4.3944
OTSA	-4.3944
DROU	-4.3944
OPPE	-4.3944
EETA	-4.3944
CAMP	-4.3944
PHAN	-4.3944
TARS	-4.3944
AGEO	-4.3956
ARTF	-4.3956
LEWA	-4.3956
UMAY	-4.3956
LEON	-4.3956
VENU	-4.3956
YHAN	-4.3956
IDOF	-4.3956
AVEP	-4.3956
OUNC	-4.3956
ALTT	-4.3956
HEJE	-4.3956
BYAN	-4.3968
LYOF	-4.3968
ELFW	-4.3968
BUTE	-4.3968
HEMH	-4.3968
ESIS	-4.3968
TEDM	-4.3968
SAFT	-4.3968
ECOV	-4.3968
PANY	-4.3968
IRES	-4.3968
RNTH	-4.3968
NTOP	-4.3968
ATFO	-4.3968
HOUW	-4.3968
AARO	-4.3968
HAPT	-4.3980
ERPA	-4.3980
HADP	-4.3980
IALL	-4.3980
CATE	-4.3980
DHEH	-4.3980
IDSH	-4.3980
ELAD	-4.3980
WWHA	-4.3980
EOFB	-4.3980
DROP	-4.3980
ARAC	-4.3992
DUCE	-4.3992
OSTR	-4.3992
FSOM	-4.3992
ASWI	-4.3992
OTSE	-4.3992
HASA	-4.3992
EFEA	-4.3992
AKED	-4.3992
INEI	-4.3992
EDOM	-4.3992
EEPT	-4.3992
EBRA	-4.3992
NWEN	-4.3992
EENI	-4.4004
OFEV	-4.4004
TERC	-4.4004
EARH	-4.4004
PLEW	-4.4004
ECTS	-4.4004
NTOD	-4.4004
ODAY	-4.4004
ITHD	-4.4004
ESSB	-4.4004
SUPE	-4.4004
MIDD	-4.4004
OFSE	-4.4004
GELS	-4.4004
NOTY	-4.4004
TMAY	-4.4004
KEYO	-4.4004
AINB	-4.4004
SPOI	-4.4004
OUIN	-4.4004
NORS	-4.4004
ARMS	-4.4004
EBLA	-4.4004
RTHU	-4.4004
LLET	-4.4004
ADOW	-4.4017
OWOF	-4.4017
TTOD	-4.4017
EATD	-4.4017
LETE	-4.4017
NDPO	-4.4017
COLD	-4.4017
YEVE	-4.4017
RTWO	-4.4017
NARE	-4.4017
TYET	-4.4017
WNOT	-4.4017
EDIF	-4.4029
EDAB	-4.4029
PECI	-4.4029
DSEN	-4.4029
ROAC	-4.4029
TORS	-4.4029
NAWA	-4.4029
TLEO	-4.4029
OFST	-4.4029
STIF	-4.4029
TACH	-4.4041
EATM	-4.4041
CHAL	-4.4041
TERY	-4.4041
HASB	-4.4041
DECE	-4.4041
OFPE	-4.4041
ARDH	-4.4041
EIAM	-4.4041
ORCE	-4.4041
EEDE	-4.4041
ARRO	-4.4041
YRIA	-4.4041
ROMO	-4.4054
KFOR	-4.4054
MEHO	-4.4054
YPRE	-4.4054
LLYT	-4.4054
LEAT	-4.4054
MATI	-4.4054
HROW	-4.4054
CIDE	-4.4054
EJUS	-4.4054
ILLP	-4.4054
STOG	-4.4054
CTIN	-4.4054
STWA	-4.4054
PTTH	-4.4054
EJUD	-4.4054
NORW	-4.4054
NIQU	-4.4054
DJES	-4.4054
ARRA	-4.4066
KEDO	-4.4066
MAKI	-4.4066
PURS	-4.4066
OMBE	-4.4066
MHER	-4.4066
RRED	-4.4066
BEDE	-4.4066
ANAR	-4.4066
TAWA	-4.4066
TOVE	-4.4066
EHAL	-4.4066
HEGL	-4.4066
AILO	-4.4066
EIRD	-4.4066
DIED	-4.4078
WARE	-4.4078
YSTH	-4.4078
ACCE	-4.4078
VENH	-4.4078
FULA	-4.4078
BLEO	-4.4078
ETTI	-4.4078
TONA	-4.4078
UGHH	-4.4078
OMMI	-4.4078
DSTI	-4.4078
OBJE	-4.4078
RMOU	-4.4078
ALEA	-4.4078
EHUN	-4.4078
UITY	-4.4078
ATOR	-4.4078
NHAB	-4.4078
ACRO	-4.4078
ERCY	-4.4078
MARY	-4.4078
RDLY	-4.4091
YDID	-4.4091
ALAR	-4.4091
ADSO	-4.4091
EUND	-4.4091
LIND	-4.4091
EDIE	-4.4091
EAPO	-4.4091
DEGR	-4.4091
NTIT	-4.4091
WINT	-4.4091
RDAY	-4.4091
DGEO	-4.4091
BEWI	-4.4091
IETY	-4.4103
NEAS	-4.4103
LYWH	-4.4103
BEHA	-4.4103
EKNE	-4.4103
URSA	-4.4103
OFCA	-4.4103
INBE	-4.4103
KENA	-4.4103
HEGI	-4.4103
MYHE	-4.4103
RIAL	-4.4103
RDWI	-4.4103
ASTL	-4.4103
CHAI	-4.4103
RTHS	-4.4103
UENC	-4.4116
HAPE	-4.4116
DDON	-4.4116
LYON	-4.4116
ESUB	-4.4116
WARM	-4.4116
ATTI	-4.4116
SITY	-4.4116
ARDW	-4.4116
GHTM	-4.4116
HANC	-4.4128
SOLE	-4.4128
EENH	-4.4128
URSU	-4.4128
HEYL	-4.4128
NTOO	-4.4128
ITWE	-4.4128
NCHA	-4.4128
PINT	-4.4128
WETH	-4.4128
STAI	-4.4128
ESWA	-4.4128
CQUA	-4.4141
NHOU	-4.4141
INVI	-4.4141
EEXP	-4.4141
PENS	-4.4141
EAAN	-4.4141
FORN	-4.4141
SOFW	-4.4141
TIWI	-4.4141
ONME	-4.4141
TASH	-4.4141
EWED	-4.4154
HOWS	-4.4154
EELS	-4.4154
ASPE	-4.4154
INMA	-4.4154
CHMA	-4.4154
EBOR	-4.4154
ERLO	-4.4154
IGNO	-4.4154
ACKT	-4.4154
ENEI	-4.4154
SSAG	-4.4154
RSTR	-4.4154
EMOT	-4.4154
ESEW	-4.4166
LLAG	-4.4166
ETTY	-4.4166
TIFU	-4.4166
DMEA	-4.4166
OLET	-4.4166
ITBU	-4.4166
ERYC	-4.4166
SUBJ	-4.4166
UBJE	-4.4166
MANC	-4.4166
PPRO	-4.4166
OTOF	-4.4166
MEWA	-4.4166
SITE	-4.4166
NINS	-4.4166
NCHE	-4.4166
NDBA	-4.4166
OFSA	-4.4166
RPEN	-4.4166
DENS	-4.4166
PROS	-4.4179
NSTI	-4.4179
TOPO	-4.4179
IMEO	-4.4179
YWOU	-4.4179
LLEA	-4.4179
EENG	-4.4179
UGHS	-4.4179
EOFC	-4.4179
EPOR	-4.4179
ASLI	-4.4179
NTRI	-4.4179
RSEA	-4.4179
ENST	-4.4179
ISDI	-4.4179
OUIS	-4.4179
NSEL	-4.4179
ELOF	-4.4179
SATA	-4.4179
RKOF	-4.4179
EMIE	-4.4179
VERN	-4.4192
RSAT	-4.4192
SBEI	-4.4192
ACED	-4.4192
EADF	-4.4192
DFUL	-4.4192
NDTR	-4.4192
BESE	-4.4192
ODES	-4.4192
RATT	-4.4192
SHEF	-4.4192
RPER	-4.4192
UMBL	-4.4192
DPRE	-4.4192
GLAN	-4.4192
ISAI	-4.4192
ROWI	-4.4192
ODHA	-4.4192
AYSH	-4.4205
ONTA	-4.4205
OTKN	-4.4205
PROB	-4.4205
YSTE	-4.4205
USTR	-4.4205
EIRG	-4.4205
GSWH	-4.4205
JOUR	-4.4205
HUMA	-4.4205
LSHA	-4.4205
BLIG	-4.4217
EWEA	-4.4217
TFIR	-4.4217
ULDC	-4.4217
USPE	-4.4217
IMBU	-4.4217
OLUT	-4.4217
TRIE	-4.4217
OYED	-4.4217
UBLI	-4.4217
CESH	-4.4217
AREH	-4.4217
TRAC	-4.4217
DERO	-4.4217
NAMO	-4.4217
IRAN	-4.4217
FUSE	-4.4217
ARSH	-4.4230
ELEF	-4.4230
EIRL	-4.4230
TOSU	-4.4230
TOTE	-4.4230
NIMA	-4.4230
BEDI	-4.4230
BENE	-4.4230
SINN	-4.4230
NGSS	-4.4230
SALO	-4.4230
RSTT	-4.4230
CANS	-4.4230
ETNO	-4.4230
ILDA	-4.4230
POUR	-4.4230
INIQ	-4.4230
RHAV	-4.4243
IDID	-4.4243
CKOF	-4.4243
SEFO	-4.4243
ANYB	-4.4243
ENDU	-4.4243
ENMA	-4.4243
HANO	-4.4243
NGMO	-4.4243
OARD	-4.4243
SASI	-4.4243
EISH	-4.4243
RTER	-4.4243
IRWA	-4.4243
AREL	-4.4243
NKNO	-4.4243
HEAC	-4.4256
IMNO	-4.4256
AGET	-4.4256
ISWH	-4.4256
ATIA	-4.4256
HTFO	-4.4256
OSHE	-4.4256
ROFF	-4.4256
ILIA	-4.4256
XPRE	-4.4256
ERGO	-4.4256
DHEC	-4.4256
FART	-4.4256
LLPR	-4.4256
IHEA	-4.4256
ORDF	-4.4256
OVIN	-4.4256
SICK	-4.4256
EWIC	-4.4256
SEQU	-4.4269
CELL	-4.4269
EREE	-4.4269
EBOD	-4.4269
DEHI	-4.4269
REFR	-4.4269
BLIS	-4.4269
ASAC	-4.4269
EXPR	-4.4269
ICHE	-4.4269
QUIE	-4.4269
NDTE	-4.4269
LBEC	-4.4269
NSWH	-4.4269
TAFT	-4.4269
NOFG	-4.4269
OODF	-4.4269
ARKN	-4.4269
VEDH	-4.4282
TVER	-4.4282
ETSO	-4.4282
EEST	-4.4282
CLES	-4.4282
TRAT	-4.4282
OPPO	-4.4282
EDCO	-4.4282
KENT	-4.4282
HEYP	-4.4282
KINT	-4.4282
NGUE	-4.4282
ABAN	-4.4282
SOFE	-4.4295
NGOV	-4.4295
OTWI	-4.4295
OOKH	-4.4295
NOTU	-4.4295
ATAS	-4.4295
USTS	-4.4295
GWHI	-4.4295
NORD	-4.4295
EIMP	-4.4295
EBOO	-4.4295
AGUE	-4.4295
OSTE	-4.4295
HOIS	-4.4295
ROMB	-4.4295
WEEP	-4.4295
THYM	-4.4295
HEEW	-4.4295
HIRD	-4.4308
NDAM	-4.4308
YREA	-4.4308
ECHE	-4.4308
WASV	-4.4308
INGV	-4.4308
SECU	-4.4308
EITT	-4.4308
LDEN	-4.4308
LBES	-4.4308
FIRM	-4.4308
ETOC	-4.4308
BOAR	-4.4308
EDWE	-4.4308
YETT	-4.4308
ERSC	-4.4308
ARBU	-4.4308
EMFO	-4.4308
EENM	-4.4321
MOTE	-4.4321
OFCH	-4.4321
ETEM	-4.4321
ISSW	-4.4321
HEND	-4.4321
MITH	-4.4321
TOLI	-4.4321
SOUR	-4.4321
OWAL	-4.4321
MOTI	-4.4321
EBEH	-4.4321
REND	-4.4321
WONT	-4.4321
HEYF	-4.4321
OLOM	-4.4321
BERA	-4.4335
RSAL	-4.4335
TDEA	-4.4335
RKNI	-4.4335
TBEI	-4.4335
OUWE	-4.4335
SSET	-4.4335
RDON	-4.4335
ITHP	-4.4335
ALED	-4.4335
LUTE	-4.4335
ANSE	-4.4335
ADAM	-4.4335
LLCA	-4.4335
NCEN	-4.4335
EAME	-4.4335
ETHF	-4.4335
CAES	-4.4335
ERTE	-4.4348
SWES	-4.4348
MEND	-4.4348
OUWH	-4.4348
OUFO	-4.4348
IVID	-4.4348
OREL	-4.4348
LEIS	-4.4348
ANCY	-4.4348
ULDD	-4.4348
KENE	-4.4348
CEDT	-4.4348
AYFO	-4.4348
DCAL	-4.4348
TRUM	-4.4348
NGET	-4.4348
TOJE	-4.4348
ERIE	-4.4361
ONAB	-4.4361
RPOO	-4.4361
OREF	-4.4361
NEFO	-4.4361
HECU	-4.4361
RNEY	-4.4361
SOSH	-4.4361
VIOU	-4.4361
IRET	-4.4361
HETU	-4.4361
LOMO	-4.4361
DANG	-4.4374
ONNE	-4.4374
OUMU	-4.4374
TSPE	-4.4374
AYWI	-4.4374
DTWO	-4.4374
NOON	-4.4374
UPPE	-4.4374
SGRO	-4.4374
ATMO	-4.4374
NESI	-4.4374
LTNO	-4.4374
TUNE	-4.4388
LYBU	-4.4388
NSPI	-4.4388
MYOU	-4.4388
ANKS	-4.4388
HADG	-4.4388
NINA	-4.4388
TSWE	-4.4388
DUND	-4.4388
WHOA	-4.4388
SONI	-4.4388
CEWA	-4.4388
MIRA	-4.4388
OUCO	-4.4388
ATIC	-4.4388
DGRE	-4.4388
SISA	-4.4388
SHWO	-4.4388
YCAM	-4.4388
HEEO	-4.4388
TODI	-4.4401
DBYA	-4.4401
DHEL	-4.4401
THMY	-4.4401
OMEM	-4.4401
ACON	-4.4401
GINN	-4.4401
TGIV	-4.4401
ISME	-4.4401
ISUP	-4.4401
KWIT	-4.4401
ISNA	-4.4401
OLOU	-4.4401
RNAN	-4.4401
MEIS	-4.4401
SBYT	-4.4401
PTAN	-4.4401
HYFA	-4.4401
ISAB	-4.4415
PTED	-4.4415
RMIS	-4.4415
TNIG	-4.4415
MAID	-4.4415
NDSM	-4.4415
ODUC	-4.4415
SHAK	-4.4415
ANYS	-4.4415
NHAV	-4.4415
SLOW	-4.4415
SCHI	-4.4415
RBRE	-4.4415
DSPA	-4.4415
IPPE	-4.4415
SBRE	-4.4415
EYBE	-4.4415
VIOL	-4.4415
TGOD	-4.4415
SUAL	-4.4428
OSTT	-4.4428
ELLH	-4.4428
HMAN	-4.4428
ESFR	-4.4428
SFEE	-4.4428
NINE	-4.4428
DIND	-4.4428
NAGA	-4.4428
AIRA	-4.4428
ROUT	-4.4428
NEBU	-4.4428
EADW	-4.4428
FTED	-4.4428
BURS	-4.4428
SDOM	-4.4428
ULTH	-4.4442
UWOU	-4.4442
SBEC	-4.4442
SLIG	-4.4442
RODU	-4.4442
EBAR	-4.4442
OBAB	-4.4442
DGET	-4.4442
YARD	-4.4442
LLYI	-4.4442
EDDO	-4.4442
OWIS	-4.4442
EGOT	-4.4442
ERDO	-4.4442
AIRF	-4.4442
EATW	-4.4442
TOBA	-4.4442
CEND	-4.4442
ATHD	-4.4442
IAHA	-4.4442
EEDO	-4.4455
ITUA	-4.4455
EPTI	-4.4455
NLYS	-4.4455
MPAS	-4.4455
YSAY	-4.4455
SEHI	-4.4455
RADE	-4.4455
TYTO	-4.4455
TDIS	-4.4455
INDH	-4.4455
NOWB	-4.4455
EVAL	-4.4455
ROME	-4.4455
MAGE	-4.4455
NUPO	-4.4455
TILE	-4.4455
DDAV	-4.4455
KEDH	-4.4469
NTEL	-4.4469
ATIV	-4.4469
BUTL	-4.4469
EBAC	-4.4469
WAYW	-4.4469
MELE	-4.4469
FRIG	-4.4469
ESUM	-4.4469
THAP	-4.4469
IEDW	-4.4469
EIRT	-4.4469
ADFO	-4.4469
OBLE	-4.4469
AKER	-4.4469
GRAS	-4.4469
HADL	-4.4482
SEWE	-4.4482
OPRO	-4.4482
LFTO	-4.4482
PTIO	-4.4482
SUCC	-4.4482
ILLF	-4.4482
VAIN	-4.4482
AMNO	-4.4482
ILLR	-4.4482
IANT	-4.4482
RNER	-4.4482
EXPL	-4.4482
CTTH	-4.4482
NTHR	-4.4482
ESLA	-4.4482
STUB	-4.4482
SITA	-4.4496
ADAL	-4.4496
EIRA	-4.4496
DESE	-4.4496
GOTH	-4.4496
ALLU	-4.4496
ESTL	-4.4496
AINF	-4.4496
ROBA	-4.4496
NINH	-4.4496
SAWH	-4.4496
RROR	-4.4496
HTEN	-4.4496
TLEB	-4.4496
HDAY	-4.4496
UTED	-4.4496
NCAM	-4.4496
ECTT	-4.4496
ENME	-4.4496
TPLA	-4.4496
ORWI	-4.4496
DISE	-4.4496
VERF	-4.4510
ASVE	-4.4510
INWE	-4.4510
YBEA	-4.4510
NWIL	-4.4510
NITW	-4.4510
GUNT	-4.4510
DAMO	-4.4510
TBEH	-4.4510
DANO	-4.4510
DAYW	-4.4510
ASSW	-4.4510
FMEN	-4.4510
DMYS	-4.4510
ODSA	-4.4510
SYRI	-4.4510
BRAH	-4.4510
OFGR	-4.4524
ANIO	-4.4524
DSUC	-4.4524
INWA	-4.4524
DEDH	-4.4524
RAFT	-4.4524
EDMO	-4.4524
TSUC	-4.4524
TTAK	-4.4524
ERDE	-4.4524
ITWH	-4.4524
MPRE	-4.4524
DITH	-4.4524
DCOU	-4.4524
TOUR	-4.4524
HFUL	-4.4524
RPRE	-4.4524
NUED	-4.4524
DIAN	-4.4524
BONE	-4.4524
TUBB	-4.4524
NTAG	-4.4537
EALM	-4.4537
DIDT	-4.4537
RILY	-4.4537
UMUS	-4.4537
DSWH	-4.4537
TMIG	-4.4537
WAYI	-4.4537
DASS	-4.4537
EFAR	-4.4537
IMEI	-4.4537
ITHR	-4.4537
ASHW	-4.4537
HWOO	-4.4537
AELS	-4.4537
NSCI	-4.4551
BITS	-4.4551
ADMA	-4.4551
HEOR	-4.4551
ELFS	-4.4551
MYCO	-4.4551
KEHE	-4.4551
THYE	-4.4551
LITI	-4.4551
LIBE	-4.4551
AVEG	-4.4551
ESTM	-4.4551
SCAM	-4.4551
SEMB	-4.4551
OUTB	-4.4551
PETH	-4.4551
TENC	-4.4565
INDU	-4.4565
AULT	-4.4565
TYIN	-4.4565
LESI	-4.4565
OFAC	-4.4565
NMAN	-4.4565
ESIL	-4.4565
SFIE	-4.4565
ELLB	-4.4565
OUTM	-4.4565
ETYO	-4.4565
HEHU	-4.4565
NDAC	-4.4565
NGWO	-4.4565
INME	-4.4565
SIHA	-4.4565
LLTA	-4.4565
ANCT	-4.4565
DBRI	-4.4565
THYC	-4.4565
ETTL	-4.4579
AYOU	-4.4579
LUCK	-4.4579
RTIO	-4.4579
APAR	-4.4579
CURE	-4.4579
EDAM	-4.4579
UIET	-4.4579
RSWI	-4.4579
AMOR	-4.4579
EENF	-4.4579
ROCE	-4.4579
BUST	-4.4579
SPEO	-4.4579
GSHA	-4.4579
OWEL	-4.4593
OBER	-4.4593
SEPA	-4.4593
NECE	-4.4593
CHAT	-4.4593
TLEW	-4.4593
YOUG	-4.4593
SSWO	-4.4593
ASET	-4.4593
LENO	-4.4593
OLES	-4.4593
ESTF	-4.4593
SMUS	-4.4593
INCH	-4.4593
NOBL	-4.4593
AMEF	-4.4593
CUBI	-4.4593
ANEA	-4.4607
TOKE	-4.4607
ADSA	-4.4607
EINF	-4.4607
HANE	-4.4607
SELE	-4.4607
UGHO	-4.4607
ISTS	-4.4607
VERO	-4.4607
PATH	-4.4607
RONA	-4.4607
POON	-4.4607
WHEE	-4.4607
THYL	-4.4607
ESTB	-4.4621
FULT	-4.4621
ASAB	-4.4621
STSE	-4.4621
DSPE	-4.4621
WHOC	-4.4621
AVEW	-4.4621
ERYA	-4.4621
UCHS	-4.4621
TLEF	-4.4621
TEAS	-4.4621
NTSW	-4.4621
OTST	-4.4621
OTWH	-4.4621
SEAL	-4.4621
OLLY	-4.4621
AMOM	-4.4621
THOL	-4.4621
ONDA	-4.4621
GODB	-4.4621
NGRA	-4.4635
RFRI	-4.4635
NTIR	-4.4635
MSTA	-4.4635
HANS	-4.4635
SPLE	-4.4635
ORIF	-4.4635
ESLI	-4.4635
ELEG	-4.4635
RIOR	-4.4635
UNNI	-4.4635
SJUS	-4.4635
AIME	-4.4635
NDBL	-4.4635
EARY	-4.4635
ATSI	-4.4635
TBYT	-4.4635
ISFE	-4.4635
LLGI	-4.4635
YMOU	-4.4635
NEER	-4.4635
ETHN	-4.4635
HORN	-4.4635
ABYL	-4.4635
NBEF	-4.4649
NWER	-4.4649
EASY	-4.4649
INFA	-4.4649
NAFT	-4.4649
OWSO	-4.4649
NGLO	-4.4649
ASDE	-4.4649
CHME	-4.4649
REAB	-4.4649
YPLA	-4.4649
ELOW	-4.4649
LEHA	-4.4649
ITEW	-4.4649
LDIE	-4.4649
AYER	-4.4649
EARW	-4.4649
TOWE	-4.4649
DTHU	-4.4649
ATEI	-4.4664
AGEN	-4.4664
YTOB	-4.4664
IREL	-4.4664
ECIA	-4.4664
KTHA	-4.4664
IMAS	-4.4664
TTOO	-4.4664
MHEA	-4.4664
FICI	-4.4664
ASIO	-4.4664
INCL	-4.4664
AFOR	-4.4664
PEAT	-4.4664
LSEE	-4.4664
RKEN	-4.4664
JANE	-4.4678
TPAR	-4.4678
LLNE	-4.4678
EDUS	-4.4678
UETH	-4.4678
PINI	-4.4678
MRKN	-4.4678
AIDE	-4.4678
SOLU	-4.4678
TIAL	-4.4678
IMAY	-4.4678
NTOC	-4.4678
LDYO	-4.4678
OWYO	-4.4678
DUST	-4.4678
OWBE	-4.4678
SFUL	-4.4678
HWHE	-4.4678
TICK	-4.4678
BLEF	-4.4692
ORMI	-4.4692
OTEL	-4.4692
TENO	-4.4692
ANSO	-4.4692
ISUN	-4.4692
ELDS	-4.4692
WERT	-4.4692
RLAN	-4.4692
SCOV	-4.4692
CRIB	-4.4692
LOWT	-4.4692
STSI	-4.4692
SONW	-4.4692
THOM	-4.4692
TMAD	-4.4692
ISAT	-4.4692
TOPP	-4.4692
DOMA	-4.4692
SEES	-4.4692
ERIL	-4.4692
MITE	-4.4692
SEUP	-4.4692
LIOT	-4.4692
STOA	-4.4707
IRTY	-4.4707
OTAS	-4.4707
SHEK	-4.4707
WEDT	-4.4707
ESES	-4.4707
ASID	-4.4707
ITUP	-4.4707
TITA	-4.4707
LLSU	-4.4707
NOUT	-4.4707
ORNA	-4.4707
SRIG	-4.4707
EEXC	-4.4707
IOLE	-4.4707
DTOC	-4.4721
SPIT	-4.4721
NGEA	-4.4721
ASAF	-4.4721
INQU	-4.4721
IFET	-4.4721
FWHI	-4.4721
DOFS	-4.4721
LLES	-4.4721
ETOU	-4.4721
UCTI	-4.4721
ATIF	-4.4721
OFAB	-4.4721
OORS	-4.4721
EAIR	-4.4721
TABO	-4.4721
YSTO	-4.4721
TISS	-4.4721
SOFD	-4.4721
SOHE	-4.4721
MYMO	-4.4721
NTUP	-4.4721
ROFH	-4.4735
RYWH	-4.4735
MPAR	-4.4735
NDBO	-4.4735
BLUE	-4.4735
GSHE	-4.4735
WRON	-4.4735
LLAT	-4.4735
REVI	-4.4735
SOFP	-4.4735
FHOS	-4.4735
SHUT	-4.4735
DINN	-4.4750
INDN	-4.4750
ONSS	-4.4750
KEDI	-4.4750
URHE	-4.4750
ELSO	-4.4750
ISLO	-4.4750
RWAY	-4.4750
HEIM	-4.4750
ENAR	-4.4750
DOWS	-4.4750
USHO	-4.4750
ICEW	-4.4750
ICHO	-4.4750
TUPT	-4.4750
LSOA	-4.4750
AYFR	-4.4750
RGIV	-4.4750
IEDO	-4.4750
BARE	-4.4750
SEAA	-4.4750
WITN	-4.4750
RUSH	-4.4750
LECO	-4.4764
TOSI	-4.4764
ERYH	-4.4764
TMUS	-4.4764
DWER	-4.4764
HFRO	-4.4764
OULI	-4.4764
HICK	-4.4764
HENM	-4.4764
NSEA	-4.4764
GHAN	-4.4764
CEBU	-4.4764
NSET	-4.4764
EAVI	-4.4764
TAKI	-4.4764
ICHC	-4.4764
WAKE	-4.4764
GWAS	-4.4764
ASCA	-4.4764
HETS	-4.4764
LGIV	-4.4764
ARVE	-4.4764
SCIP	-4.4764
ALFA	-4.4779
UCHO	-4.4779
AMEL	-4.4779
DTOP	-4.4779
TOMI	-4.4779
CTUR	-4.4779
EHEN	-4.4779
PHIS	-4.4779
EINI	-4.4779
ANHI	-4.4779
THHA	-4.4779
OLIS	-4.4779
SLET	-4.4779
MENI	-4.4779
OUDI	-4.4779
IGNA	-4.4779
RDHE	-4.4779
HEOP	-4.4779
OEST	-4.4779
ENJO	-4.4794
NOVE	-4.4794
ORCO	-4.4794
NENT	-4.4794
EXAC	-4.4794
XACT	-4.4794
REEL	-4.4794
SQUA	-4.4794
RAMO	-4.4794
NFIN	-4.4794
TSTI	-4.4794
EDAF	-4.4794
EOFY	-4.4794
RICE	-4.4794
ALSE	-4.4794
DEFI	-4.4794
ISER	-4.4794
FFIN	-4.4794
OWES	-4.4794
BLOW	-4.4794
ISAR	-4.4794
EFIL	-4.4794
BRUT	-4.4794
STHY	-4.4794
SIND	-4.4808
LDIS	-4.4808
LYDE	-4.4808
ODWI	-4.4808
AMSU	-4.4808
ATEF	-4.4808
RIBL	-4.4808
OUSW	-4.4808
NOIN	-4.4808
INWI	-4.4808
HMOR	-4.4808
LBEF	-4.4808
MERS	-4.4808
SSPE	-4.4808
EIWI	-4.4808
EDOV	-4.4808
GDOW	-4.4808
NGSP	-4.4808
DALS	-4.4808
ITHL	-4.4808
NEYA	-4.4808
TIAN	-4.4808
LERS	-4.4808
ASMO	-4.4823
DEVO	-4.4823
GTOA	-4.4823
MFRO	-4.4823
TISW	-4.4823
AWOR	-4.4823
SMIN	-4.4823
AGEM	-4.4823
ANEV	-4.4823
LEYO	-4.4823
EHEI	-4.4823
ESPR	-4.4823
AESA	-4.4823
YOUP	-4.4838
ISVE	-4.4838
OFMR	-4.4838
IZED	-4.4838
HEDH	-4.4838
SCHO	-4.4838
ODEA	-4.4838
IRRE	-4.4838
APPL	-4.4838
LICI	-4.4838
POIL	-4.4838
OORA	-4.4838
LESW	-4.4838
CEDA	-4.4838
LDHI	-4.4838
EAKT	-4.4838
TILT	-4.4838
HOUD	-4.4838
HADI	-4.4853
SLIF	-4.4853
ACEF	-4.4853
TORA	-4.4853
FONE	-4.4853
DITT	-4.4853
TOKN	-4.4853
NEWT	-4.4853
SGOD	-4.4853
DCAR	-4.4853
USTN	-4.4853
OTTA	-4.4853
LDON	-4.4853
RADI	-4.4853
LIAN	-4.4853
LDSA	-4.4853
NDSL	-4.4853
NONT	-4.4853
UNCE	-4.4853
AIDF	-4.4853
THGO	-4.4853
HEEB	-4.4853
LORI	-4.4868
INSP	-4.4868
DAYI	-4.4868
MOON	-4.4868
ELYS	-4.4868
URAG	-4.4868
ADSE	-4.4868
CHTO	-4.4868
ADCO	-4.4868
EEMS	-4.4868
ITEL	-4.4868
TDES	-4.4868
PHRA	-4.4868
YWEN	-4.4868
AYES	-4.4868
WISD	-4.4868
UNGE	-4.4883
UROF	-4.4883
HART	-4.4883
ORFO	-4.4883
EAGR	-4.4883
ROVI	-4.4883
IROW	-4.4883
MTHI	-4.4883
OFLA	-4.4883
INSE	-4.4883
ONGW	-4.4883
EPHE	-4.4883
ATIH	-4.4883
DFIN	-4.4883
SBET	-4.4883
TMOS	-4.4883
LLER	-4.4883
GREY	-4.4883
TTAC	-4.4898
LYSA	-4.4898
ISFR	-4.4898
EENC	-4.4898
GOFA	-4.4898
FWIT	-4.4898
HHEH	-4.4898
LDCO	-4.4898
PLEN	-4.4898
FLOO	-4.4898
DNOR	-4.4898
BUTB	-4.4898
IMPA	-4.4898
IMSA	-4.4898
USSE	-4.4898
ARAO	-4.4898
JEHO	-4.4898
DBYH	-4.4913
EDMR	-4.4913
OESN	-4.4913
SOMA	-4.4913
EPUR	-4.4913
VATI	-4.4913
EPAI	-4.4913
SHME	-4.4913
SUMM	-4.4913
ICTI	-4.4913
NNOW	-4.4913
WELV	-4.4913
ERIA	-4.4913
HESK	-4.4913
LIPS	-4.4913
INOU	-4.4913
MTHO	-4.4913
TAIL	-4.4913
WILT	-4.4913
RETI	-4.4913
IERC	-4.4913
ELIF	-4.4913
AMAR	-4.4913
SHAT	-4.4913
EBAN	-4.4913
FIER	-4.4913
RAOH	-4.4913
GERO	-4.4928
HEFU	-4.4928
PPRE	-4.4928
HTIT	-4.4928
EDAU	-4.4928
DATI	-4.4928
TDID	-4.4928
FINT	-4.4928
SSTI	-4.4928
GSAI	-4.4928
NTAS	-4.4928
ENNO	-4.4928
NHUN	-4.4928
SMOU	-4.4928
ITEO	-4.4943
RRAN	-4.4943
ATFI	-4.4943
IHOP	-4.4943
UCCE	-4.4943
HASE	-4.4943
MSAN	-4.4943
ORON	-4.4943
LITE	-4.4943
EDEN	-4.4943
OSTH	-4.4943
ORGI	-4.4943
ANWA	-4.4943
GROV	-4.4943
EHOS	-4.4943
IBES	-4.4943
ARPO	-4.4943
YDIS	-4.4958
ENOM	-4.4958
TMAR	-4.4958
TSFO	-4.4958
OBEC	-4.4958
RRIB	-4.4958
UFOR	-4.4958
NTOE	-4.4958
REPO	-4.4958
THUR	-4.4958
WAVE	-4.4958
UREW	-4.4958
ORTY	-4.4958
IMED	-4.4958
EDOR	-4.4958
STIS	-4.4958
AHAM	-4.4958
ODBE	-4.4958
EESA	-4.4958
HARL	-4.4958
RMAR	-4.4973
DINE	-4.4973
USUA	-4.4973
HORR	-4.4973
SACC	-4.4973
PROU	-4.4973
REOV	-4.4973
ENTD	-4.4973
IRHE	-4.4973
SINO	-4.4973
UCHM	-4.4973
THFU	-4.4973
IDWH	-4.4973
NASH	-4.4973
EISS	-4.4973
FIGU	-4.4973
IGUR	-4.4973
GURE	-4.4973
OMIT	-4.4973
YSIN	-4.4973
CORR	-4.4973
THSE	-4.4973
FTTH	-4.4973
TALS	-4.4973
MSHA	-4.4973
LARS	-4.4973
SELS	-4.4973
SEPH	-4.4973
YATT	-4.4989
NOWO	-4.4989
EALW	-4.4989
ASES	-4.4989
EHAP	-4.4989
TIND	-4.4989
TOBR	-4.4989
NLIK	-4.4989
TOIN	-4.4989
FCOU	-4.4989
RRES	-4.4989
GSTO	-4.4989
EOFO	-4.4989
LDWH	-4.4989
SOFL	-4.4989
HEOF	-4.4989
ULDG	-4.4989
TEWH	-4.4989
OTHT	-4.4989
UTBE	-4.4989
KEWI	-4.4989
EDED	-4.4989
OLVE	-4.4989
FEAS	-4.4989
HISK	-4.4989
FLED	-4.4989
LOUG	-4.4989
MMEN	-4.5004
EOFE	-4.5004
TUND	-4.5004
ENBU	-4.5004
DANA	-4.5004
ASLO	-4.5004
ERRY	-4.5004
MALE	-4.5004
MODE	-4.5004
OWST	-4.5004
SMEN	-4.5004
ELFB	-4.5004
NMEA	-4.5004
HESY	-4.5004
INAB	-4.5004
LEND	-4.5004
RUCT	-4.5004
LLEY	-4.5004
BUCK	-4.5004
ECTO	-4.5020
ONEV	-4.5020
OREN	-4.5020
GHTU	-4.5020
STUN	-4.5020
AUNT	-4.5020
SLOO	-4.5020
NDSC	-4.5020
EDHO	-4.5020
ESLE	-4.5020
ADYT	-4.5020
LEBE	-4.5020
EAMI	-4.5020
DAMA	-4.5020
RRUP	-4.5020
HAMB	-4.5020
SLAI	-4.5020
EJEW	-4.5020
RTOH	-4.5035
LECH	-4.5035
UENT	-4.5035
FITT	-4.5035
ICED	-4.5035
YWAY	-4.5035
DDID	-4.5035
YOTH	-4.5035
PUBL	-4.5035
MEVE	-4.5035
DBEN	-4.5035
ERMY	-4.5035
VILI	-4.5035
OSEH	-4.5035
REBY	-4.5035
FRON	-4.5035
RLET	-4.5035
LBRI	-4.5035
EVES	-4.5035
LSAY	-4.5035
PULL	-4.5035
TEIN	-4.5051
YPER	-4.5051
IVEY	-4.5051
LIAR	-4.5051
EEVI	-4.5051
OUAL	-4.5051
ELIC	-4.5051
RYWE	-4.5051
EMES	-4.5051
BILI	-4.5051
PAIR	-4.5051
ATME	-4.5051
OWOR	-4.5051
OFFO	-4.5051
IGNI	-4.5051
ARKS	-4.5051
UEEN	-4.5051
NEMY	-4.5051
ELAM	-4.5051
BOTT	-4.5051
PTIV	-4.5051
LOUI	-4.5051
ALTN	-4.5051
NGES	-4.5066
ISEO	-4.5066
CTER	-4.5066
LKNO	-4.5066
NYMO	-4.5066
KSOF	-4.5066
ONDT	-4.5066
ONCO	-4.5066
ASFA	-4.5066
TLYS	-4.5066
NARY	-4.5066
NACC	-4.5066
FULF	-4.5066
ROMW	-4.5066
THBU	-4.5066
ENET	-4.5066
OOLI	-4.5066
EYRE	-4.5066
SENG	-4.5066
DMET	-4.5066
NOWM	-4.5066
VESW	-4.5066
ACER	-4.5066
ERAR	-4.5066
BIRD	-4.5066
NTOJ	-4.5066
HOSO	-4.5066
ILOR	-4.5066
ULLS	-4.5066
SHUA	-4.5066
YMEA	-4.5082
RSOL	-4.5082
LADI	-4.5082
ONEN	-4.5082
LTIN	-4.5082
LYDI	-4.5082
PEDT	-4.5082
NCTI	-4.5082
ARKA	-4.5082
OMWH	-4.5082
INAM	-4.5082
AREG	-4.5082
LEBU	-4.5082
GNED	-4.5082
NCIN	-4.5082
RDBE	-4.5082
CALM	-4.5082
SFAI	-4.5082
MOFT	-4.5082
ELEC	-4.5082
VENG	-4.5082
SSTE	-4.5082
IBEO	-4.5082
FJER	-4.5082
DUPT	-4.5098
YMUC	-4.5098
HALI	-4.5098
EATC	-4.5098
HURR	-4.5098
ISBU	-4.5098
HSOM	-4.5098
RELL	-4.5098
VIEW	-4.5098
FORF	-4.5098
IBER	-4.5098
FASH	-4.5098
DECI	-4.5098
OFON	-4.5098
ONFE	-4.5098
SANS	-4.5098
ELIS	-4.5098
SALI	-4.5098
TSID	-4.5098
YMAY	-4.5098
OFBR	-4.5098
DHED	-4.5098
EMWI	-4.5098
ULLE	-4.5098
TONW	-4.5113
MRSW	-4.5113
ONGO	-4.5113
UMEN	-4.5113
NORE	-4.5113
OFPR	-4.5113
RALI	-4.5113
OUSP	-4.5113
IXED	-4.5113
RINE	-4.5113
RFAC	-4.5113
LHEA	-4.5113
MRSJ	-4.5113
TOEN	-4.5113
INVA	-4.5113
RTON	-4.5113
THIC	-4.5113
ENUM	-4.5113
MYGO	-4.5113
UISA	-4.5113
ECLE	-4.5129
ERSM	-4.5129
BYHE	-4.5129
HTED	-4.5129
RGOT	-4.5129
GINE	-4.5129
VECO	-4.5129
NENO	-4.5129
URIE	-4.5129
HEBI	-4.5129
SFAR	-4.5129
INCI	-4.5129
NEDF	-4.5129
HASH	-4.5129
OTGO	-4.5129
NOWY	-4.5129
RPRO	-4.5129
TOWI	-4.5129
LICT	-4.5129
APED	-4.5129
EMAK	-4.5129
THYH	-4.5129
ALLK	-4.5129
SHOP	-4.5129
UMPE	-4.5129
THDE	-4.5129
HORI	-4.5145
MWHO	-4.5145
MHIM	-4.5145
ATDI	-4.5145
LLSI	-4.5145
RHEW	-4.5145
NABO	-4.5145
UMST	-4.5145
UTAT	-4.5145
MPOR	-4.5145
ELFE	-4.5145
DSWE	-4.5145
INKE	-4.5145
SGIV	-4.5145
ERAC	-4.5145
UNCO	-4.5145
DICA	-4.5145
SEDW	-4.5145
NELI	-4.5145
LWHE	-4.5145
ERAM	-4.5145
YKNO	-4.5145
OSOM	-4.5145
OKOF	-4.5145
BEDO	-4.5145
UTSO	-4.5145
SONH	-4.5145
DREW	-4.5145
MUSI	-4.5145
HEAI	-4.5145
TISM	-4.5145
FLIC	-4.5145
SOUG	-4.5145
FINA	-4.5145
ORCH	-4.5145
ASAG	-4.5161
LYWA	-4.5161
TLEC	-4.5161
ISSP	-4.5161
GOAN	-4.5161
ARDF	-4.5161
RETE	-4.5161
APRO	-4.5161
NPRO	-4.5161
ODTO	-4.5161
ADON	-4.5161
LDST	-4.5161
DACC	-4.5161
FFLI	-4.5161
RSID	-4.5161
USWH	-4.5161
NEEY	-4.5161
AREP	-4.5177
LERA	-4.5177
ORIS	-4.5177
ATMY	-4.5177
ESSP	-4.5177
ITCO	-4.5177
LLYS	-4.5177
EOFL	-4.5177
SPRA	-4.5177
ROUD	-4.5177
EVOU	-4.5177
RVIC	-4.5177
OMEL	-4.5177
GEDA	-4.5177
DASA	-4.5177
WFOR	-4.5177
EOFP	-4.5177
NEWS	-4.5177
CREW	-4.5177
ATSU	-4.5177
BETO	-4.5177
LWHI	-4.5177
LOWA	-4.5177
ENTC	-4.5177
ESMO	-4.5177
CKTO	-4.5177
RIAM	-4.5177
IPRA	-4.5177
ILLL	-4.5177
JEWS	-4.5177
SITU	-4.5193
ASAM	-4.5193
LNES	-4.5193
ASIL	-4.5193
OSEI	-4.5193
OMAR	-4.5193
HTNO	-4.5193
HISU	-4.5193
STWE	-4.5193
URSO	-4.5193
DSET	-4.5193
ICER	-4.5193
VINC	-4.5193
LIGI	-4.5193
SERI	-4.5193
DGED	-4.5193
UBIT	-4.5193
EPTT	-4.5193
GGED	-4.5193
DNIG	-4.5193
IERS	-4.5193
TOEA	-4.5209
SOCI	-4.5209
CCEP	-4.5209
YTHR	-4.5209
LASH	-4.5209
CUMS	-4.5209
IDYO	-4.5209
INEW	-4.5209
SLON	-4.5209
RSAR	-4.5209
SMAY	-4.5209
ANGU	-4.5209
ROTE	-4.5209
ISOF	-4.5209
TOPE	-4.5209
AYSI	-4.5209
BUTC	-4.5209
AFFL	-4.5209
ASTB	-4.5209
INDL	-4.5209
LLDI	-4.5209
VENW	-4.5209
HOWH	-4.5209
OETH	-4.5209
HOUB	-4.5209
ISAG	-4.5225
CTOF	-4.5225
VEYE	-4.5225
ESYO	-4.5225
ATGO	-4.5225
DIDI	-4.5225
DONA	-4.5225
GATT	-4.5225
EBLE	-4.5225
TSON	-4.5225
DEDW	-4.5225
DERH	-4.5225
CERE	-4.5225
EXCL	-4.5225
EPAN	-4.5225
TTOW	-4.5225
ENNI	-4.5225
ISRI	-4.5225
MYPE	-4.5225
SEHA	-4.5242
SAGR	-4.5242
RRYI	-4.5242
EFEE	-4.5242
INKS	-4.5242
HOWM	-4.5242
IDAR	-4.5242
ASOR	-4.5242
ICIO	-4.5242
ONNO	-4.5242
RUCK	-4.5242
ARMO	-4.5242
SOAN	-4.5242
REWO	-4.5242
YTOO	-4.5242
ELYI	-4.5242
TEAT	-4.5242
ATHH	-4.5242
TISE	-4.5242
EBEN	-4.5242
BERO	-4.5242
RSCO	-4.5242
DMIS	-4.5258
NGWE	-4.5258
ACKE	-4.5258
DHAS	-4.5258
IVEO	-4.5258
PROD	-4.5258
ADVE	-4.5258
TAPP	-4.5258
OFLO	-4.5258
DHEI	-4.5258
EINM	-4.5258
AVOI	-4.5258
SORE	-4.5258
WEWI	-4.5258
OVEI	-4.5258
NOUN	-4.5258
LTAK	-4.5258
OSAI	-4.5258
OUNS	-4.5258
LEDF	-4.5258
FFRO	-4.5258
LSTO	-4.5258
SDON	-4.5258
UINE	-4.5258
THYT	-4.5258
JOSE	-4.5258
ATPR	-4.5274
EGON	-4.5274
FMIN	-4.5274
MESI	-4.5274
SEBU	-4.5274
LETI	-4.5274
OCCU	-4.5274
IRHA	-4.5274
SNEI	-4.5274
EENW	-4.5274
OSEO	-4.5274
MART	-4.5274
GWHA	-4.5274
KEDN	-4.5274
PWIT	-4.5274
IMSO	-4.5274
UROW	-4.5274
HENR	-4.5274
UEAN	-4.5274
ASCE	-4.5274
TWOT	-4.5274
BERS	-4.5274
TENS	-4.5274
RNOW	-4.5274
MSAY	-4.5274
DOFG	-4.5274
ALIA	-4.5274
ETHW	-4.5274
PAUL	-4.5274
AMOU	-4.5291
TARY	-4.5291
WEEK	-4.5291
NCIE	-4.5291
SOFR	-4.5291
ARLO	-4.5291
ESSL	-4.5291
DANY	-4.5291
NASI	-4.5291
FITA	-4.5291
WWHE	-4.5291
FING	-4.5291
SATH	-4.5291
KENI	-4.5291
NALI	-4.5291
HINA	-4.5291
MECO	-4.5291
ACKS	-4.5291
EDBA	-4.5291
RAIM	-4.5291
DECK	-4.5291
DPLA	-4.5307
RINH	-4.5307
CHOT	-4.5307
ROMS	-4.5307
ARNO	-4.5307
UREH	-4.5307
EDLE	-4.5307
RTOB	-4.5307
REHO	-4.5307
ADST	-4.5307
NTWA	-4.5307
HECE	-4.5307
GIVI	-4.5307
THMO	-4.5307
DPAS	-4.5307
TYWH	-4.5307
ODOU	-4.5307
SANO	-4.5307
IKES	-4.5307
SEBE	-4.5307
ARMA	-4.5307
DSEV	-4.5307
RITO	-4.5307
CENS	-4.5307
EMUL	-4.5307
RIOT	-4.5307
YBRE	-4.5307
CLEO	-4.5307
GARM	-4.5307
JONA	-4.5307
ARSI	-4.5324
DINC	-4.5324
RYMU	-4.5324
LLIG	-4.5324
LAGE	-4.5324
AMAT	-4.5324
EYTO	-4.5324
HASI	-4.5324
EFIS	-4.5324
DTWE	-4.5324
FFEN	-4.5324
RNOR	-4.5324
THSU	-4.5324
NFIR	-4.5324
HANY	-4.5324
REFE	-4.5324
CARC	-4.5324
EARF	-4.5324
ONDI	-4.5324
SASH	-4.5324
IMEW	-4.5324
AKEY	-4.5324
BLEB	-4.5324
ODOW	-4.5324
EADM	-4.5324
RMEA	-4.5324
OSTL	-4.5324
SWAR	-4.5324
DKNO	-4.5324
TRAV	-4.5324
HOUC	-4.5324
HTHY	-4.5324
TAMO	-4.5340
PUTI	-4.5340
ANYP	-4.5340
TLIN	-4.5340
ARCE	-4.5340
EREU	-4.5340
DJUS	-4.5340
YBEC	-4.5340
URGE	-4.5340
GLAS	-4.5340
CEAL	-4.5340
ATTR	-4.5340
WSAN	-4.5340
MYLI	-4.5340
NMIN	-4.5340
SARM	-4.5340
STLI	-4.5340
RSFO	-4.5340
RDYO	-4.5340
EERS	-4.5340
EGOL	-4.5340
NNEC	-4.5357
URTO	-4.5357
TWOO	-4.5357
ECHO	-4.5357
TONH	-4.5357
TOAC	-4.5357
ERBO	-4.5357
DGRA	-4.5357
ONVI	-4.5357
AYYO	-4.5357
STWO	-4.5357
ASEV	-4.5357
NBYT	-4.5357
SCIE	-4.5357
UNOT	-4.5357
ATLI	-4.5357
LLSP	-4.5357
AELW	-4.5357
WERO	-4.5374
YTOH	-4.5374
RCEI	-4.5374
ESSM	-4.5374
FITW	-4.5374
RDED	-4.5374
YCHA	-4.5374
SSAR	-4.5374
LDTO	-4.5374
ITAS	-4.5374
IDHI	-4.5374
ORWE	-4.5374
PLEI	-4.5374
CANB	-4.5374
EYWI	-4.5374
YLIF	-4.5374
CASI	-4.5374
FERR	-4.5374
SMIG	-4.5374
GWHE	-4.5374
OREY	-4.5374
MMIT	-4.5374
OORO	-4.5374
NTAT	-4.5374
BORD	-4.5374
CUTO	-4.5374
WRAT	-4.5374
ENSU	-4.5390
ANEX	-4.5390
YTOS	-4.5390
NDGI	-4.5390
SANY	-4.5390
RIHA	-4.5390
DEDB	-4.5390
PIED	-4.5390
RAWI	-4.5390
NTRO	-4.5390
YOFA	-4.5390
ACHM	-4.5390
LLLI	-4.5390
EDOE	-4.5390
OARE	-4.5390
VEMA	-4.5390
HOWC	-4.5390
ORIA	-4.5390
INAC	-4.5390
YENO	-4.5390
ACEB	-4.5390
PILL	-4.5390
THYN	-4.5390
TATU	-4.5390
XCEL	-4.5407
RYFO	-4.5407
ITAB	-4.5407
ANEW	-4.5407
DART	-4.5407
STLY	-4.5407
TWAR	-4.5407
THSI	-4.5407
ASWH	-4.5407
NORI	-4.5407
CEIS	-4.5407
LEBO	-4.5407
NSTM	-4.5407
ACOM	-4.5424
LDNE	-4.5424
NDEM	-4.5424
INUA	-4.5424
DEPE	-4.5424
ROSP	-4.5424
BEAL	-4.5424
GOES	-4.5424
ASTD	-4.5424
IFES	-4.5424
RAIG	-4.5424
EDLY	-4.5424
NTIC	-4.5424
LLKN	-4.5424
ERCI	-4.5424
TYEA	-4.5424
ITDO	-4.5424
VESU	-4.5424
TARI	-4.5424
ESAB	-4.5424
SERT	-4.5424
CHRE	-4.5424
AIDL	-4.5424
ILDI	-4.5424
EPRA	-4.5424
HEAM	-4.5424
IATH	-4.5424
RPLA	-4.5441
OTAT	-4.5441
RSED	-4.5441
NGAF	-4.5441
EWOO	-4.5441
LBEH	-4.5441
CHCO	-4.5441
ISYO	-4.5441
OANY	-4.5441
EOFD	-4.5441
NTOI	-4.5441
VAIL	-4.5441
NVEN	-4.5441
ADIE	-4.5441
CHMO	-4.5441
INLA	-4.5441
AVEE	-4.5441
SGRA	-4.5441
NECO	-4.5441
YLOO	-4.5441
AZAR	-4.5441
RVET	-4.5441
TORM	-4.5441
NAHA	-4.5441
AILS	-4.5441
QUEG	-4.5441
EFTT	-4.5458
VARI	-4.5458
CTIV	-4.5458
RTOS	-4.5458
UPLE	-4.5458
SOWE	-4.5458
ONGH	-4.5458
STOD	-4.5458
CHOS	-4.5458
PEST	-4.5458
MWAS	-4.5458
MERA	-4.5458
DTIM	-4.5458
SDES	-4.5458
AYBU	-4.5458
TYES	-4.5458
TETO	-4.5458
PACE	-4.5458
YPAR	-4.5458
NEDU	-4.5458
SOBE	-4.5458
RANA	-4.5458
OUSC	-4.5458
THLE	-4.5458
TOFG	-4.5475
FLAT	-4.5475
NNED	-4.5475
OTUN	-4.5475
INRE	-4.5475
ROOF	-4.5475
ORTS	-4.5475
FAIL	-4.5475
VANI	-4.5475
OODL	-4.5475
HEMN	-4.5475
NEWE	-4.5475
MYBR	-4.5475
NGRY	-4.5475
ARPE	-4.5475
ENFR	-4.5475
EFAL	-4.5475
BALL	-4.5475
OTMA	-4.5493
INLO	-4.5493
ARTW	-4.5493
GETO	-4.5493
ALCO	-4.5493
SDID	-4.5493
TSOR	-4.5493
TNOR	-4.5493
USTL	-4.5493
TAMA	-4.5493
EVIS	-4.5493
GSIN	-4.5493
EFOO	-4.5493
HUNG	-4.5493
DEHE	-4.5493
WELT	-4.5493
SEIS	-4.5493
LYUN	-4.5493
ROFM	-4.5493
BTHE	-4.5493
ETAI	-4.5493
NYMA	-4.5493
LAYT	-4.5493
LYSE	-4.5493
DOMI	-4.5493
LDIT	-4.5493
OYTH	-4.5493
MAYE	-4.5493
DSYM	-4.5493
THUP	-4.5493
UEEQ	-4.5493
TLER	-4.5510
ERHU	-4.5510
MEIT	-4.5510
NGPR	-4.5510
MEYO	-4.5510
IAAN	-4.5510
TYYE	-4.5510
ALIV	-4.5510
LINA	-4.5510
HOMI	-4.5510
RSSH	-4.5510
ESTY	-4.5510
YLIK	-4.5510
ETST	-4.5510
DOCT	-4.5510
HEEY	-4.5510
PAPE	-4.5510
NGMY	-4.5510
NDJU	-4.5510
GLIS	-4.5510
EEPS	-4.5510
AIAH	-4.5510
IEDB	-4.5527
SAGO	-4.5527
LYAT	-4.5527
FIDE	-4.5527
SEWA	-4.5527
ERAP	-4.5527
CULT	-4.5527
CISE	-4.5527
DSON	-4.5527
MSOF	-4.5527
INUN	-4.5527
ENRE	-4.5527
FETH	-4.5527
RHEH	-4.5527
EPOL	-4.5527
INDW	-4.5527
NGAR	-4.5527
ASTU	-4.5527
UCKE	-4.5527
SCHR	-4.5527
RKAN	-4.5527
ICKL	-4.5527
IGHP	-4.5527
EDFA	-4.5527
EFLA	-4.5527
EEFO	-4.5527
ATEM	-4.5545
ERPO	-4.5545
EFRI	-4.5545
SANE	-4.5545
OKEE	-4.5545
OREG	-4.5545
ROFI	-4.5545
ELCO	-4.5545
LEGA	-4.5545
NGOR	-4.5545
ITON	-4.5545
KSTH	-4.5545
WERA	-4.5545
GONT	-4.5545
MTOB	-4.5545
ORYA	-4.5545
BEUN	-4.5545
BEMA	-4.5545
YESO	-4.5545
TESW	-4.5545
AMEB	-4.5545
SBEH	-4.5545
RAPP	-4.5545
RINA	-4.5562
OUSM	-4.5562
GHOU	-4.5562
OUME	-4.5562
RDSW	-4.5562
ASEN	-4.5562
IEDM	-4.5562
RHES	-4.5562
CCAS	-4.5562
SWOU	-4.5562
ELDA	-4.5562
ADIT	-4.5562
OLDF	-4.5562
DPAR	-4.5562
HIMM	-4.5562
ULDR	-4.5562
EROB	-4.5562
NOLD	-4.5562
NQUE	-4.5562
ESEM	-4.5562
FENC	-4.5562
HOSH	-4.5562
POFT	-4.5562
BOWE	-4.5562
EADB	-4.5562
POUT	-4.5562
VALL	-4.5562
OJER	-4.5562
UGHE	-4.5580
SALW	-4.5580
ASTN	-4.5580
SWAL	-4.5580
DONH	-4.5580
LDSE	-4.5580
EGLA	-4.5580
FSUC	-4.5580
OTEN	-4.5580
TSBE	-4.5580
VANC	-4.5580
OFPA	-4.5580
MONA	-4.5580
TLEN	-4.5580
DERW	-4.5580
YETI	-4.5580
AHEA	-4.5580
ATIW	-4.5580
DTOR	-4.5580
DHEB	-4.5580
ANIA	-4.5580
EINW	-4.5580
THGR	-4.5580
HOWL	-4.5580
LTED	-4.5580
OFNA	-4.5580
TARB	-4.5580
ARYT	-4.5597
DWOU	-4.5597
NTSE	-4.5597
RRYT	-4.5597
AIGH	-4.5597
DBRE	-4.5597
INFI	-4.5597
CTAN	-4.5597
TOBU	-4.5597
ENBY	-4.5597
NNEW	-4.5597
ICKA	-4.5597
IFTY	-4.5597
NLYB	-4.5597
ERAI	-4.5597
AIRE	-4.5597
ISMY	-4.5597
DEDO	-4.5597
MYHA	-4.5597
ANGR	-4.5597
NMYS	-4.5597
CAUG	-4.5597
RRIV	-4.5597
EOFJ	-4.5597
EDRI	-4.5597
CEDI	-4.5597
OSHU	-4.5597
GODF	-4.5597
RYLI	-4.5615
INKA	-4.5615
YBEL	-4.5615
NCHO	-4.5615
ULDF	-4.5615
USEM	-4.5615
ELDT	-4.5615
EATB	-4.5615
ETOE	-4.5615
FLIF	-4.5615
NLYW	-4.5615
NDIM	-4.5615
IONM	-4.5615
PETE	-4.5615
CCOM	-4.5615
OCCA	-4.5615
PFOR	-4.5615
VERD	-4.5615
ILIE	-4.5615
ISEM	-4.5615
SSID	-4.5615
EINE	-4.5615
YOWN	-4.5615
NWAR	-4.5615
EBUS	-4.5615
ASLE	-4.5615
RUDE	-4.5615
NGGO	-4.5615
OULO	-4.5615
MEAG	-4.5633
RSTB	-4.5633
GRIE	-4.5633
EDSU	-4.5633
RVES	-4.5633
NSWI	-4.5633
LUPO	-4.5633
OWNC	-4.5633
NDIH	-4.5633
ATEW	-4.5633
SASS	-4.5633
OFNO	-4.5633
RIVA	-4.5633
LDSO	-4.5633
SEWO	-4.5633
TOSO	-4.5633
EORT	-4.5633
SFOU	-4.5633
NEEN	-4.5633
DIDA	-4.5633
UTFR	-4.5633
ADEM	-4.5633
USIC	-4.5633
ICOM	-4.5633
ANOR	-4.5633
VELO	-4.5633
THFR	-4.5633
UOUS	-4.5633
USCH	-4.5633
FAMA	-4.5633
EPHR	-4.5633
ROYE	-4.5633
OPOF	-4.5633
SFRI	-4.5651
RHOW	-4.5651
HOOD	-4.5651
RLIT	-4.5651
TGOO	-4.5651
HTWH	-4.5651
PONI	-4.5651
OGOO	-4.5651
THAG	-4.5651
EVOL	-4.5651
HIMU	-4.5651
KEAS	-4.5651
CRED	-4.5651
DUCT	-4.5651
HCON	-4.5651
LUNT	-4.5651
TTOR	-4.5651
NDFL	-4.5651
NUAL	-4.5651
OUHE	-4.5651
TTOG	-4.5651
COAT	-4.5651
ANHU	-4.5651
ANOI	-4.5651
SHON	-4.5651
IMPE	-4.5651
ORDY	-4.5651
GHBY	-4.5651
DFAT	-4.5651
NECK	-4.5651
TOOL	-4.5668
INAF	-4.5668
HWHA	-4.5668
AROS	-4.5668
TALE	-4.5668
PPOR	-4.5668
VESH	-4.5668
LMAN	-4.5668
ATEH	-4.5668
AYSS	-4.5668
NSON	-4.5668
IKEW	-4.5668
EETT	-4.5668
NSOL	-4.5668
NGCA	-4.5668
IDBE	-4.5668
IESI	-4.5668
URHA	-4.5668
MANF	-4.5668
LYST	-4.5668
PSTH	-4.5668
MENE	-4.5668
ROWA	-4.5668
DIGN	-4.5668
ROWD	-4.5668
OONS	-4.5668
RAMA	-4.5668
CENE	-4.5668
CREE	-4.5668
EHIL	-4.5668
SGOI	-4.5686
ASUN	-4.5686
FBEI	-4.5686
YDES	-4.5686
DDRE	-4.5686
EUNC	-4.5686
NITA	-4.5686
INFR	-4.5686
HAKE	-4.5686
NTEM	-4.5686
OFWO	-4.5686
YSOM	-4.5686
OMAL	-4.5686
SELA	-4.5686
EENB	-4.5686
LLFI	-4.5686
YOUY	-4.5686
IONC	-4.5686
IEDS	-4.5686
EDSE	-4.5686
MPAT	-4.5686
EUPT	-4.5686
RASI	-4.5686
HIDE	-4.5686
RASH	-4.5686
DRUN	-4.5686
OULS	-4.5686
RFAX	-4.5686
AWHA	-4.5686
DERF	-4.5686
SSOU	-4.5686
JENN	-4.5686
HREA	-4.5705
NPER	-4.5705
OUSF	-4.5705
GNOR	-4.5705
EELD	-4.5705
ORKI	-4.5705
GTOB	-4.5705
EADD	-4.5705
LYMA	-4.5705
SHOO	-4.5705
MANL	-4.5705
NALS	-4.5705
RCEL	-4.5705
FARA	-4.5705
INAD	-4.5705
EVET	-4.5705
IRSA	-4.5705
OBEI	-4.5705
RDIT	-4.5705
TLYI	-4.5705
URCO	-4.5705
NTOL	-4.5705
OMOS	-4.5705
PEDA	-4.5705
OBEY	-4.5705
IDOL	-4.5705
EAMS	-4.5705
OMEC	-4.5723
RSBU	-4.5723
RGED	-4.5723
TONO	-4.5723
RPLE	-4.5723
AYIT	-4.5723
SSUC	-4.5723
NOBO	-4.5723
TMYS	-4.5723
OUPL	-4.5723
NISA	-4.5723
SANA	-4.5723
EBOY	-4.5723
OBUT	-4.5723
ANGI	-4.5723
PLIC	-4.5723
OTIC	-4.5723
VICT	-4.5723
DYTO	-4.5723
OSER	-4.5723
OLOO	-4.5723
SPIC	-4.5723
RANO	-4.5723
OTEA	-4.5723
ITYS	-4.5723
OFOL	-4.5723
TALO	-4.5723
RSJE	-4.5723
ATHC	-4.5723
SMIS	-4.5741
BURY	-4.5741
YAST	-4.5741
TODR	-4.5741
MEHA	-4.5741
ABLI	-4.5741
DOFC	-4.5741
FCON	-4.5741
RTSO	-4.5741
EUPA	-4.5741
TSWI	-4.5741
ASAP	-4.5741
NHAR	-4.5741
LYSH	-4.5741
DSCA	-4.5741
FLOC	-4.5741
TISB	-4.5741
PEEC	-4.5741
NTSI	-4.5741
KEME	-4.5741
RNAM	-4.5741
IRCO	-4.5741
FALS	-4.5741
LFRO	-4.5741
NGEV	-4.5759
ERFI	-4.5759
HCOM	-4.5759
ITOR	-4.5759
STDE	-4.5759
APLA	-4.5759
SAYA	-4.5759
IKEL	-4.5759
RELT	-4.5759
DEIN	-4.5759
EFTH	-4.5759
REEO	-4.5759
AILI	-4.5759
DEFE	-4.5759
TOFL	-4.5759
ONMA	-4.5759
HASN	-4.5759
DUPA	-4.5759
ADEO	-4.5759
MAYS	-4.5759
HEDW	-4.5759
SSHI	-4.5759
SELI	-4.5759
ELWH	-4.5759
BOYS	-4.5759
OFJA	-4.5759
YMOT	-4.5759
TSAL	-4.5759
SUNS	-4.5759
RMWH	-4.5759
LOOS	-4.5759
VIDS	-4.5759
BLEH	-4.5778
LOFF	-4.5778
IVIL	-4.5778
EEWI	-4.5778
DWOM	-4.5778
OLIV	-4.5778
SULT	-4.5778
UMME	-4.5778
DALO	-4.5778
ARFR	-4.5778
ETTO	-4.5778
TSHI	-4.5778
HIHA	-4.5778
HIMC	-4.5778
ODSH	-4.5778
ARMY	-4.5778
DIFT	-4.5778
PERE	-4.5778
TMET	-4.5778
USIO	-4.5778
NDCR	-4.5778
ETRO	-4.5778
ULLA	-4.5778
EMOM	-4.5778
EBAT	-4.5778
SUSC	-4.5778
YANY	-4.5796
LAYE	-4.5796
TOMR	-4.5796
OORT	-4.5796
CILI	-4.5796
OFNE	-4.5796
CESW	-4.5796
SALT	-4.5796
EFER	-4.5796
DTOF	-4.5796
EYSE	-4.5796
IAMN	-4.5796
PEDI	-4.5796
LLIA	-4.5796
OBEL	-4.5796
WERI	-4.5796
ATLO	-4.5796
NSUM	-4.5796
AIRO	-4.5796
DSOL	-4.5796
OIST	-4.5796
AGON	-4.5796
SJEN	-4.5796
ONWE	-4.5814
OFAT	-4.5814
SESW	-4.5814
ESEL	-4.5814
ELFH	-4.5814
IDMR	-4.5814
IDLE	-4.5814
NPAR	-4.5814
EIRI	-4.5814
SITH	-4.5814
RSUA	-4.5814
UNDW	-4.5814
HERV	-4.5814
LLFA	-4.5814
REAP	-4.5814
LAYI	-4.5814
TEEL	-4.5814
HEMY	-4.5814
UWER	-4.5814
NFID	-4.5814
EFUS	-4.5814
TTUR	-4.5814
XPLA	-4.5814
SUBS	-4.5814
ANFO	-4.5814
NDEX	-4.5814
SIFT	-4.5814
OSST	-4.5814
DCAS	-4.5814
ONEP	-4.5814
KETS	-4.5814
ATHN	-4.5814
YLIT	-4.5833
USEF	-4.5833
UTSI	-4.5833
EATF	-4.5833
IBEL	-4.5833
EIDE	-4.5833
ARSE	-4.5833
EISR	-4.5833
GHHE	-4.5833
OFSP	-4.5833
UTST	-4.5833
OPES	-4.5833
NCLU	-4.5833
ATRA	-4.5833
ATPA	-4.5833
ARIE	-4.5833
OODM	-4.5833
ESME	-4.5833
HYSO	-4.5833
PUTA	-4.5833
XCLA	-4.5833
AGEW	-4.5833
HINH	-4.5833
YGRE	-4.5833
ABRO	-4.5833
ETHS	-4.5833
NTDO	-4.5833
WIDE	-4.5833
RAYT	-4.5833
CKSA	-4.5833
VIDA	-4.5833
RTAB	-4.5852
RREC	-4.5852
MSHE	-4.5852
WOFT	-4.5852
WEWE	-4.5852
DDEL	-4.5852
UTMY	-4.5852
ERBY	-4.5852
DYAN	-4.5852
ANSI	-4.5852
YESI	-4.5852
AYHA	-4.5852
EMNO	-4.5852
HIMD	-4.5852
TEDL	-4.5852
AIRT	-4.5852
RETR	-4.5852
LOWL	-4.5852
TITM	-4.5852
EARB	-4.5852
RSOU	-4.5852
ANKE	-4.5852
ISCR	-4.5852
GUPO	-4.5852
NSGR	-4.5852
KERS	-4.5852
EMBR	-4.5871
WEDH	-4.5871
TATA	-4.5871
PITE	-4.5871
BERI	-4.5871
VEHA	-4.5871
ORRI	-4.5871
OUWA	-4.5871
IRAT	-4.5871
IRCL	-4.5871
ARAS	-4.5871
MRSC	-4.5871
GEDI	-4.5871
MPET	-4.5871
SCAN	-4.5871
NGSC	-4.5871
NWOR	-4.5871
ORSI	-4.5871
RUNN	-4.5871
AIRI	-4.5871
NDUC	-4.5871
MYOW	-4.5871
NSHI	-4.5871
EWON	-4.5871
GHED	-4.5871
NIFI	-4.5871
CHIT	-4.5871
EPAL	-4.5871
THAB	-4.5871
SCAT	-4.5871
MARC	-4.5871
GUIL	-4.5871
ABBA	-4.5871
KIAH	-4.5871
DEMM	-4.5889
TUAT	-4.5889
ASMI	-4.5889
SEEW	-4.5889
DEAS	-4.5889
ICKS	-4.5889
FICA	-4.5889
OUTL	-4.5889
ESMI	-4.5889
EMSA	-4.5889
LETA	-4.5889
EIDO	-4.5889
TDOE	-4.5889
TANE	-4.5889
OFLE	-4.5889
EHEM	-4.5889
IVEU	-4.5889
DGES	-4.5889
LALL	-4.5889
UMED	-4.5889
RTUR	-4.5889
LETS	-4.5889
EDSI	-4.5889
HEYG	-4.5889
ORDJ	-4.5889
LUCY	-4.5889
UNIT	-4.5908
NEYE	-4.5908
NFUL	-4.5908
AYSW	-4.5908
NDOR	-4.5908
OVEM	-4.5908
OBOD	-4.5908
RTIS	-4.5908
NLYO	-4.5908
ETEL	-4.5908
IMIT	-4.5908
ILYA	-4.5908
FEND	-4.5908
RITH	-4.5908
TOFP	-4.5908
DTOE	-4.5908
TWOS	-4.5908
RHOU	-4.5908
SSWI	-4.5908
NDUR	-4.5908
TOFC	-4.5908
OWDO	-4.5908
IFOR	-4.5908
ATHW	-4.5908
SSEA	-4.5908
YPTA	-4.5908
NDRI	-4.5927
TWOM	-4.5927
CHEM	-4.5927
MAWA	-4.5927
ATRI	-4.5927
WASU	-4.5927
ACTL	-4.5927
SWOO	-4.5927
UMEA	-4.5927
CHFO	-4.5927
MELY	-4.5927
MPRO	-4.5927
AWOM	-4.5927
SHEN	-4.5927
ADEN	-4.5927
REBO	-4.5927
DANT	-4.5927
TOJO	-4.5927
COAS	-4.5927
RGIN	-4.5927
CASS	-4.5927
DLOR	-4.5927
SDAS	-4.5927
NDPL	-4.5946
ERIF	-4.5946
OCAL	-4.5946
AINM	-4.5946
RREL	-4.5946
MTOT	-4.5946
ERTY	-4.5946
NLES	-4.5946
DQUI	-4.5946
OFWI	-4.5946
ESAV	-4.5946
NGAW	-4.5946
TTOA	-4.5946
OTDE	-4.5946
YBEF	-4.5946
TMIN	-4.5946
LLTE	-4.5946
SMEA	-4.5946
UTWE	-4.5946
WIFT	-4.5946
OANO	-4.5946
ENJA	-4.5946
LUST	-4.5946
PHES	-4.5946
NAAN	-4.5946
BUTP	-4.5966
RTOO	-4.5966
NJOY	-4.5966
OATT	-4.5966
CHBE	-4.5966
USFO	-4.5966
GTOS	-4.5966
OTLI	-4.5966
VAST	-4.5966
ULDM	-4.5966
LDME	-4.5966
URIT	-4.5966
LENE	-4.5966
IFFI	-4.5966
LTOG	-4.5966
EELT	-4.5966
RVER	-4.5966
DDEA	-4.5966
HOAR	-4.5966
KEDW	-4.5966
BETR	-4.5966
ASKI	-4.5966
SINF	-4.5966
ARYA	-4.5966
HOMH	-4.5966
NDTI	-4.5966
OATH	-4.5966
ARAD	-4.5966
EPAT	-4.5966
NMEN	-4.5966
ELIA	-4.5966
MBEF	-4.5966
DBUR	-4.5966
LARL	-4.5985
TBEG	-4.5985
LEWE	-4.5985
ORRY	-4.5985
ATMI	-4.5985
UPHI	-4.5985
NHAN	-4.5985
EATP	-4.5985
OGRE	-4.5985
GSOM	-4.5985
STYO	-4.5985
AITI	-4.5985
NFOU	-4.5985
EGAV	-4.5985
TASA	-4.5985
LSOO	-4.5985
HEWR	-4.5985
NGDE	-4.5985
ESTC	-4.5985
INCA	-4.5985
TOLA	-4.5985
DISM	-4.5985
DESA	-4.5985
EOWN	-4.5985
LSOW	-4.5985
NALO	-4.6004
VITY	-4.6004
DSER	-4.6004
LEWO	-4.6004
UDON	-4.6004
ULDL	-4.6004
DSAT	-4.6004
DISS	-4.6004
LWHO	-4.6004
INFL	-4.6004
EDLO	-4.6004
ETSH	-4.6004
ILEH	-4.6004
NYON	-4.6004
OCKA	-4.6004
LYSO	-4.6004
DAPP	-4.6004
ONSF	-4.6004
UISH	-4.6004
EHEC	-4.6004
XCEE	-4.6004
IROF	-4.6004
HENJ	-4.6004
NSAY	-4.6004
URHO	-4.6004
IDEW	-4.6004
DFEL	-4.6004
IDMA	-4.6004
DMAC	-4.6004
YRES	-4.6024
TSAT	-4.6024
RWES	-4.6024
IGED	-4.6024
RWAL	-4.6024
KHIM	-4.6024
EEHI	-4.6024
REGR	-4.6024
DANI	-4.6024
NGBY	-4.6024
LLYW	-4.6024
NTNO	-4.6024
NYBO	-4.6024
RAWN	-4.6024
NKYO	-4.6024
YOUE	-4.6024
TTEM	-4.6024
ASPR	-4.6024
GERI	-4.6024
LUDE	-4.6024
RDID	-4.6024
HOLI	-4.6024
ODSO	-4.6024
DSWI	-4.6024
NTHS	-4.6024
OBEH	-4.6024
DIEN	-4.6024
GNIF	-4.6024
ARWH	-4.6024
DGAV	-4.6024
CELE	-4.6024
NOFB	-4.6024
OFRO	-4.6024
AGGE	-4.6024
GIFT	-4.6024
JOSH	-4.6024
EEMI	-4.6043
LOSS	-4.6043
EAFF	-4.6043
RHUS	-4.6043
RYSO	-4.6043
TWAY	-4.6043
EPTA	-4.6043
UTLE	-4.6043
FARE	-4.6043
NOFE	-4.6043
ICHB	-4.6043
ANCO	-4.6043
TOEV	-4.6043
HTSO	-4.6043
TYSH	-4.6043
MESE	-4.6043
CUST	-4.6043
NHOW	-4.6043
INBU	-4.6043
ENWA	-4.6043
RWIS	-4.6043
EASK	-4.6043
NDJA	-4.6043
EFOL	-4.6043
FORL	-4.6043
UTHS	-4.6043
RBAR	-4.6043
HRAI	-4.6043
SSAS	-4.6063
LSIN	-4.6063
UATI	-4.6063
EYDI	-4.6063
SSMI	-4.6063
ANYC	-4.6063
YHOU	-4.6063
YETA	-4.6063
SARY	-4.6063
FEAT	-4.6063
VEWI	-4.6063
TOPU	-4.6063
OUGO	-4.6063
STEM	-4.6063
DILY	-4.6063
IDEI	-4.6063
LLAB	-4.6063
EVAN	-4.6063
YMIG	-4.6063
SCLO	-4.6063
ODDE	-4.6063
SKNO	-4.6063
WAYB	-4.6063
EDDE	-4.6063
DOFO	-4.6063
OKET	-4.6063
ESSU	-4.6063
SESI	-4.6063
EEAT	-4.6063
SVOI	-4.6063
ESHU	-4.6063
CKLE	-4.6063
ABET	-4.6082
AWAS	-4.6082
ALEN	-4.6082
LLLO	-4.6082
OFAF	-4.6082
IONL	-4.6082
OMEP	-4.6082
ROPO	-4.6082
IALS	-4.6082
TESS	-4.6082
ELFF	-4.6082
INFE	-4.6082
RMTH	-4.6082
ITIT	-4.6082
ISEL	-4.6082
EBEI	-4.6082
YESS	-4.6082
ESAC	-4.6082
HHES	-4.6082
SKET	-4.6082
INPE	-4.6082
UGHF	-4.6082
ANSP	-4.6082
IDSA	-4.6082
EARR	-4.6082
MAAM	-4.6082
TOFW	-4.6082
HIML	-4.6082
EAVY	-4.6082
ORDM	-4.6082
ACHT	-4.6082
WOUN	-4.6082
ANSG	-4.6082
HEEM	-4.6082
SWIN	-4.6082
TALB	-4.6082
NYEA	-4.6102
EMBU	-4.6102
ENDL	-4.6102
BEAB	-4.6102
ONSB	-4.6102
TOEX	-4.6102
SMOS	-4.6102
NPLA	-4.6102
ANES	-4.6102
EHON	-4.6102
EALA	-4.6102
KBUT	-4.6102
ANBU	-4.6102
NHEC	-4.6102
RTYA	-4.6102
YHOW	-4.6102
REMY	-4.6102
SRES	-4.6102
SCER	-4.6102
NGUI	-4.6102
NTUN	-4.6102
DAYB	-4.6102
NDET	-4.6102
UTTI	-4.6102
IBUT	-4.6102
OFEA	-4.6102
DEEM	-4.6102
PERP	-4.6102
BARR	-4.6102
SSEM	-4.6102
EFRU	-4.6102
FGOL	-4.6102
MASS	-4.6122
RBEI	-4.6122
YKIN	-4.6122
OFAH	-4.6122
EEHE	-4.6122
TWIS	-4.6122
RYWI	-4.6122
TOPL	-4.6122
YBES	-4.6122
ALIS	-4.6122
NDMU	-4.6122
DLON	-4.6122
EEOF	-4.6122
RTOM	-4.6122
RDWA	-4.6122
GULA	-4.6122
RGEN	-4.6122
LEDU	-4.6122
DBEI	-4.6122
EACO	-4.6122
DJUD	-4.6122
SANG	-4.6122
STIR	-4.6122
NORH	-4.6122
RDOU	-4.6122
EROA	-4.6122
PTIN	-4.6122
OOUR	-4.6122
GUIN	-4.6122
IDAL	-4.6122
DOMO	-4.6122
RDCO	-4.6122
HEGU	-4.6122
HARV	-4.6122
SLEW	-4.6122
ESTP	-4.6142
RYHE	-4.6142
EDUC	-4.6142
SSOL	-4.6142
EEKS	-4.6142
PENC	-4.6142
REAF	-4.6142
BABL	-4.6142
LPRO	-4.6142
OTDO	-4.6142
STFR	-4.6142
EFFE	-4.6142
UTIS	-4.6142
DENI	-4.6142
AMEH	-4.6142
PURE	-4.6142
LSTA	-4.6142
ALTB	-4.6142
FDAV	-4.6142
ODHE	-4.6162
PPLI	-4.6162
WBUT	-4.6162
TGRE	-4.6162
REFI	-4.6162
BEAC	-4.6162
OCKI	-4.6162
DYIN	-4.6162
HENB	-4.6162
TRAD	-4.6162
SFIR	-4.6162
OPOS	-4.6162
AWIT	-4.6162
YETS	-4.6162
FULN	-4.6162
EYWO	-4.6162
DKIN	-4.6162
NKAN	-4.6162
USOF	-4.6162
NOSE	-4.6162
ERGE	-4.6162
IFAN	-4.6162
STDO	-4.6162
NONO	-4.6162
USEY	-4.6162
NSFO	-4.6162
EWRI	-4.6162
RDSI	-4.6162
TUTE	-4.6162
PITC	-4.6162
ATBU	-4.6162
ANTB	-4.6162
ERPL	-4.6182
VILS	-4.6182
ADDO	-4.6182
IKEH	-4.6182
NOWF	-4.6182
NDLY	-4.6182
KEDS	-4.6182
PENI	-4.6182
DREP	-4.6182
OSEF	-4.6182
OREE	-4.6182
TLEP	-4.6182
TEDE	-4.6182
VEDE	-4.6182
ICIT	-4.6182
RFEE	-4.6182
THIG	-4.6182
DBEL	-4.6182
INEF	-4.6182
HWHO	-4.6182
FLAS	-4.6182
LDWE	-4.6182
NMAR	-4.6182
OWIL	-4.6182
GTOM	-4.6182
TANO	-4.6182
EYOF	-4.6182
ANXI	-4.6182
GLIK	-4.6182
SBEA	-4.6182
IDSO	-4.6182
UTUP	-4.6182
TSEN	-4.6182
EMEL	-4.6182
EMIA	-4.6182
ASTM	-4.6182
HYTH	-4.6182
SBUR	-4.6182
OCEA	-4.6182
EINN	-4.6182
RDSP	-4.6182
ANTU	-4.6182
NTBU	-4.6202
TOOM	-4.6202
NDAD	-4.6202
OWCA	-4.6202
OWNU	-4.6202
ISAM	-4.6202
LLYB	-4.6202
STBO	-4.6202
ZING	-4.6202
ULDP	-4.6202
NORM	-4.6202
ONSP	-4.6202
NDKI	-4.6202
NLYI	-4.6202
NTIS	-4.6202
USAI	-4.6202
DLEF	-4.6202
AITE	-4.6202
RALS	-4.6202
ALME	-4.6202
EYST	-4.6202
OOTS	-4.6202
RTHH	-4.6202
ATNE	-4.6202
EATN	-4.6202
MSAI	-4.6202
HYSI	-4.6202
THAC	-4.6223
INCT	-4.6223
CEHA	-4.6223
OWLO	-4.6223
EPOW	-4.6223
ROFS	-4.6223
ADEI	-4.6223
RTAK	-4.6223
ORTT	-4.6223
LYWE	-4.6223
INAH	-4.6223
OWFO	-4.6223
RDEA	-4.6223
OPRE	-4.6223
BEAM	-4.6223
RYHA	-4.6223
ECEN	-4.6223
FELI	-4.6223
SHOF	-4.6223
STBU	-4.6223
EORD	-4.6223
ULTO	-4.6223
TEFO	-4.6223
LDSH	-4.6223
AWAN	-4.6223
TORT	-4.6223
NEHO	-4.6223
HTOT	-4.6223
RINS	-4.6223
INVE	-4.6223
NGSB	-4.6223
ESLO	-4.6223
BYWH	-4.6223
BALA	-4.6223
DIDE	-4.6223
LUNG	-4.6223
RSAK	-4.6223
ALTS	-4.6223
NAKE	-4.6223
UPPL	-4.6243
SUIT	-4.6243
RYDA	-4.6243
VEDB	-4.6243
EADV	-4.6243
KEDB	-4.6243
LAWA	-4.6243
DIDY	-4.6243
AGEI	-4.6243
FORU	-4.6243
RSIT	-4.6243
TOOT	-4.6243
TEHI	-4.6243
CLUD	-4.6243
SWRI	-4.6243
ATAT	-4.6243
DINM	-4.6243
DETO	-4.6243
GHTC	-4.6243
SENA	-4.6243
LANK	-4.6243
DSOR	-4.6243
MILL	-4.6243
AMAS	-4.6243
MYWO	-4.6243
RKTH	-4.6243
DSLE	-4.6243
RDHI	-4.6243
SERE	-4.6243
HHEA	-4.6243
NOFW	-4.6243
VELL	-4.6243
RTRE	-4.6243
YRUS	-4.6243
YFAC	-4.6243
GGER	-4.6243
ABEL	-4.6264
UALS	-4.6264
RSPE	-4.6264
LSET	-4.6264
ASPA	-4.6264
ELTT	-4.6264
WAYH	-4.6264
OLEM	-4.6264
YNOW	-4.6264
WHYD	-4.6264
ENUP	-4.6264
BATE	-4.6264
IFEI	-4.6264
ARDB	-4.6264
TYFO	-4.6264
TOOU	-4.6264
OFTR	-4.6264
AMPL	-4.6264
HEAB	-4.6264
TASS	-4.6264
HTSA	-4.6264
RUNK	-4.6264
SCOL	-4.6264
SOIN	-4.6264
SAWI	-4.6264
EYAL	-4.6264
INPR	-4.6264
OUSB	-4.6264
NDPI	-4.6264
FURT	-4.6264
FAIN	-4.6264
RDCA	-4.6264
EBUL	-4.6264
IREO	-4.6264
ERMW	-4.6264
EENL	-4.6284
ASYE	-4.6284
UDES	-4.6284
ELYB	-4.6284
OTBU	-4.6284
DEIT	-4.6284
SIAM	-4.6284
TIWA	-4.6284
SERA	-4.6284
FBUT	-4.6284
SLIT	-4.6284
SEHO	-4.6284
LDFO	-4.6284
RREA	-4.6284
ESTN	-4.6284
ERSD	-4.6284
DOWI	-4.6284
GHTD	-4.6284
FIXE	-4.6284
OWCO	-4.6284
TQUI	-4.6284
OSEL	-4.6284
TDON	-4.6284
DIFI	-4.6284
ARKO	-4.6284
ESEP	-4.6284
SPAC	-4.6284
ACCU	-4.6284
OUDS	-4.6284
SELT	-4.6284
ORNS	-4.6284
NGOD	-4.6284
NJER	-4.6284
SOWI	-4.6305
ALST	-4.6305
PTOT	-4.6305
RTTO	-4.6305
AMMO	-4.6305
ODYE	-4.6305
ASSY	-4.6305
RMYS	-4.6305
HSUC	-4.6305
CCES	-4.6305
ICHY	-4.6305
NVIT	-4.6305
ONGY	-4.6305
HIME	-4.6305
DMIN	-4.6305
OLOG	-4.6305
NOCE	-4.6305
THCA	-4.6305
OFDI	-4.6305
VENF	-4.6305
ABOM	-4.6305
DLOV	-4.6305
SMOK	-4.6305
ROOK	-4.6305
INJE	-4.6305
IVIT	-4.6326
YOFM	-4.6326
LERE	-4.6326
KEDU	-4.6326
REEM	-4.6326
ERAF	-4.6326
HOWD	-4.6326
LEAP	-4.6326
NEMA	-4.6326
IFEO	-4.6326
TUPA	-4.6326
EAOF	-4.6326
ECIR	-4.6326
DLAD	-4.6326
BLIC	-4.6326
RTLE	-4.6326
MONI	-4.6326
ASNE	-4.6326
GEIN	-4.6326
KENU	-4.6326
NGYE	-4.6326
ROBE	-4.6326
ENAB	-4.6326
WHYS	-4.6326
NTCO	-4.6326
EPOI	-4.6326
NGFI	-4.6326
CCUR	-4.6326
GUIS	-4.6326
SGON	-4.6326
XTRE	-4.6326
EIRR	-4.6326
EAKA	-4.6326
MBLI	-4.6326
AMSA	-4.6326
EVIN	-4.6326
RYEA	-4.6347
ITYB	-4.6347
GESA	-4.6347
SAMU	-4.6347
IBLY	-4.6347
REFL	-4.6347
ORUS	-4.6347
OBRI	-4.6347
ASPO	-4.6347
PRIC	-4.6347
DEDM	-4.6347
SPOT	-4.6347
USHI	-4.6347
ARTL	-4.6347
NARR	-4.6347
THRI	-4.6347
GOFI	-4.6347
ERGR	-4.6347
DSEA	-4.6347
HTAL	-4.6347
FARO	-4.6347
THHO	-4.6347
TLEJ	-4.6347
KLIN	-4.6347
USGR	-4.6347
BURI	-4.6347
RTHB	-4.6347
MOCK	-4.6347
DIER	-4.6347
DRAG	-4.6347
DLYA	-4.6368
TINM	-4.6368
TSCO	-4.6368
EGOI	-4.6368
LLOV	-4.6368
LLUP	-4.6368
RGRE	-4.6368
CHYO	-4.6368
ANAG	-4.6368
ECHU	-4.6368
OSEC	-4.6368
NEME	-4.6368
FFAI	-4.6368
AMEM	-4.6368
OURR	-4.6368
OBEF	-4.6368
FSHA	-4.6368
KESO	-4.6368
RBEF	-4.6368
OWLY	-4.6368
OODU	-4.6368
RIBU	-4.6368
ETHM	-4.6368
PAGA	-4.6368
DBLE	-4.6368
RVIL	-4.6368
NANI	-4.6389
BLEC	-4.6389
GHBU	-4.6389
MANE	-4.6389
OMYO	-4.6389
DREC	-4.6389
TROD	-4.6389
URAB	-4.6389
RSEN	-4.6389
ENIE	-4.6389
NSAT	-4.6389
GOFH	-4.6389
EGIR	-4.6389
GINS	-4.6389
GINH	-4.6389
OTYO	-4.6389
RMON	-4.6389
DWAL	-4.6389
HOLL	-4.6389
CUSE	-4.6389
LDDO	-4.6389
SICA	-4.6389
OTES	-4.6389
KINS	-4.6389
APHA	-4.6389
WEAK	-4.6389
WSTH	-4.6389
ISEI	-4.6389
EXAM	-4.6389
POND	-4.6389
WECA	-4.6389
HEDB	-4.6389
NCEC	-4.6389
MELI	-4.6389
MALI	-4.6389
NDIC	-4.6389
ISWE	-4.6389
YEDT	-4.6389
PSAN	-4.6389
RGER	-4.6389
EANC	-4.6389
DYEA	-4.6389
MOAB	-4.6389
RIAH	-4.6389
MACB	-4.6389
BUTD	-4.6410
GEVE	-4.6410
SSFO	-4.6410
EACT	-4.6410
STAM	-4.6410
NIVE	-4.6410
SEDF	-4.6410
STGO	-4.6410
ISAC	-4.6410
WEAL	-4.6410
RMIT	-4.6410
RNOF	-4.6410
UITS	-4.6410
UFFI	-4.6410
LYPR	-4.6410
SALM	-4.6410
AYEA	-4.6410
RKED	-4.6410
YUPO	-4.6410
RECK	-4.6410
TMRS	-4.6410
EAFR	-4.6410
OFTA	-4.6410
ASQU	-4.6410
SSOV	-4.6410
EETE	-4.6410
TAIR	-4.6410
NEWO	-4.6410
ANMA	-4.6410
TSNO	-4.6410
OUBU	-4.6410
EKEE	-4.6410
HENF	-4.6410
WEMA	-4.6410
ERSN	-4.6410
LMEN	-4.6410
OTET	-4.6410
EPIT	-4.6410
NEBE	-4.6410
TASK	-4.6410
BITT	-4.6410
YAGE	-4.6410
EMAC	-4.6410
RLOR	-4.6410
GHOS	-4.6410
SASA	-4.6432
DOFB	-4.6432
PARI	-4.6432
ORIG	-4.6432
CENO	-4.6432
TPAS	-4.6432
ONRE	-4.6432
ESOO	-4.6432
AUTY	-4.6432
RNAT	-4.6432
TFIN	-4.6432
ADSH	-4.6432
MMOR	-4.6432
EISL	-4.6432
OHAN	-4.6432
OCEE	-4.6432
HIPA	-4.6432
WNHE	-4.6432
OTHS	-4.6432
IESS	-4.6432
ECAT	-4.6432
IDEL	-4.6432
IOTS	-4.6432
LDWI	-4.6453
GOFO	-4.6453
VENB	-4.6453
ILYI	-4.6453
EEPH	-4.6453
NSIB	-4.6453
CONN	-4.6453
EATR	-4.6453
STPA	-4.6453
ARAB	-4.6453
UCHP	-4.6453
SHAS	-4.6453
VENM	-4.6453
UCED	-4.6453
OVEH	-4.6453
VEAS	-4.6453
ISSB	-4.6453
DENE	-4.6453
YONT	-4.6453
ORKE	-4.6453
ECOA	-4.6453
DITO	-4.6453
TLYW	-4.6453
WEIG	-4.6453
UALI	-4.6453
PERO	-4.6453
EYED	-4.6453
GHES	-4.6453
IMMO	-4.6453
SNON	-4.6453
HENU	-4.6453
YELL	-4.6453
ITEN	-4.6453
KEAW	-4.6453
LSOI	-4.6453
LSOS	-4.6453
ATHM	-4.6453
OHAT	-4.6453
RBUC	-4.6453
YLOV	-4.6475
OWND	-4.6475
RIWI	-4.6475
IWIS	-4.6475
RSBE	-4.6475
RLOO	-4.6475
ASAD	-4.6475
INER	-4.6475
ASTF	-4.6475
DLED	-4.6475
OINE	-4.6475
ITEH	-4.6475
STPR	-4.6475
UNAT	-4.6475
TESH	-4.6475
LEMO	-4.6475
OSUC	-4.6475
TOFB	-4.6475
NLOO	-4.6475
NERT	-4.6475
TESI	-4.6475
ELAY	-4.6475
ROWT	-4.6475
EEIT	-4.6475
NGPE	-4.6475
ETIL	-4.6475
ETFO	-4.6475
ILTT	-4.6475
IGIN	-4.6496
TCHO	-4.6496
RYGO	-4.6496
RISA	-4.6496
CATC	-4.6496
PUTO	-4.6496
NCTU	-4.6496
ULDO	-4.6496
SSBU	-4.6496
FICU	-4.6496
DRAT	-4.6496
HEMM	-4.6496
FULS	-4.6496
HION	-4.6496
NGBA	-4.6496
THAF	-4.6496
LAPP	-4.6496
TLEG	-4.6496
NEDS	-4.6496
DGOO	-4.6496
NTAR	-4.6496
UDID	-4.6496
TSSH	-4.6496
TLEI	-4.6496
MYSI	-4.6496
RLIK	-4.6496
ERCR	-4.6496
TOTR	-4.6496
UTHT	-4.6496
RERS	-4.6496
ISTW	-4.6496
RLDT	-4.6496
EISE	-4.6496
BOMI	-4.6496
ELTI	-4.6496
EONA	-4.6496
ILST	-4.6496
YEAT	-4.6496
ROPP	-4.6496
MUNT	-4.6496
JORD	-4.6496
FLEE	-4.6496
MBRA	-4.6518
DDIN	-4.6518
YAGA	-4.6518
CHAD	-4.6518
REDN	-4.6518
TEIT	-4.6518
INPA	-4.6518
SIRA	-4.6518
EDEP	-4.6518
EDCA	-4.6518
EHOP	-4.6518
OWNM	-4.6518
OOMA	-4.6518
ELTA	-4.6518
OILE	-4.6518
NEAC	-4.6518
URBE	-4.6518
EASW	-4.6518
NFES	-4.6518
TRIK	-4.6518
OUTR	-4.6518
ASHT	-4.6518
AREU	-4.6518
ESSC	-4.6518
DEAC	-4.6518
LDED	-4.6518
EWHY	-4.6518
ROUR	-4.6518
EBUI	-4.6518
OWET	-4.6518
THFI	-4.6518
RUMP	-4.6518
TREC	-4.6540
REEW	-4.6540
OKAT	-4.6540
ATBR	-4.6540
OFAP	-4.6540
YMIN	-4.6540
PREH	-4.6540
HIRE	-4.6540
ONGL	-4.6540
HTFU	-4.6540
EELA	-4.6540
ENMO	-4.6540
NBET	-4.6540
NYAN	-4.6540
IRSO	-4.6540
YRIG	-4.6540
MAGA	-4.6540
REDR	-4.6540
ERSL	-4.6540
NAPP	-4.6540
HGRE	-4.6540
WSOF	-4.6540
REMB	-4.6540
ONDU	-4.6540
INKL	-4.6540
TORN	-4.6540
UTUS	-4.6540
ISBA	-4.6540
HOUN	-4.6540
JACK	-4.6540
BRAS	-4.6540
NINC	-4.6562
IGEN	-4.6562
CIVI	-4.6562
ITMU	-4.6562
EVEI	-4.6562
SAYW	-4.6562
USAY	-4.6562
NEND	-4.6562
SUAD	-4.6562
FCOM	-4.6562
LIME	-4.6562
ARYO	-4.6562
ACKN	-4.6562
NCLI	-4.6562
IRMA	-4.6562
INMI	-4.6562
YINA	-4.6562
RGOO	-4.6562
ONAR	-4.6562
DSAW	-4.6562
GOFB	-4.6562
REUP	-4.6562
NECA	-4.6562
DURE	-4.6562
ACKI	-4.6562
NSIS	-4.6562
NDTU	-4.6562
NDAP	-4.6562
ONGB	-4.6562
YISA	-4.6562
ADWH	-4.6562
ORIE	-4.6562
LFIL	-4.6562
AMOS	-4.6584
NSEQ	-4.6584
VEDF	-4.6584
IABL	-4.6584
RSUC	-4.6584
WELC	-4.6584
EAKF	-4.6584
BEDA	-4.6584
INEY	-4.6584
OVEW	-4.6584
NGBR	-4.6584
ONFR	-4.6584
PRIV	-4.6584
ESIM	-4.6584
EISI	-4.6584
LYCA	-4.6584
OWNP	-4.6584
TRIN	-4.6584
GMOR	-4.6584
RONS	-4.6584
TRAY	-4.6584
OSEB	-4.6584
SIRW	-4.6584
NANO	-4.6584
LEMI	-4.6584
DDAY	-4.6584
RUSS	-4.6584
ROAR	-4.6584
JAMI	-4.6584
ADAS	-4.6606
RYCO	-4.6606
RLDA	-4.6606
OODE	-4.6606
NREA	-4.6606
DTOI	-4.6606
OOLA	-4.6606
HMAD	-4.6606
OODC	-4.6606
ARSW	-4.6606
LYNO	-4.6606
TIDO	-4.6606
UGHW	-4.6606
ETWH	-4.6606
ORUN	-4.6606
STAG	-4.6606
DPRA	-4.6606
WROT	-4.6606
PAUS	-4.6606
NEIS	-4.6606
OINS	-4.6606
UTUR	-4.6606
TSEA	-4.6606
LYIS	-4.6606
ORKO	-4.6606
PALM	-4.6606
NJAM	-4.6606
SEFR	-4.6629
TBRO	-4.6629
OMPO	-4.6629
OFUN	-4.6629
ECUL	-4.6629
LEYS	-4.6629
YFRI	-4.6629
RILL	-4.6629
ULNE	-4.6629
RAPE	-4.6629
TITB	-4.6629
SINM	-4.6629
MERO	-4.6629
HEID	-4.6629
OFEL	-4.6629
ERRU	-4.6629
UREM	-4.6629
THSP	-4.6629
TEAL	-4.6629
ORCA	-4.6629
ARLI	-4.6629
UDEN	-4.6629
IESH	-4.6629
THYR	-4.6629
TIFT	-4.6629
TWEA	-4.6629
TTON	-4.6629
LLUS	-4.6629
OWWI	-4.6629
EHET	-4.6629
LFAL	-4.6629
TWIN	-4.6629
TARR	-4.6629
HGOD	-4.6629
EKIA	-4.6629
DJOS	-4.6629
ADDI	-4.6651
ADEV	-4.6651
LBEG	-4.6651
BEGO	-4.6651
AREE	-4.6651
AMSO	-4.6651
ISSS	-4.6651
RDAS	-4.6651
NSIT	-4.6651
RETW	-4.6651
NWEL	-4.6651
ALAC	-4.6651
ULLI	-4.6651
YBET	-4.6651
SROU	-4.6651
TLEH	-4.6651
ADDR	-4.6651
ENLA	-4.6651
ANOL	-4.6651
TERV	-4.6651
ULIN	-4.6651
VELI	-4.6651
EANN	-4.6651
UDEO	-4.6651
MPLA	-4.6651
THDO	-4.6651
ISWR	-4.6651
NOTN	-4.6651
SLIP	-4.6651
SSAT	-4.6651
RCAS	-4.6651
NEXP	-4.6651
LLMO	-4.6651
ALVA	-4.6651
GHIT	-4.6674
ESAF	-4.6674
TBRE	-4.6674
LYSU	-4.6674
ICTU	-4.6674
IKEM	-4.6674
YCAN	-4.6674
YFEE	-4.6674
APPA	-4.6674
DNAT	-4.6674
SHIO	-4.6674
ORLO	-4.6674
MAHA	-4.6674
SEEY	-4.6674
RSDA	-4.6674
SSAL	-4.6674
ETIC	-4.6674
ONIA	-4.6674
ANYH	-4.6674
WEAT	-4.6674
MORI	-4.6674
TTOL	-4.6674
PARD	-4.6674
SPHE	-4.6674
URLO	-4.6674
RYET	-4.6674
URTA	-4.6674
DDRI	-4.6674
TSUN	-4.6674
CEFR	-4.6674
TOPH	-4.6674
HTWI	-4.6674
ADOR	-4.6674
LHIM	-4.6674
STIA	-4.6674
TUCK	-4.6674
OBOA	-4.6674
OSOE	-4.6674
VOLU	-4.6696
ACEH	-4.6696
ENLI	-4.6696
LORS	-4.6696
PEOF	-4.6696
HTWA	-4.6696
YDON	-4.6696
LLLE	-4.6696
NAGE	-4.6696
ESRE	-4.6696
IGHA	-4.6696
MOND	-4.6696
UTWA	-4.6696
HOOL	-4.6696
SSAK	-4.6696
ACIO	-4.6696
VEGO	-4.6696
HURT	-4.6696
NDGE	-4.6696
YFIR	-4.6696
DHAL	-4.6696
OUDE	-4.6696
YOFF	-4.6696
RGRA	-4.6696
ETOY	-4.6696
HEOU	-4.6696
APES	-4.6696
LDBU	-4.6696
UNIS	-4.6696
EVEL	-4.6696
EVEA	-4.6696
RREN	-4.6696
LBEW	-4.6696
TRYI	-4.6696
DBAC	-4.6696
FMYS	-4.6696
HYPE	-4.6696
DONI	-4.6696
ODST	-4.6696
DIVE	-4.6696
MLET	-4.6696
FDEA	-4.6696
BENJ	-4.6696
AULA	-4.6696
MURD	-4.6696
NEXC	-4.6719
YTIM	-4.6719
OPAR	-4.6719
SEMA	-4.6719
LEIT	-4.6719
HOOK	-4.6719
OTLE	-4.6719
LITA	-4.6719
OSTU	-4.6719
HEAU	-4.6719
CKNO	-4.6719
UNLE	-4.6719
ITOU	-4.6719
HUMB	-4.6719
EMHE	-4.6719
DGEN	-4.6719
UEOF	-4.6719
NPRE	-4.6719
CURR	-4.6719
OLDB	-4.6719
RORS	-4.6719
IDDE	-4.6719
EYWH	-4.6719
ARDY	-4.6719
SEDE	-4.6719
ALEB	-4.6719
SOLV	-4.6719
RELO	-4.6719
EPUL	-4.6719
THLI	-4.6719
IEDR	-4.6719
SLAY	-4.6719
SIXT	-4.6742
AUTH	-4.6742
EEAB	-4.6742
TAUG	-4.6742
ALFO	-4.6742
SCHE	-4.6742
IFEW	-4.6742
NCIL	-4.6742
NGNE	-4.6742
ALAS	-4.6742
VEON	-4.6742
IFWE	-4.6742
LADT	-4.6742
NWOU	-4.6742
WHOT	-4.6742
REVA	-4.6742
APLE	-4.6742
GTHR	-4.6742
NDAH	-4.6742
GNOT	-4.6742
ASIS	-4.6742
EDIM	-4.6742
YFOU	-4.6742
LOAT	-4.6742
ERYI	-4.6742
AIND	-4.6742
EYFO	-4.6742
HKIN	-4.6742
UTHW	-4.6742
LYIT	-4.6742
OSHO	-4.6742
YCAL	-4.6742
DHAN	-4.6742
NDIG	-4.6742
SLEA	-4.6742
OFRI	-4.6742
RLAS	-4.6742
HANW	-4.6742
FOFT	-4.6742
ORBI	-4.6742
GOFJ	-4.6742
SPOU	-4.6742
NLAN	-4.6742
SQUE	-4.6742
BARB	-4.6742
FBAB	-4.6742
ADHA	-4.6765
PECU	-4.6765
NLYH	-4.6765
LLOO	-4.6765
ORSU	-4.6765
TTOP	-4.6765
OPED	-4.6765
RYWA	-4.6765
CKON	-4.6765
KHIS	-4.6765
NERE	-4.6765
LUTI	-4.6765
RGEO	-4.6765
HITS	-4.6765
DNEI	-4.6765
PITA	-4.6765
IGNS	-4.6765
ITEC	-4.6765
OPLA	-4.6765
LWHA	-4.6765
NGAC	-4.6765
ILEI	-4.6765
UTIW	-4.6765
AYAS	-4.6765
OKAN	-4.6765
ANCA	-4.6765
TWOH	-4.6765
UBUT	-4.6765
TOAD	-4.6765
OUAS	-4.6765
SIFI	-4.6765
UNTH	-4.6765
DSOU	-4.6765
LVED	-4.6765
ISCL	-4.6765
ASBU	-4.6765
OHEL	-4.6765
ADER	-4.6765
EROS	-4.6765
EESO	-4.6765
PALE	-4.6765
INJU	-4.6765
EBAL	-4.6765
ASWA	-4.6765
LIMB	-4.6765
EIRN	-4.6765
EDYE	-4.6765
EDER	-4.6765
IJAH	-4.6765
ALBO	-4.6765
ECIL	-4.6765
FAMO	-4.6788
NDVE	-4.6788
GHLY	-4.6788
NTMA	-4.6788
ACTO	-4.6788
RTIM	-4.6788
MPLO	-4.6788
ODIE	-4.6788
RSUE	-4.6788
ANKI	-4.6788
HIMP	-4.6788
ASTC	-4.6788
VALU	-4.6788
NDCL	-4.6788
TTEL	-4.6788
BEMO	-4.6788
HOMA	-4.6788
EIMA	-4.6788
DOAN	-4.6788
NEOU	-4.6788
SHTO	-4.6788
TIOU	-4.6788
LEDS	-4.6788
TACC	-4.6788
OVEO	-4.6788
OFAD	-4.6788
RSEC	-4.6788
NLEA	-4.6788
YESW	-4.6788
STHU	-4.6788
EBAS	-4.6788
EROC	-4.6788
IOUR	-4.6788
DHEM	-4.6788
TSOE	-4.6788
ELST	-4.6788
SHOL	-4.6788
NDOV	-4.6788
TFEA	-4.6788
OFBL	-4.6788
FILE	-4.6788
ECTU	-4.6812
IRLI	-4.6812
EERF	-4.6812
PITY	-4.6812
DNON	-4.6812
YSPE	-4.6812
ANAC	-4.6812
NNOR	-4.6812
INAG	-4.6812
ORAF	-4.6812
ULDW	-4.6812
YLEA	-4.6812
OBEG	-4.6812
RFAM	-4.6812
OONT	-4.6812
STDA	-4.6812
MCOM	-4.6812
TOAP	-4.6812
MEHI	-4.6812
APRE	-4.6812
HEIG	-4.6812
EIFI	-4.6812
URLI	-4.6812
DALM	-4.6812
EBED	-4.6812
LANG	-4.6812
ADLE	-4.6812
HPLA	-4.6812
TREP	-4.6812
DMOT	-4.6812
YHES	-4.6812
TLOV	-4.6812
LHAD	-4.6812
TSPO	-4.6812
CORE	-4.6812
EDBR	-4.6812
LETN	-4.6812
LLOC	-4.6812
ANAA	-4.6812
YPTI	-4.6812
BBAT	-4.6812
WSHE	-4.6835
AMUS	-4.6835
ADAY	-4.6835
APIT	-4.6835
SITO	-4.6835
KNOT	-4.6835
SINW	-4.6835
DCAP	-4.6835
REFA	-4.6835
OTHR	-4.6835
ICIE	-4.6835
ODER	-4.6835
KEIN	-4.6835
VITA	-4.6835
TEHE	-4.6835
DFAS	-4.6835
ESBY	-4.6835
OPET	-4.6835
STYE	-4.6835
ATLY	-4.6835
QUIS	-4.6835
LDAL	-4.6835
TISO	-4.6835
UNTS	-4.6835
GREW	-4.6835
DELA	-4.6835
SBES	-4.6835
DATL	-4.6835
PARK	-4.6835
HIPP	-4.6835
HEDF	-4.6835
MYBO	-4.6835
STMO	-4.6835
LONT	-4.6835
ARHI	-4.6835
NATO	-4.6835
NDFU	-4.6835
IEFO	-4.6835
ELLU	-4.6835
ERUB	-4.6835
ORYE	-4.6835
RSMA	-4.6858
FOND	-4.6858
OOMU	-4.6858
TIVI	-4.6858
TFIE	-4.6858
HOVE	-4.6858
ENOB	-4.6858
ERBA	-4.6858
NKIT	-4.6858
NYOT	-4.6858
ILYO	-4.6858
OWDE	-4.6858
ACAN	-4.6858
ITLE	-4.6858
MSTO	-4.6858
YLET	-4.6858
EUSE	-4.6858
NESE	-4.6858
SSMA	-4.6858
LNEV	-4.6858
RMET	-4.6858
SOFY	-4.6858
PTUR	-4.6858
SALA	-4.6858
YMAD	-4.6858
INAP	-4.6858
ANIE	-4.6858
TSIT	-4.6858
NCIS	-4.6858
SFIN	-4.6858
ABSO	-4.6858
UTEL	-4.6858
MSTH	-4.6858
LMOR	-4.6858
TISC	-4.6858
CHCA	-4.6858
RANI	-4.6858
MYNA	-4.6858
TEDN	-4.6858
DBAR	-4.6858
EBOW	-4.6858
LBED	-4.6858
EHEE	-4.6858
BERR	-4.6858
EESC	-4.6858
CECI	-4.6858
ARBA	-4.6858
THYD	-4.6858
MALS	-4.6858
SABB	-4.6858
REAG	-4.6882
OFUS	-4.6882
GHTP	-4.6882
BEON	-4.6882
YLAN	-4.6882
ITMI	-4.6882
WASJ	-4.6882
NTFR	-4.6882
RMAT	-4.6882
UREF	-4.6882
EMRS	-4.6882
EDIC	-4.6882
RHAR	-4.6882
YMUS	-4.6882
STSU	-4.6882
TTOC	-4.6882
TDOY	-4.6882
FNOT	-4.6882
DSPO	-4.6882
LFWI	-4.6882
NSPE	-4.6882
ONUN	-4.6882
ISCE	-4.6882
ATRO	-4.6882
VEND	-4.6882
NNOC	-4.6882
ESOT	-4.6882
DIDO	-4.6882
THWE	-4.6882
UTMO	-4.6882
PEAN	-4.6882
LLPA	-4.6882
OULE	-4.6882
FEED	-4.6882
SCRO	-4.6882
VENL	-4.6882
BROO	-4.6882
LEHO	-4.6906
MMAS	-4.6906
ANTM	-4.6906
GEON	-4.6906
ITSS	-4.6906
RIGI	-4.6906
ATMR	-4.6906
ORLI	-4.6906
OTWA	-4.6906
TOON	-4.6906
SSOT	-4.6906
ITSB	-4.6906
BLEN	-4.6906
RIVI	-4.6906
RDAU	-4.6906
LEGI	-4.6906
ENTP	-4.6906
ESSN	-4.6906
RSER	-4.6906
TTIL	-4.6906
UNCI	-4.6906
TELI	-4.6906
EDEM	-4.6906
TOAB	-4.6906
LYME	-4.6906
NARC	-4.6906
ONCL	-4.6906
RTOD	-4.6906
OCEN	-4.6906
AKTH	-4.6906
RDES	-4.6906
ONAH	-4.6906
NKLE	-4.6906
PFRO	-4.6906
OYAG	-4.6906
HEAF	-4.6930
OTME	-4.6930
LOND	-4.6930
DYTH	-4.6930
YABO	-4.6930
OFRA	-4.6930
RLYA	-4.6930
PICT	-4.6930
OMPR	-4.6930
EOFR	-4.6930
OFBU	-4.6930
WFUL	-4.6930
ONDS	-4.6930
RDRE	-4.6930
LTAN	-4.6930
YREM	-4.6930
ELDO	-4.6930
LYLI	-4.6930
ETAS	-4.6930
EANH	-4.6930
SSWA	-4.6930
NGAM	-4.6930
SINI	-4.6930
HUST	-4.6930
BEIT	-4.6930
NEFA	-4.6930
REBR	-4.6930
OUDA	-4.6930
ISPU	-4.6930
SMAS	-4.6930
RCAM	-4.6930
KNEE	-4.6930
ETHB	-4.6930
EQUO	-4.6930
RCAR	-4.6954
AFRI	-4.6954
DFRI	-4.6954
TOCH	-4.6954
IMEH	-4.6954
DSUP	-4.6954
ADBU	-4.6954
UNGL	-4.6954
GITA	-4.6954
NSCO	-4.6954
COMB	-4.6954
NAMA	-4.6954
ASEO	-4.6954
IESB	-4.6954
DLEO	-4.6954
ERUP	-4.6954
LERO	-4.6954
ERYR	-4.6954
KHER	-4.6954
SELY	-4.6954
IMSH	-4.6954
ECER	-4.6954
TOOF	-4.6954
LLPU	-4.6954
UHAD	-4.6954
NANA	-4.6954
BSTA	-4.6954
UARY	-4.6954
URIS	-4.6954
OTYE	-4.6954
INFU	-4.6954
DANN	-4.6954
HAMM	-4.6954
HEEG	-4.6954
IFYE	-4.6954
VOYA	-4.6954
IDNT	-4.6954
YOFS	-4.6978
IKED	-4.6978
OWBU	-4.6978
RALA	-4.6978
WEDO	-4.6978
SOHA	-4.6978
NGSF	-4.6978
NBEC	-4.6978
EENP	-4.6978
PLOY	-4.6978
UESS	-4.6978
AWHO	-4.6978
ADWI	-4.6978
MEDE	-4.6978
AYSE	-4.6978
EVIA	-4.6978
CIES	-4.6978
EGOA	-4.6978
AREV	-4.6978
XTRA	-4.6978
ONHO	-4.6978
NUND	-4.6978
DNOM	-4.6978
EMST	-4.6978
EADH	-4.6978
HITT	-4.6978
UTDO	-4.6978
BOND	-4.6978
ENGO	-4.6978
NSSH	-4.6978
UINT	-4.6978
HUPO	-4.6978
DSOT	-4.6978
NALT	-4.6978
NDKE	-4.6978
OYAL	-4.6978
NEEL	-4.6978
KEAL	-4.6978
ACKW	-4.6978
RNET	-4.6978
HYEA	-4.6978
TIMO	-4.6978
ATUT	-4.6978
RHAT	-4.6978
MIAH	-4.6978
CISC	-4.6978
ENMI	-4.7002
NIND	-4.7002
RTEN	-4.7002
ERAD	-4.7002
HUMO	-4.7002
OHAR	-4.7002
ISQU	-4.7002
NSBU	-4.7002
LLIF	-4.7002
GLEA	-4.7002
WNFR	-4.7002
NOFN	-4.7002
SBEG	-4.7002
OSTP	-4.7002
EFAN	-4.7002
OVEL	-4.7002
OSTC	-4.7002
GODD	-4.7002
EYHE	-4.7002
NITH	-4.7002
MATH	-4.7002
AYRE	-4.7002
KESA	-4.7002
TOWO	-4.7002
WIVE	-4.7002
EINV	-4.7002
ISEV	-4.7002
LSEN	-4.7002
TPUT	-4.7002
ATSP	-4.7002
HENP	-4.7002
ASAR	-4.7002
RIFT	-4.7002
ISHW	-4.7002
CEMO	-4.7002
USCA	-4.7002
AVIO	-4.7002
TBRI	-4.7002
WHOR	-4.7002
EMOO	-4.7002
EDCH	-4.7027
DSOO	-4.7027
IVEW	-4.7027
HOWO	-4.7027
DRET	-4.7027
RWER	-4.7027
LEPR	-4.7027
NEYO	-4.7027
OTPR	-4.7027
RIZE	-4.7027
TLYB	-4.7027
ITYH	-4.7027
IRWI	-4.7027
EYMI	-4.7027
FITI	-4.7027
LTOT	-4.7027
EINO	-4.7027
AYIS	-4.7027
DISG	-4.7027
NIFE	-4.7027
ULDY	-4.7027
ELEN	-4.7027
RAPI	-4.7027
EYWA	-4.7027
PSOF	-4.7027
BUTG	-4.7027
VEUN	-4.7027
MAGN	-4.7027
ORMS	-4.7027
BASK	-4.7027
DSIL	-4.7027
CHOR	-4.7027
HUSH	-4.7027
GOAT	-4.7027
SUSS	-4.7027
TARA	-4.7027
KUNT	-4.7027
AELI	-4.7027
ULER	-4.7027
INMO	-4.7052
MRWE	-4.7052
ILOF	-4.7052
DLIN	-4.7052
INDM	-4.7052
RIND	-4.7052
PRID	-4.7052
UADE	-4.7052
CEHI	-4.7052
MASA	-4.7052
ENTN	-4.7052
CELY	-4.7052
FWHO	-4.7052
LDEA	-4.7052
EGUI	-4.7052
MAYH	-4.7052
DOIT	-4.7052
EMAG	-4.7052
TOOB	-4.7052
DTAL	-4.7052
DWEA	-4.7052
POET	-4.7052
USSH	-4.7052
COTT	-4.7052
ANGL	-4.7052
UNAN	-4.7052
ATAM	-4.7052
SOIS	-4.7052
UTCH	-4.7052
DISR	-4.7052
ECRA	-4.7052
ATJE	-4.7052
EUER	-4.7052
RWOO	-4.7076
ANYD	-4.7076
DBYM	-4.7076
ACOU	-4.7076
NORC	-4.7076
LSOM	-4.7076
LEMN	-4.7076
ANAM	-4.7076
IMOF	-4.7076
UITT	-4.7076
CECO	-4.7076
EVAI	-4.7076
UDED	-4.7076
HAHA	-4.7076
SOFN	-4.7076
UTEV	-4.7076
DWIN	-4.7076
SEDS	-4.7076
LARM	-4.7076
EEMT	-4.7076
TITE	-4.7076
DAGR	-4.7076
TEWI	-4.7076
ENDH	-4.7076
NJUS	-4.7076
RTOW	-4.7076
EORA	-4.7076
ESSD	-4.7076
MPTI	-4.7076
AYSB	-4.7076
APOL	-4.7076
EDIR	-4.7076
RRIN	-4.7076
HTSH	-4.7076
ESQU	-4.7076
PLAT	-4.7076
STUP	-4.7076
YITS	-4.7076
FORP	-4.7076
ROOT	-4.7076
TSAR	-4.7076
CUTT	-4.7076
DINF	-4.7076
GESO	-4.7076
NNET	-4.7076
OTOU	-4.7076
VERU	-4.7076
ALEI	-4.7076
SALV	-4.7076
PEQU	-4.7076
SNAT	-4.7101
INKH	-4.7101
ANYI	-4.7101
URRY	-4.7101
STLO	-4.7101
OKHI	-4.7101
SNEV	-4.7101
RSCH	-4.7101
NGTI	-4.7101
RYMO	-4.7101
TUNA	-4.7101
MACH	-4.7101
OFPO	-4.7101
SURR	-4.7101
OBAT	-4.7101
PPLE	-4.7101
ADVI	-4.7101
GEDH	-4.7101
ACKO	-4.7101
ENOI	-4.7101
EIWA	-4.7101
ETES	-4.7101
RSTE	-4.7101
GAWA	-4.7101
NIHA	-4.7101
ICIA	-4.7101
RAWA	-4.7101
URNO	-4.7101
VOID	-4.7101
GTOW	-4.7101
HALO	-4.7101
SPUR	-4.7101
FLOU	-4.7101
ORIO	-4.7101
EDIV	-4.7101
RDAL	-4.7101
YNIG	-4.7101
ULFI	-4.7101
MRST	-4.7101
YTHY	-4.7101
QUOD	-4.7101
LYAL	-4.7126
NGPA	-4.7126
SCIO	-4.7126
ENDW	-4.7126
LYLO	-4.7126
NHIG	-4.7126
ODYA	-4.7126
NTAB	-4.7126
CEOR	-4.7126
SOTO	-4.7126
OWMU	-4.7126
EHED	-4.7126
TYHE	-4.7126
EXTE	-4.7126
SETA	-4.7126
OMEG	-4.7126
ESCH	-4.7126
NVIN	-4.7126
ANTF	-4.7126
OYAN	-4.7126
TOOP	-4.7126
EICA	-4.7126
OCHA	-4.7126
ORAC	-4.7126
TSUR	-4.7126
ATPE	-4.7126
VERP	-4.7126
ENMY	-4.7126
EDAC	-4.7126
ADEB	-4.7126
EIRV	-4.7126
SWEN	-4.7126
GION	-4.7126
RDBU	-4.7126
TCAL	-4.7126
MPED	-4.7126
DINO	-4.7126
PUNI	-4.7126
DEME	-4.7126
ICHD	-4.7126
BILL	-4.7126
RAIL	-4.7126
LVAT	-4.7126
DLIV	-4.7151
EDDI	-4.7151
ITAR	-4.7151
RTFI	-4.7151
USMA	-4.7151
YSUC	-4.7151
OORW	-4.7151
RIEV	-4.7151
BODI	-4.7151
NLOV	-4.7151
ORER	-4.7151
KEDF	-4.7151
SBAT	-4.7151
NOLO	-4.7151
OWNL	-4.7151
ADYA	-4.7151
YEDA	-4.7151
EASM	-4.7151
TRIV	-4.7151
DYEL	-4.7151
ETAR	-4.7151
RYST	-4.7151
ECID	-4.7151
ISEH	-4.7151
ASOU	-4.7151
EDFI	-4.7151
ALDE	-4.7151
TBOR	-4.7151
DABR	-4.7151
CANI	-4.7151
SEAM	-4.7151
OMYS	-4.7151
STCA	-4.7151
TSAS	-4.7151
ESTD	-4.7151
ONFU	-4.7151
ONCA	-4.7151
TITT	-4.7151
KOUT	-4.7151
ITRE	-4.7151
ARBE	-4.7151
DEMA	-4.7151
ECLI	-4.7151
DENA	-4.7151
AILA	-4.7151
ORAB	-4.7151
RIME	-4.7151
TLAN	-4.7151
VILA	-4.7151
APOS	-4.7151
RESC	-4.7151
ARTM	-4.7151
RIPT	-4.7151
ICTO	-4.7151
EUNI	-4.7151
ISKI	-4.7151
THIE	-4.7151
HYWO	-4.7151
ATHG	-4.7151
MUEL	-4.7151
RALO	-4.7177
IANA	-4.7177
OCTO	-4.7177
LESE	-4.7177
YITI	-4.7177
AMIT	-4.7177
YTOM	-4.7177
ERSR	-4.7177
RCLE	-4.7177
CHHI	-4.7177
PROO	-4.7177
ASEI	-4.7177
ARHE	-4.7177
OSTF	-4.7177
ORAP	-4.7177
UCHC	-4.7177
SHEG	-4.7177
ITSW	-4.7177
OMMU	-4.7177
INEL	-4.7177
EEFR	-4.7177
HASS	-4.7177
ACTS	-4.7177
MENC	-4.7177
HOFH	-4.7177
NTSS	-4.7177
NMOR	-4.7177
HYSH	-4.7177
ASAI	-4.7177
RAME	-4.7177
URPA	-4.7177
SSIL	-4.7177
LYEN	-4.7177
EVIO	-4.7177
SHIG	-4.7177
SOPH	-4.7177
ARKI	-4.7177
OFGA	-4.7177
ENQU	-4.7177
ICKI	-4.7177
DWHY	-4.7177
GHEA	-4.7177
OFFR	-4.7177
WOTH	-4.7177
BEYE	-4.7177
OEAT	-4.7177
IDWI	-4.7177
TDWE	-4.7177
MUSG	-4.7177
NEOW	-4.7177
TAFF	-4.7202
SABL	-4.7202
AWAR	-4.7202
YHEW	-4.7202
INLI	-4.7202
TSBU	-4.7202
SDAU	-4.7202
EYIN	-4.7202
VEBU	-4.7202
YINH	-4.7202
DAYH	-4.7202
ASER	-4.7202
OSTW	-4.7202
GROO	-4.7202
IREM	-4.7202
NFER	-4.7202
TOFD	-4.7202
SPUT	-4.7202
ELLD	-4.7202
MNOW	-4.7202
OMSO	-4.7202
FEWM	-4.7202
MANM	-4.7202
SHEO	-4.7202
RAIT	-4.7202
ELSH	-4.7202
SATD	-4.7202
UNFO	-4.7202
MELO	-4.7202
EDGR	-4.7202
ETOK	-4.7202
GSHO	-4.7202
NGPL	-4.7202
OLDC	-4.7202
HENL	-4.7202
HTLY	-4.7202
WALT	-4.7202
SSEH	-4.7202
RSEV	-4.7228
OMSH	-4.7228
YITW	-4.7228
MELA	-4.7228
ESAG	-4.7228
LLEV	-4.7228
URNS	-4.7228
SSPO	-4.7228
CEAT	-4.7228
SEDM	-4.7228
KELY	-4.7228
CEDO	-4.7228
ICEH	-4.7228
REOR	-4.7228
NSUL	-4.7228
DDAR	-4.7228
VEDW	-4.7228
OLAN	-4.7228
RALT	-4.7228
RUEL	-4.7228
ANIC	-4.7228
AFFA	-4.7228
SNOS	-4.7228
BRAI	-4.7228
KEDM	-4.7228
NIAM	-4.7228
RJOH	-4.7228
ENLE	-4.7228
TANS	-4.7228
NGGR	-4.7228
FEST	-4.7228
FTIN	-4.7228
NVAI	-4.7228
ENIW	-4.7228
ETBE	-4.7228
HOCA	-4.7228
UITO	-4.7228
ENLO	-4.7228
CKLY	-4.7228
SHOT	-4.7228
ANQU	-4.7228
GUAR	-4.7228
NOWC	-4.7228
ORDL	-4.7228
LBEB	-4.7228
BUND	-4.7228
IMEL	-4.7228
SEDU	-4.7228
ASTP	-4.7228
CRIP	-4.7228
HMEA	-4.7228
GRAP	-4.7228
CKST	-4.7228
CRIM	-4.7228
BANK	-4.7228
OULA	-4.7228
HYNA	-4.7228
DERM	-4.7254
MONY	-4.7254
ITFR	-4.7254
NDNA	-4.7254
NGCH	-4.7254
OLER	-4.7254
YREP	-4.7254
ERYN	-4.7254
ELYW	-4.7254
DSMO	-4.7254
WNWI	-4.7254
ITEM	-4.7254
OMPE	-4.7254
COOL	-4.7254
NNEI	-4.7254
ESKI	-4.7254
RACI	-4.7254
PONS	-4.7254
OFTI	-4.7254
HTON	-4.7254
ADYR	-4.7254
LAGU	-4.7254
CEMA	-4.7254
NSBE	-4.7254
GUPT	-4.7254
APST	-4.7254
LDAS	-4.7254
ALSA	-4.7254
UBST	-4.7254
RMOS	-4.7254
LEDE	-4.7254
ELLF	-4.7254
NORO	-4.7254
HRES	-4.7254
MADA	-4.7254
ICEB	-4.7254
ABUN	-4.7254
EEBE	-4.7254
ROYA	-4.7254
NADA	-4.7254
RONO	-4.7254
LTBE	-4.7254
ANYR	-4.7279
CULI	-4.7279
ELDI	-4.7279
IFSH	-4.7279
ODON	-4.7279
LLHO	-4.7279
LNOW	-4.7279
OFEE	-4.7279
HYDO	-4.7279
AMAZ	-4.7279
ELYF	-4.7279
UCHW	-4.7279
MMUN	-4.7279
NMAD	-4.7279
PEDO	-4.7279
STET	-4.7279
OLIN	-4.7279
EEYO	-4.7279
NHEL	-4.7279
WSHA	-4.7279
ENEE	-4.7279
ANWE	-4.7279
NBEA	-4.7279
PLAG	-4.7279
UPRI	-4.7279
PRIG	-4.7279
TLON	-4.7279
SMYS	-4.7279
EMEI	-4.7279
LEFI	-4.7279
EFIG	-4.7279
LEDM	-4.7279
OFFH	-4.7279
OMMY	-4.7279
NSAR	-4.7279
LASK	-4.7279
DFLA	-4.7279
HATJ	-4.7279
HATK	-4.7279
MBEA	-4.7279
AWAK	-4.7279
ISBL	-4.7279
FSIL	-4.7279
LPER	-4.7279
AVAG	-4.7279
NCHI	-4.7279
SPIS	-4.7279
RACK	-4.7279
PHAT	-4.7279
ONEU	-4.7279
ANDZ	-4.7279
OSEU	-4.7279
BLAS	-4.7279
IRDS	-4.7279
TOUN	-4.7306
INGJ	-4.7306
TSOU	-4.7306
ITHN	-4.7306
TOAT	-4.7306
TARO	-4.7306
DOME	-4.7306
UMOU	-4.7306
WIDO	-4.7306
ITUN	-4.7306
ADFU	-4.7306
ADWA	-4.7306
DEXC	-4.7306
HREW	-4.7306
EFRA	-4.7306
EDVE	-4.7306
OOFT	-4.7306
LOOM	-4.7306
ENIC	-4.7306
RTSA	-4.7306
GALI	-4.7306
TATH	-4.7306
OTOT	-4.7306
SSBE	-4.7306
ELYH	-4.7306
ETIS	-4.7306
MOFF	-4.7306
LLTR	-4.7306
URRI	-4.7306
CHSA	-4.7306
NFUS	-4.7306
FUSI	-4.7306
LLPE	-4.7306
OWLI	-4.7306
RDNO	-4.7306
SORS	-4.7306
USEN	-4.7306
ODOR	-4.7306
URMO	-4.7306
TFAR	-4.7306
HYCO	-4.7306
TJER	-4.7306
BOAM	-4.7306
ADTA	-4.7332
RGEA	-4.7332
EMSH	-4.7332
YSOR	-4.7332
LOWH	-4.7332
EDWO	-4.7332
ICEM	-4.7332
CKEN	-4.7332
OFAG	-4.7332
EMUC	-4.7332
MEBY	-4.7332
VEDS	-4.7332
REGI	-4.7332
OWON	-4.7332
IETS	-4.7332
TAVE	-4.7332
TSUP	-4.7332
UREB	-4.7332
ETEA	-4.7332
VERR	-4.7332
GTOD	-4.7332
LIZA	-4.7332
DSFO	-4.7332
HASM	-4.7332
SENE	-4.7332
DREM	-4.7332
ELOS	-4.7332
SEXC	-4.7332
YINS	-4.7332
GITI	-4.7332
EERI	-4.7332
DCRI	-4.7332
YFAI	-4.7332
DARI	-4.7332
RSNO	-4.7332
HTST	-4.7332
THGI	-4.7332
IANC	-4.7332
CHWH	-4.7332
ONEG	-4.7332
DHEP	-4.7332
LSOH	-4.7332
UARD	-4.7332
THPA	-4.7332
OOKU	-4.7332
PONY	-4.7332
ILLU	-4.7332
PISE	-4.7332
SAVA	-4.7332
MMIN	-4.7332
ABIN	-4.7332
EADL	-4.7332
LDNT	-4.7332
USTW	-4.7358
RSTS	-4.7358
BRID	-4.7358
RWOU	-4.7358
AMIS	-4.7358
AMIA	-4.7358
UNIV	-4.7358
DFEE	-4.7358
WEMU	-4.7358
OWWE	-4.7358
EXER	-4.7358
ABSE	-4.7358
BSEN	-4.7358
NDAV	-4.7358
LANE	-4.7358
PRIZ	-4.7358
ODNE	-4.7358
FGRE	-4.7358
RSAS	-4.7358
LARI	-4.7358
ITYF	-4.7358
NCIP	-4.7358
DATA	-4.7358
DSIT	-4.7358
INEB	-4.7358
EGUL	-4.7358
ECIS	-4.7358
HEMC	-4.7358
YREC	-4.7358
UCHF	-4.7358
RSSO	-4.7358
EFEN	-4.7358
ULOF	-4.7358
IFEL	-4.7358
EESH	-4.7358
UTYE	-4.7358
GAGA	-4.7358
ARWI	-4.7358
OOMS	-4.7358
GERW	-4.7358
EISO	-4.7358
NOFO	-4.7358
HHAV	-4.7358
FUTU	-4.7358
ORFE	-4.7358
NDCU	-4.7358
DABI	-4.7358
AVEU	-4.7358
DAIN	-4.7358
LISR	-4.7358
LONA	-4.7358
SPEL	-4.7358
BOLD	-4.7358
IMOU	-4.7358
NTKN	-4.7358
ATHF	-4.7358
MTHY	-4.7358
ERNS	-4.7385
ACTU	-4.7385
ASBR	-4.7385
EAKO	-4.7385
YTRU	-4.7385
OSEM	-4.7385
EEDN	-4.7385
NTIF	-4.7385
HTYO	-4.7385
OODY	-4.7385
HADW	-4.7385
TOFR	-4.7385
ICIN	-4.7385
HOOS	-4.7385
ELYC	-4.7385
PPAR	-4.7385
ATAB	-4.7385
EDMI	-4.7385
OOUT	-4.7385
SDEL	-4.7385
IRLA	-4.7385
ENIM	-4.7385
EIMM	-4.7385
HYES	-4.7385
PALL	-4.7385
DSTU	-4.7385
LAGA	-4.7385
OUTU	-4.7385
IVEF	-4.7385
YSAW	-4.7385
DSTE	-4.7385
FURN	-4.7385
EEDW	-4.7385
RARE	-4.7385
FANA	-4.7385
AFOO	-4.7385
LLAM	-4.7385
ISTT	-4.7385
RSCA	-4.7385
LAWS	-4.7385
IRAL	-4.7385
PLED	-4.7385
NDKN	-4.7385
RTHF	-4.7385
SSFA	-4.7385
SMEL	-4.7385
DROS	-4.7385
ULLW	-4.7385
FRED	-4.7385
TEET	-4.7385
SAIN	-4.7385
ISEU	-4.7385
TJES	-4.7385
GIUE	-4.7385
NLIG	-4.7411
RABO	-4.7411
MASH	-4.7411
TRYA	-4.7411
SSUP	-4.7411
WERF	-4.7411
ANKC	-4.7411
RROU	-4.7411
ISIB	-4.7411
TCHT	-4.7411
MEMA	-4.7411
NICE	-4.7411
EHUM	-4.7411
NEAL	-4.7411
MESU	-4.7411
RCAN	-4.7411
SPAI	-4.7411
NEDE	-4.7411
HTOB	-4.7411
OTLO	-4.7411
ATFA	-4.7411
SREP	-4.7411
ODAS	-4.7411
GLES	-4.7411
IGIV	-4.7411
GETA	-4.7411
UTME	-4.7411
PTHI	-4.7411
LAWO	-4.7411
FFAN	-4.7411
HEYN	-4.7411
PENA	-4.7411
RWIN	-4.7411
ESKY	-4.7411
LEAL	-4.7411
OPPR	-4.7411
TNEI	-4.7411
SSUN	-4.7411
OCKT	-4.7411
INNA	-4.7411
ALMI	-4.7411
LBOT	-4.7411
PALA	-4.7411
CTIF	-4.7411
YSTI	-4.7411
OMOU	-4.7411
ORLA	-4.7411
PELE	-4.7411
ISAA	-4.7411
ONTT	-4.7411
BAAL	-4.7411
OULL	-4.7411
JERE	-4.7411
EAUE	-4.7411
VPON	-4.7411
RUTU	-4.7411
STAF	-4.7438
TOHO	-4.7438
ENDM	-4.7438
MUSE	-4.7438
HBUR	-4.7438
RENW	-4.7438
YVER	-4.7438
TMIS	-4.7438
PONE	-4.7438
RTIF	-4.7438
MBEC	-4.7438
DONW	-4.7438
CEON	-4.7438
AWHE	-4.7438
RYGR	-4.7438
MIRE	-4.7438
RFEA	-4.7438
RIDO	-4.7438
UPWI	-4.7438
ESIX	-4.7438
NCAN	-4.7438
ILIG	-4.7438
OTSU	-4.7438
ORDR	-4.7438
SCAS	-4.7438
RSUB	-4.7438
DOMS	-4.7438
OCAT	-4.7438
PEED	-4.7438
FERT	-4.7438
REVO	-4.7438
REEH	-4.7438
IVEB	-4.7438
VILT	-4.7438
NDNI	-4.7438
EMOF	-4.7438
ESYE	-4.7438
MEYE	-4.7438
IREI	-4.7438
LECA	-4.7438
ORYT	-4.7438
YTUR	-4.7438
LLRI	-4.7438
MOKE	-4.7438
ATHP	-4.7438
ABSA	-4.7438
ZION	-4.7438
RSEO	-4.7465
ULIA	-4.7465
UCHB	-4.7465
RECH	-4.7465
ULOU	-4.7465
LLYC	-4.7465
YASS	-4.7465
LYDO	-4.7465
HIMG	-4.7465
HIMR	-4.7465
LDLI	-4.7465
SMAK	-4.7465
SSBA	-4.7465
RMRS	-4.7465
NTHU	-4.7465
EDPA	-4.7465
OFTW	-4.7465
DFAI	-4.7465
ALKA	-4.7465
ROMP	-4.7465
ERID	-4.7465
REEF	-4.7465
CHIH	-4.7465
NDUS	-4.7465
TICO	-4.7465
SODO	-4.7465
REEX	-4.7465
YEYE	-4.7465
HINI	-4.7465
DAGE	-4.7465
EDGO	-4.7465
RCED	-4.7465
USPI	-4.7465
NOUS	-4.7465
EMYF	-4.7465
LEOR	-4.7465
NCAL	-4.7465
SSIV	-4.7465
USWI	-4.7465
OLDY	-4.7465
HAMO	-4.7465
EITF	-4.7465
ISTL	-4.7465
INOT	-4.7465
PTIA	-4.7465
HORA	-4.7465
IRDE	-4.7465
TRIP	-4.7465
GOUP	-4.7465
EPEQ	-4.7465
NGDA	-4.7493
SBEL	-4.7493
RYPR	-4.7493
DESH	-4.7493
ASIM	-4.7493
USTG	-4.7493
MVER	-4.7493
TOPI	-4.7493
TEFU	-4.7493
LLYH	-4.7493
ODYS	-4.7493
IDOW	-4.7493
ANLI	-4.7493
ARMT	-4.7493
ODYO	-4.7493
RSUN	-4.7493
ABIL	-4.7493
SMER	-4.7493
EDBO	-4.7493
UNGR	-4.7493
ULTE	-4.7493
FARF	-4.7493
TBED	-4.7493
OTIM	-4.7493
UDEA	-4.7493
USEB	-4.7493
OWIF	-4.7493
OUSD	-4.7493
ENIF	-4.7493
DCAN	-4.7493
BLEE	-4.7493
EISM	-4.7493
LBEM	-4.7493
EWRO	-4.7493
OPRI	-4.7493
NHET	-4.7493
HTBU	-4.7493
MEWE	-4.7493
TEME	-4.7493
NTIA	-4.7493
UGGE	-4.7493
ANRE	-4.7493
NGSM	-4.7493
EDOT	-4.7493
TSPR	-4.7493
MPTY	-4.7493
IDEH	-4.7493
YCHI	-4.7493
ANIF	-4.7493
UTSA	-4.7493
UING	-4.7493
NEVI	-4.7493
LSTR	-4.7493
IRGO	-4.7493
AMID	-4.7493
SSCO	-4.7493
TMES	-4.7493
DSTT	-4.7493
DHAM	-4.7493
TTET	-4.7493
SCIT	-4.7493
HYBR	-4.7493
YEMA	-4.7493
NHAT	-4.7493
IGHL	-4.7520
VEWH	-4.7520
REEV	-4.7520
FHEW	-4.7520
HORO	-4.7520
URWA	-4.7520
BEVE	-4.7520
SCUR	-4.7520
IDEM	-4.7520
ASIG	-4.7520
MEMY	-4.7520
UCHL	-4.7520
SOPE	-4.7520
URPL	-4.7520
ODWA	-4.7520
LEHI	-4.7520
MEDW	-4.7520
SCRA	-4.7520
YETW	-4.7520
GENC	-4.7520
GSWE	-4.7520
HISY	-4.7520
NGVE	-4.7520
DONC	-4.7520
RYRE	-4.7520
RRAT	-4.7520
BIRT	-4.7520
LBEI	-4.7520
SEON	-4.7520
AIDN	-4.7520
RARY	-4.7520
HEMD	-4.7520
AYON	-4.7520
MITI	-4.7520
MAMO	-4.7520
ORKA	-4.7520
KTOT	-4.7520
DINI	-4.7520
NISR	-4.7520
ESOS	-4.7520
ASGR	-4.7520
LIAM	-4.7520
AGRA	-4.7520
TISR	-4.7520
TWEM	-4.7520
EONO	-4.7520
POCK	-4.7520
FLIG	-4.7520
EKEL	-4.7520
ORDD	-4.7520
AMUE	-4.7520
ORWO	-4.7548
TKIN	-4.7548
SABE	-4.7548
CIET	-4.7548
NOME	-4.7548
LDEV	-4.7548
NAGR	-4.7548
IMFR	-4.7548
WMUC	-4.7548
NEDM	-4.7548
ITSI	-4.7548
LOFA	-4.7548
BEGU	-4.7548
TRUL	-4.7548
ONDR	-4.7548
HANM	-4.7548
ASWO	-4.7548
REPU	-4.7548
OLID	-4.7548
ENAC	-4.7548
REGU	-4.7548
NGEX	-4.7548
DFIV	-4.7548
FANE	-4.7548
OATA	-4.7548
OUTC	-4.7548
YASI	-4.7548
SEAB	-4.7548
SYES	-4.7548
ROVO	-4.7548
TILY	-4.7548
DLAN	-4.7548
PEDH	-4.7548
AINP	-4.7548
SORD	-4.7548
ITEI	-4.7548
LLOR	-4.7548
ISEX	-4.7548
PICK	-4.7548
NHAS	-4.7548
RBYT	-4.7548
PIRE	-4.7548
ETLY	-4.7548
OWMA	-4.7548
ATBA	-4.7548
LODG	-4.7548
ISVO	-4.7548
IEDU	-4.7548
HESN	-4.7548
DSAM	-4.7548
THCH	-4.7548
ULLT	-4.7548
LAMP	-4.7548
THBR	-4.7548
EMNA	-4.7548
LBRA	-4.7548
GILE	-4.7548
NTWE	-4.7575
HTAS	-4.7575
ASAW	-4.7575
AILY	-4.7575
RLIF	-4.7575
ORIW	-4.7575
ISHS	-4.7575
OCKO	-4.7575
YMAR	-4.7575
AYCO	-4.7575
GAFT	-4.7575
ARTB	-4.7575
HTOR	-4.7575
NORF	-4.7575
YRAN	-4.7575
NKCH	-4.7575
RIOS	-4.7575
AKEW	-4.7575
GANY	-4.7575
SFEL	-4.7575
OARS	-4.7575
BEAF	-4.7575
ARDM	-4.7575
IRAC	-4.7575
SSWE	-4.7575
OODD	-4.7575
SEVI	-4.7575
UTCO	-4.7575
URTE	-4.7575
RAGO	-4.7575
ODBU	-4.7575
CESI	-4.7575
ECIO	-4.7575
THAW	-4.7575
WTHI	-4.7575
OOLS	-4.7575
GEFO	-4.7575
ABID	-4.7575
ITSP	-4.7575
NGIV	-4.7575
REOU	-4.7575
AYHI	-4.7575
YERS	-4.7575
MRSE	-4.7575
DSIR	-4.7575
AIDD	-4.7575
ORRU	-4.7575
HABS	-4.7575
ODAV	-4.7575
HHAT	-4.7575
TUAR	-4.7575
AULS	-4.7575
DFAL	-4.7603
DCHI	-4.7603
FAUL	-4.7603
OCIE	-4.7603
ELAR	-4.7603
RTWI	-4.7603
DIDH	-4.7603
ILDT	-4.7603
CHAF	-4.7603
HLES	-4.7603
DSMI	-4.7603
ERIM	-4.7603
RKNO	-4.7603
TRIU	-4.7603
TEWA	-4.7603
DANE	-4.7603
ADGO	-4.7603
RTIE	-4.7603
ASEC	-4.7603
TWAN	-4.7603
IEDF	-4.7603
RASA	-4.7603
GCOM	-4.7603
NEYS	-4.7603
IRMO	-4.7603
SIWI	-4.7603
ETUP	-4.7603
LYPL	-4.7603
ISTU	-4.7603
LINH	-4.7603
WHYT	-4.7603
XIOU	-4.7603
EXCU	-4.7603
DSMA	-4.7603
EEXA	-4.7603
YBEG	-4.7603
CTAT	-4.7603
TITO	-4.7603
MISC	-4.7603
HITW	-4.7603
OFFF	-4.7603
TATL	-4.7603
YESE	-4.7603
PRAC	-4.7603
URBR	-4.7603
IPTH	-4.7603
YPAS	-4.7603
TANA	-4.7603
TNOM	-4.7603
FREN	-4.7603
CHIM	-4.7603
EWAI	-4.7603
WWIT	-4.7603
EEMP	-4.7603
ERTR	-4.7603
IRGI	-4.7603
SSYR	-4.7603
GODL	-4.7603
AYLO	-4.7631
SILL	-4.7631
UGHL	-4.7631
ERFL	-4.7631
ROMY	-4.7631
FANH	-4.7631
TALW	-4.7631
OTSP	-4.7631
RIMA	-4.7631
NEMO	-4.7631
TONY	-4.7631
SRAT	-4.7631
ILYT	-4.7631
VIAT	-4.7631
YGRA	-4.7631
SGEN	-4.7631
KEAG	-4.7631
IREW	-4.7631
TFAI	-4.7631
ODMA	-4.7631
DICT	-4.7631
ISAF	-4.7631
OTAB	-4.7631
ISCU	-4.7631
TSTE	-4.7631
NGIF	-4.7631
UITI	-4.7631
RIFY	-4.7631
DITB	-4.7631
NDSS	-4.7631
LLIK	-4.7631
ERUL	-4.7631
SHIL	-4.7631
DKEE	-4.7631
HIPT	-4.7631
IRJO	-4.7631
EAHA	-4.7631
DEWI	-4.7631
HEYK	-4.7631
YVOI	-4.7631
SEAC	-4.7631
RONI	-4.7631
AMME	-4.7631
EGOR	-4.7631
CHWI	-4.7660
OFBO	-4.7660
LYES	-4.7660
SILY	-4.7660
HOFA	-4.7660
LYFR	-4.7660
AYWE	-4.7660
YAFT	-4.7660
INEM	-4.7660
RSAY	-4.7660
RIUM	-4.7660
UMPH	-4.7660
LEYE	-4.7660
FEOF	-4.7660
SUNC	-4.7660
DEDS	-4.7660
SANI	-4.7660
FMRS	-4.7660
DEFO	-4.7660
NDQU	-4.7660
RUPO	-4.7660
MEDH	-4.7660
GBEF	-4.7660
ITEF	-4.7660
RKET	-4.7660
SIDO	-4.7660
YSEN	-4.7660
PUTH	-4.7660
YGIV	-4.7660
OREU	-4.7660
YEAN	-4.7660
TTRA	-4.7660
UTRE	-4.7660
POLO	-4.7660
IONN	-4.7660
OWME	-4.7660
BRAC	-4.7660
NITT	-4.7660
HAGA	-4.7660
LLYD	-4.7660
ODUP	-4.7660
UNGA	-4.7660
OBEM	-4.7660
UYOU	-4.7660
RTIL	-4.7660
DFRE	-4.7660
RTST	-4.7660
EOFN	-4.7660
UREN	-4.7660
FLYI	-4.7660
AHSA	-4.7660
LAMA	-4.7660
OFGI	-4.7660
ANET	-4.7660
DLIT	-4.7660
AILT	-4.7660
YIEL	-4.7660
EROD	-4.7660
ISAD	-4.7688
NESW	-4.7688
LEAG	-4.7688
GLED	-4.7688
FLEC	-4.7688
ORFR	-4.7688
SPOR	-4.7688
MHOW	-4.7688
EEKT	-4.7688
FOOD	-4.7688
YSIG	-4.7688
TRYT	-4.7688
ASPI	-4.7688
TSOW	-4.7688
ISHH	-4.7688
PATT	-4.7688
SEXP	-4.7688
TIDI	-4.7688
YSUP	-4.7688
HASO	-4.7688
SDEC	-4.7688
GATA	-4.7688
IONU	-4.7688
LANS	-4.7688
RUND	-4.7688
RYBU	-4.7688
FINS	-4.7688
YTOW	-4.7688
RVIN	-4.7688
UTBY	-4.7688
IVAL	-4.7688
ADAB	-4.7688
ARCA	-4.7688
VELA	-4.7688
SBLO	-4.7688
ROMG	-4.7688
DFIR	-4.7688
EAPE	-4.7688
EYDE	-4.7688
UNCH	-4.7688
UPAG	-4.7688
INBA	-4.7688
NANS	-4.7688
DSPR	-4.7688
SLAU	-4.7688
CERS	-4.7688
ONBO	-4.7688
ELBR	-4.7688
AELB	-4.7688
NGMI	-4.7717
HOMS	-4.7717
AFFO	-4.7717
OKEA	-4.7717
PIER	-4.7717
ECKO	-4.7717
IDIA	-4.7717
ODYW	-4.7717
AYAL	-4.7717
ROMU	-4.7717
ONAF	-4.7717
EGUN	-4.7717
EBOU	-4.7717
APRI	-4.7717
KCHU	-4.7717
SRET	-4.7717
BLAN	-4.7717
RYUN	-4.7717
NIMP	-4.7717
FPER	-4.7717
NODO	-4.7717
FLOA	-4.7717
URWI	-4.7717
ADEL	-4.7717
RLEA	-4.7717
RENI	-4.7717
MYBE	-4.7717
ISGA	-4.7717
ICEF	-4.7717
TOOS	-4.7717
RESW	-4.7717
ASMY	-4.7717
DTIL	-4.7717
LLLA	-4.7717
SISH	-4.7717
ARYS	-4.7717
FITB	-4.7717
NSIG	-4.7717
OHTH	-4.7717
TIMP	-4.7717
MEDB	-4.7717
NMYH	-4.7717
STAC	-4.7717
NNAT	-4.7717
MISH	-4.7717
TWIC	-4.7717
ORKT	-4.7717
RSWA	-4.7717
CRUE	-4.7717
ODBY	-4.7717
AWOF	-4.7717
DYRU	-4.7717
LOUE	-4.7717
LYBY	-4.7746
WNWA	-4.7746
TICS	-4.7746
RUGG	-4.7746
TEXC	-4.7746
USWE	-4.7746
OBEP	-4.7746
UNNE	-4.7746
SEUN	-4.7746
SHIR	-4.7746
IATI	-4.7746
LUEN	-4.7746
OTSH	-4.7746
BOUG	-4.7746
IOSI	-4.7746
NDSB	-4.7746
INSW	-4.7746
ROPI	-4.7746
EVID	-4.7746
EAGO	-4.7746
ISJU	-4.7746
ENNE	-4.7746
RLIN	-4.7746
ADYO	-4.7746
EEBU	-4.7746
EPET	-4.7746
INTM	-4.7746
ODRE	-4.7746
LBEU	-4.7746
LTEL	-4.7746
INHO	-4.7746
IPAN	-4.7746
EWOF	-4.7746
RASE	-4.7746
HUSA	-4.7746
ALKT	-4.7746
LESC	-4.7746
CTIC	-4.7746
IRSI	-4.7746
COOK	-4.7746
TCAR	-4.7746
LLUN	-4.7746
DFRA	-4.7746
SIRS	-4.7746
EDOC	-4.7746
ONTY	-4.7746
MENB	-4.7746
MYSA	-4.7746
DBLO	-4.7746
MTHU	-4.7746
ROYT	-4.7746
STUM	-4.7746
RLYT	-4.7775
LEFR	-4.7775
THMI	-4.7775
YSWE	-4.7775
NGFA	-4.7775
YTOL	-4.7775
ENAW	-4.7775
IKEI	-4.7775
EONH	-4.7775
NSEO	-4.7775
HTOS	-4.7775
TNEV	-4.7775
GHAL	-4.7775
AFAR	-4.7775
YEDI	-4.7775
NBEN	-4.7775
TISP	-4.7775
BETA	-4.7775
TASM	-4.7775
YPRA	-4.7775
DOLD	-4.7775
RLDI	-4.7775
SLEF	-4.7775
ELYO	-4.7775
LAYA	-4.7775
GAST	-4.7775
OWRE	-4.7775
HPER	-4.7775
RBID	-4.7775
EYNO	-4.7775
IDLY	-4.7775
TENB	-4.7775
SEAG	-4.7775
UTMA	-4.7775
HIPW	-4.7775
OWAT	-4.7775
HSHO	-4.7775
HEML	-4.7775
ODOT	-4.7775
TEPS	-4.7775
FWAR	-4.7775
SUST	-4.7775
NTYA	-4.7775
NDEC	-4.7775
OPUT	-4.7804
TSER	-4.7804
NGDI	-4.7804
AMPA	-4.7804
ASFI	-4.7804
LDWA	-4.7804
NBEI	-4.7804
ICHN	-4.7804
TTAL	-4.7804
DFEA	-4.7804
TANI	-4.7804
SBAC	-4.7804
EDET	-4.7804
BEWA	-4.7804
ENVE	-4.7804
OSTD	-4.7804
IDHA	-4.7804
OTDI	-4.7804
ISEW	-4.7804
ITDI	-4.7804
ALMA	-4.7804
ARSS	-4.7804
SBRI	-4.7804
EDPE	-4.7804
LLYM	-4.7804
OFAW	-4.7804
NLET	-4.7804
REDL	-4.7804
TWES	-4.7804
YTOD	-4.7804
VATE	-4.7804
USBE	-4.7804
DGOT	-4.7804
ADLY	-4.7804
RSEI	-4.7804
NEOR	-4.7804
LESF	-4.7804
TENM	-4.7804
ISFL	-4.7804
PTHA	-4.7804
DIFY	-4.7804
XAND	-4.7804
INAW	-4.7804
YMES	-4.7804
IRSH	-4.7804
HSEE	-4.7804
ABRI	-4.7804
ALAM	-4.7804
COUS	-4.7804
LDIW	-4.7804
MELL	-4.7804
ACKB	-4.7804
FASS	-4.7804
ARNI	-4.7804
DSAU	-4.7804
THRU	-4.7804
DHAP	-4.7833
TEDC	-4.7833
WEDI	-4.7833
TPOS	-4.7833
NFAC	-4.7833
RWEA	-4.7833
OBEO	-4.7833
ORAW	-4.7833
OFEN	-4.7833
RDEC	-4.7833
SCRU	-4.7833
FLUE	-4.7833
GASI	-4.7833
ALEW	-4.7833
ELYD	-4.7833
RDSS	-4.7833
RNEA	-4.7833
GHAS	-4.7833
ATSW	-4.7833
NALA	-4.7833
ISSM	-4.7833
AINU	-4.7833
NXIO	-4.7833
UISI	-4.7833
DSBE	-4.7833
ILTO	-4.7833
FATT	-4.7833
DEND	-4.7833
SHMA	-4.7833
ATNI	-4.7833
DEBY	-4.7833
GOFF	-4.7833
LSEA	-4.7833
VEWA	-4.7833
YHAS	-4.7833
ANEF	-4.7833
HAMI	-4.7833
IPPI	-4.7833
YSID	-4.7833
HMET	-4.7833
BITE	-4.7833
ITHJ	-4.7833
ICHR	-4.7833
LEBR	-4.7833
RUME	-4.7833
ADCA	-4.7833
NMET	-4.7833
SARA	-4.7833
HESS	-4.7833
SBOR	-4.7833
THDR	-4.7833
HSTA	-4.7833
HEZE	-4.7833
IGIO	-4.7833
STSW	-4.7833
UMCI	-4.7833
GNOW	-4.7863
GTOG	-4.7863
LOFH	-4.7863
RSOR	-4.7863
NYIN	-4.7863
RLYI	-4.7863
EORI	-4.7863
BEPU	-4.7863
DEAO	-4.7863
ESSY	-4.7863
ONLE	-4.7863
SINV	-4.7863
YFIN	-4.7863
RSEW	-4.7863
CHNO	-4.7863
STEV	-4.7863
SATO	-4.7863
RYSH	-4.7863
ENCY	-4.7863
WASQ	-4.7863
ERKI	-4.7863
GSAR	-4.7863
TEXP	-4.7863
OITS	-4.7863
OTHH	-4.7863
TUPI	-4.7863
KAGA	-4.7863
NCLO	-4.7863
ESIE	-4.7863
AMMA	-4.7863
RBEC	-4.7863
KEMY	-4.7863
XPER	-4.7863
DAYF	-4.7863
LSHO	-4.7863
UTUN	-4.7863
REEP	-4.7863
OACC	-4.7863
YBEH	-4.7863
TTAG	-4.7863
IRTU	-4.7863
GNAN	-4.7863
IGAT	-4.7863
DSUN	-4.7863
SUNA	-4.7863
OLDN	-4.7863
LWOR	-4.7863
MYHO	-4.7863
CUTE	-4.7863
HTAG	-4.7863
ISSF	-4.7863
EGET	-4.7863
NEON	-4.7863
NSER	-4.7863
DMYF	-4.7863
PRON	-4.7863
ATHL	-4.7863
EBON	-4.7863
GSUN	-4.7863
GOET	-4.7863
CUMC	-4.7863
MCIS	-4.7863
EOLO	-4.7863
APEO	-4.7893
UCHD	-4.7893
ENAG	-4.7893
BLEP	-4.7893
ERMR	-4.7893
UTIH	-4.7893
ORIH	-4.7893
ONGF	-4.7893
IUMP	-4.7893
TINI	-4.7893
EAWH	-4.7893
LEFA	-4.7893
DRAN	-4.7893
INKW	-4.7893
NEDN	-4.7893
LYHO	-4.7893
DVEN	-4.7893
LLYF	-4.7893
PLEF	-4.7893
CEYO	-4.7893
RTOA	-4.7893
ENIA	-4.7893
YAPP	-4.7893
RYSI	-4.7893
RTRA	-4.7893
DSOI	-4.7893
RKSO	-4.7893
USTC	-4.7893
DEXP	-4.7893
EANW	-4.7893
OSSO	-4.7893
DHON	-4.7893
EPLY	-4.7893
EREJ	-4.7893
NOFR	-4.7893
TEUN	-4.7893
MICH	-4.7893
OTCH	-4.7893
NCEL	-4.7893
THLO	-4.7893
ANSS	-4.7893
LSOU	-4.7893
NNEA	-4.7893
RENS	-4.7893
OILA	-4.7893
WROU	-4.7893
HOUO	-4.7893
JOAB	-4.7893
OYME	-4.7923
HFIR	-4.7923
ROMF	-4.7923
CHOL	-4.7923
UTLI	-4.7923
ODYT	-4.7923
HOCK	-4.7923
NOFD	-4.7923
OUNE	-4.7923
NLYF	-4.7923
SMRS	-4.7923
TJUS	-4.7923
XCIT	-4.7923
MUNI	-4.7923
HPRO	-4.7923
IRCH	-4.7923
NGEM	-4.7923
OMEV	-4.7923
EREX	-4.7923
FHAR	-4.7923
TOKI	-4.7923
RQUI	-4.7923
LLSM	-4.7923
PENN	-4.7923
RYSA	-4.7923
DURI	-4.7923
CTTO	-4.7923
VESP	-4.7923
FULI	-4.7923
KSHE	-4.7923
INTW	-4.7923
THBY	-4.7923
NTSU	-4.7923
VERG	-4.7923
ANSF	-4.7923
MABO	-4.7923
NDRU	-4.7923
HEJO	-4.7923
SISE	-4.7923
NLAW	-4.7923
ESAU	-4.7923
DDOT	-4.7923
BENT	-4.7923
IRAR	-4.7923
EBRU	-4.7923
ODWE	-4.7923
UNKN	-4.7923
HMON	-4.7923
APIN	-4.7923
HAIL	-4.7923
EZEK	-4.7923
EMIT	-4.7953
UCHH	-4.7953
ENAF	-4.7953
TWAL	-4.7953
ANNA	-4.7953
DERB	-4.7953
NERW	-4.7953
OWSI	-4.7953
ANTR	-4.7953
WHOD	-4.7953
CITE	-4.7953
NMRS	-4.7953
OUSU	-4.7953
DVIS	-4.7953
EDMU	-4.7953
DMUC	-4.7953
OUMI	-4.7953
PYOU	-4.7953
SOIT	-4.7953
OESA	-4.7953
HISJ	-4.7953
REDC	-4.7953
FFIR	-4.7953
TSOT	-4.7953
TTOF	-4.7953
IKEN	-4.7953
ENFI	-4.7953
SHIT	-4.7953
LARA	-4.7953
SEAW	-4.7953
DSOS	-4.7953
GHFO	-4.7953
SCLA	-4.7953
VEPR	-4.7953
HAPH	-4.7953
HILO	-4.7953
OUYO	-4.7953
CHSE	-4.7953
CTSO	-4.7953
GHTR	-4.7953
DLYT	-4.7953
VEUS	-4.7953
DCOL	-4.7953
YNAT	-4.7953
LIPP	-4.7953
EEXT	-4.7953
TYEM	-4.7953
INGK	-4.7953
RSPI	-4.7953
OMRA	-4.7953
MENH	-4.7953
DOFJ	-4.7953
USNO	-4.7953
YFEL	-4.7953
EWNO	-4.7953
LSPE	-4.7953
EYEN	-4.7953
ELOU	-4.7953
DGAT	-4.7953
NTHD	-4.7953
NELB	-4.7953
VIRG	-4.7953
EMIL	-4.7984
NONL	-4.7984
TSIG	-4.7984
ERVO	-4.7984
NYWH	-4.7984
YACC	-4.7984
BEPR	-4.7984
SSPR	-4.7984
EITO	-4.7984
TFOU	-4.7984
NGOO	-4.7984
ATHR	-4.7984
NGCR	-4.7984
DMUS	-4.7984
TMUC	-4.7984
DSUR	-4.7984
TYBU	-4.7984
PLEH	-4.7984
DGEA	-4.7984
DTEL	-4.7984
RFIR	-4.7984
CANH	-4.7984
ENOS	-4.7984
STTI	-4.7984
LYGO	-4.7984
GITS	-4.7984
NMAK	-4.7984
ATID	-4.7984
MITA	-4.7984
OASK	-4.7984
UWIT	-4.7984
POUN	-4.7984
YWIS	-4.7984
MEIW	-4.7984
RSTF	-4.7984
OATI	-4.7984
SARI	-4.7984
EARU	-4.7984
NSOU	-4.7984
GPLA	-4.7984
LDGO	-4.7984
IRCA	-4.7984
SSNO	-4.7984
PAID	-4.7984
ERTU	-4.7984
NHEB	-4.7984
GERL	-4.7984
SPON	-4.7984
HYHA	-4.7984
SHAI	-4.7984
OKEO	-4.7984
DROW	-4.7984
AKAN	-4.7984
HAIN	-4.7984
OULT	-4.7984
ETTA	-4.7984
EYBR	-4.7984
MARG	-4.7984
MMAW	-4.8014
OCOU	-4.8014
SSPI	-4.8014
LFAS	-4.8014
ASLA	-4.8014
LEPA	-4.8014
EISU	-4.8014
SAFR	-4.8014
ONLI	-4.8014
OTCA	-4.8014
KFAS	-4.8014
AFEL	-4.8014
SIFH	-4.8014
OFDO	-4.8014
DEDF	-4.8014
HTOH	-4.8014
ROFB	-4.8014
TICI	-4.8014
TSMI	-4.8014
STOE	-4.8014
OWSE	-4.8014
ACRE	-4.8014
OWOU	-4.8014
YOUU	-4.8014
ENGR	-4.8014
IWON	-4.8014
LLGR	-4.8014
XCUS	-4.8014
YTOA	-4.8014
VEGI	-4.8014
TINF	-4.8014
HINS	-4.8014
ORTR	-4.8014
UEDT	-4.8014
TLYH	-4.8014
HHEW	-4.8014
UNGO	-4.8014
IOND	-4.8014
NSBO	-4.8014
IDBU	-4.8014
POOL	-4.8014
NTRU	-4.8014
CKAL	-4.8014
ARTN	-4.8014
EMSO	-4.8014
VESB	-4.8014
ASJU	-4.8014
ONIG	-4.8014
NTCA	-4.8014
NSEC	-4.8014
ORAR	-4.8014
SLES	-4.8014
WEPT	-4.8014
MITS	-4.8014
ATFE	-4.8014
LDEL	-4.8014
HUTT	-4.8014
UPFR	-4.8014
HYWA	-4.8014
EEDG	-4.8014
DBLA	-4.8014
HOUK	-4.8014
IBEA	-4.8014
HUGE	-4.8014
NTUC	-4.8014
NMIS	-4.8045
RIEF	-4.8045
LFIS	-4.8045
ASCH	-4.8045
DHUM	-4.8045
LPRE	-4.8045
EENU	-4.8045
NDOT	-4.8045
LYYO	-4.8045
INKY	-4.8045
TTWO	-4.8045
FPRI	-4.8045
INDR	-4.8045
IFEB	-4.8045
NAGO	-4.8045
NFLU	-4.8045
LLJU	-4.8045
HTUP	-4.8045
GENO	-4.8045
IRLS	-4.8045
DCAU	-4.8045
TINO	-4.8045
AYAT	-4.8045
DWAT	-4.8045
NTSB	-4.8045
ONBY	-4.8045
EKEP	-4.8045
OTIT	-4.8045
RNIT	-4.8045
CISI	-4.8045
ATPO	-4.8045
URSH	-4.8045
OVOK	-4.8045
MYRE	-4.8045
TKEE	-4.8045
GIST	-4.8045
OPEO	-4.8045
PICI	-4.8045
MYTH	-4.8045
OFFL	-4.8045
BIDE	-4.8045
TDEL	-4.8045
TEDP	-4.8045
EAHE	-4.8045
NIWI	-4.8045
LLPO	-4.8045
OLLA	-4.8045
DBOT	-4.8045
BELE	-4.8045
TALM	-4.8045
OLDP	-4.8045
RBEH	-4.8045
SONB	-4.8045
ATEB	-4.8045
SETI	-4.8045
LSUR	-4.8045
INEG	-4.8045
IREN	-4.8045
CORP	-4.8045
ELAH	-4.8045
BSAN	-4.8045
SERP	-4.8045
VENY	-4.8076
UNRE	-4.8076
ITSC	-4.8076
TLIT	-4.8076
SHOC	-4.8076
AKFA	-4.8076
OROT	-4.8076
SBUS	-4.8076
ADYS	-4.8076
EAKU	-4.8076
NTAK	-4.8076
OCAR	-4.8076
NSIO	-4.8076
YCAP	-4.8076
TBEM	-4.8076
UALT	-4.8076
UTAF	-4.8076
LEUN	-4.8076
TPLE	-4.8076
HSTR	-4.8076
HABO	-4.8076
RHEI	-4.8076
ASUP	-4.8076
YMET	-4.8076
TUNI	-4.8076
ASDO	-4.8076
ILOV	-4.8076
AINC	-4.8076
BYIT	-4.8076
GHPL	-4.8076
ELPE	-4.8076
WIST	-4.8076
THPR	-4.8076
TFEL	-4.8076
ETMY	-4.8076
GTOO	-4.8076
THAH	-4.8076
LUSI	-4.8076
CARP	-4.8076
RTUE	-4.8076
IRTR	-4.8076
YMAK	-4.8076
IRPR	-4.8076
EIFT	-4.8076
LLPL	-4.8076
TIDE	-4.8076
RMES	-4.8076
LEEA	-4.8076
CKWA	-4.8076
AMAL	-4.8076
AHAL	-4.8076
MILK	-4.8076
AMLE	-4.8076
LEMT	-4.8076
YHOL	-4.8076
BARA	-4.8076
RABB	-4.8076
ZEKI	-4.8076
SWIS	-4.8108
NRES	-4.8108
INAV	-4.8108
SIRI	-4.8108
YHAR	-4.8108
IWAN	-4.8108
ISIM	-4.8108
EDAH	-4.8108
TLYC	-4.8108
ROWE	-4.8108
CEDE	-4.8108
URMA	-4.8108
ITAG	-4.8108
ALKO	-4.8108
YIHA	-4.8108
IVEC	-4.8108
GLOO	-4.8108
EXCI	-4.8108
DALR	-4.8108
ATUP	-4.8108
LEGE	-4.8108
OLDL	-4.8108
RASP	-4.8108
SREC	-4.8108
NORL	-4.8108
YHAP	-4.8108
EINB	-4.8108
ENHO	-4.8108
ODCO	-4.8108
EYDO	-4.8108
YTOG	-4.8108
EMUP	-4.8108
LYAC	-4.8108
ICON	-4.8108
NASA	-4.8108
OITA	-4.8108
BEBU	-4.8108
FITH	-4.8108
BUTR	-4.8108
HITI	-4.8108
AVEK	-4.8108
ADPR	-4.8108
LOWM	-4.8108
IALI	-4.8108
GGES	-4.8108
TSPA	-4.8108
LAVE	-4.8108
HGIV	-4.8108
TBEN	-4.8108
SACH	-4.8108
RPET	-4.8108
CARL	-4.8108
ICLE	-4.8108
OKUP	-4.8108
NIES	-4.8108
MRSD	-4.8108
RITU	-4.8108
GSTR	-4.8108
WNED	-4.8108
ICTE	-4.8108
IRBR	-4.8108
ADYM	-4.8108
LEJO	-4.8108
KISS	-4.8108
EHAM	-4.8108
IPSA	-4.8108
RIAA	-4.8108
NFOL	-4.8139
OPUL	-4.8139
YNOM	-4.8139
ADAT	-4.8139
NDEP	-4.8139
SSSO	-4.8139
UCKT	-4.8139
ANYL	-4.8139
AKEC	-4.8139
UETO	-4.8139
EWEE	-4.8139
ASEM	-4.8139
ERDR	-4.8139
AIRW	-4.8139
VEWE	-4.8139
DBYS	-4.8139
SEMY	-4.8139
ORNT	-4.8139
TFOL	-4.8139
OTAF	-4.8139
UNDB	-4.8139
SORA	-4.8139
RIKE	-4.8139
HEUS	-4.8139
CEWE	-4.8139
IRHO	-4.8139
GWHO	-4.8139
TSMA	-4.8139
MTOS	-4.8139
SREM	-4.8139
ENDR	-4.8139
ILHE	-4.8139
YTWO	-4.8139
KOFF	-4.8139
ITYE	-4.8139
IEAN	-4.8139
RYBE	-4.8139
FGOO	-4.8139
TLIV	-4.8139
DGRO	-4.8139
NBEG	-4.8139
HALS	-4.8139
SSPA	-4.8139
OLLI	-4.8139
YEBE	-4.8139
HEEH	-4.8139
VIDT	-4.8139
MRWO	-4.8171
IEDE	-4.8171
OFGE	-4.8171
SAYE	-4.8171
TOFY	-4.8171
EITM	-4.8171
ENPR	-4.8171
HBRO	-4.8171
ETWA	-4.8171
ANYF	-4.8171
GSTA	-4.8171
TYLE	-4.8171
TINW	-4.8171
IRME	-4.8171
DASM	-4.8171
GETI	-4.8171
ELIZ	-4.8171
ODEL	-4.8171
CYAN	-4.8171
ALUE	-4.8171
BYSO	-4.8171
SASO	-4.8171
TWHY	-4.8171
LLIC	-4.8171
JUMP	-4.8171
OSTB	-4.8171
DONS	-4.8171
OASH	-4.8171
EFTA	-4.8171
LLID	-4.8171
FTLY	-4.8171
FPRO	-4.8171
BING	-4.8171
GASH	-4.8171
LLIE	-4.8171
NELE	-4.8171
ARYE	-4.8171
SCOT	-4.8171
NDHU	-4.8171
FORR	-4.8171
RGES	-4.8171
RDFR	-4.8171
CTHE	-4.8171
ABOR	-4.8171
EDTU	-4.8171
WORN	-4.8171
EDSP	-4.8171
NGPO	-4.8171
NOCK	-4.8171
ELAI	-4.8171
ORGA	-4.8171
ABUR	-4.8171
ALEH	-4.8171
HYST	-4.8171
OBAN	-4.8171
EFIF	-4.8171
FOWL	-4.8171
ICHF	-4.8203
DALW	-4.8203
ISHF	-4.8203
ILEW	-4.8203
ORMR	-4.8203
RSUP	-4.8203
ERKN	-4.8203
CHIC	-4.8203
ADIL	-4.8203
DTRU	-4.8203
GALO	-4.8203
UNIC	-4.8203
WTHO	-4.8203
CHYE	-4.8203
ASDI	-4.8203
ISVI	-4.8203
FWAT	-4.8203
ONSM	-4.8203
NANE	-4.8203
ADHI	-4.8203
LTUR	-4.8203
OEXP	-4.8203
WASK	-4.8203
ONQU	-4.8203
GHOW	-4.8203
CEME	-4.8203
SBOT	-4.8203
ERTW	-4.8203
NYES	-4.8203
ANTC	-4.8203
NDIR	-4.8203
EEAG	-4.8203
OMAM	-4.8203
PRUD	-4.8203
EDPR	-4.8203
ENWO	-4.8203
ALLJ	-4.8203
SNEA	-4.8203
CKSO	-4.8203
RDSE	-4.8203
PLEB	-4.8203
GNIT	-4.8203
NDGL	-4.8203
ODGE	-4.8203
EHAI	-4.8203
IMUP	-4.8203
DFAR	-4.8203
TCAS	-4.8203
SOWH	-4.8203
BASE	-4.8203
NSPA	-4.8203
TECT	-4.8203
IREY	-4.8203
TIED	-4.8203
TUOU	-4.8203
GGIN	-4.8203
GTHU	-4.8203
SMON	-4.8203
RRAR	-4.8203
RDJE	-4.8203
TTOE	-4.8236
NOCO	-4.8236
HOCO	-4.8236
BEWH	-4.8236
YTOC	-4.8236
YMIS	-4.8236
ODYI	-4.8236
RRYA	-4.8236
LYWO	-4.8236
ANGO	-4.8236
FULO	-4.8236
ANDQ	-4.8236
IESF	-4.8236
ALOO	-4.8236
GHAD	-4.8236
DTRE	-4.8236
RTAS	-4.8236
IMWE	-4.8236
SSOC	-4.8236
OTFA	-4.8236
SONC	-4.8236
NANG	-4.8236
TFEE	-4.8236
NERI	-4.8236
OMAT	-4.8236
EINP	-4.8236
LOGI	-4.8236
ECTH	-4.8236
DISI	-4.8236
NSAL	-4.8236
EAKS	-4.8236
TNON	-4.8236
ITBY	-4.8236
HENG	-4.8236
DEWH	-4.8236
OFKI	-4.8236
NDWR	-4.8236
VECA	-4.8236
RSPO	-4.8236
RINI	-4.8236
HSOF	-4.8236
NEYT	-4.8236
SELO	-4.8236
KNOC	-4.8236
IMNE	-4.8236
LMIG	-4.8236
RTLY	-4.8236
KLES	-4.8236
BREE	-4.8236
LBEL	-4.8236
SALU	-4.8236
DECA	-4.8236
RACL	-4.8236
SAAC	-4.8236
ENJE	-4.8236
TSEV	-4.8268
LITS	-4.8268
DWIS	-4.8268
TLYF	-4.8268
BUTJ	-4.8268
DTOY	-4.8268
MEBO	-4.8268
NECT	-4.8268
DIKN	-4.8268
ODRI	-4.8268
DOPE	-4.8268
NGRI	-4.8268
NGAP	-4.8268
FATA	-4.8268
RBOA	-4.8268
HEOB	-4.8268
IMIG	-4.8268
AYOR	-4.8268
EETW	-4.8268
NSES	-4.8268
RYDI	-4.8268
OANS	-4.8268
TSOL	-4.8268
YTAK	-4.8268
RFOU	-4.8268
TOJU	-4.8268
RTYT	-4.8268
KATT	-4.8268
LESP	-4.8268
IMSU	-4.8268
NLYC	-4.8268
ISOU	-4.8268
HATV	-4.8268
ECEO	-4.8268
RNIS	-4.8268
HEUT	-4.8268
HTRE	-4.8268
EEPO	-4.8268
STDI	-4.8268
SCLE	-4.8268
OOMT	-4.8268
LFOF	-4.8268
OADA	-4.8268
TASW	-4.8268
SLYA	-4.8268
ORYI	-4.8268
ASEX	-4.8268
YSET	-4.8268
IDWE	-4.8268
NEWN	-4.8268
DHOL	-4.8268
SUED	-4.8268
YMER	-4.8268
USWA	-4.8268
ORLE	-4.8268
OHUN	-4.8268
EBIR	-4.8268
MUND	-4.8268
IDTU	-4.8268
RLDW	-4.8301
NTSC	-4.8301
NOFC	-4.8301
OBEW	-4.8301
NLYD	-4.8301
TACK	-4.8301
LYAF	-4.8301
SHOE	-4.8301
SPOO	-4.8301
HNOW	-4.8301
AYDO	-4.8301
NONS	-4.8301
NBRO	-4.8301
ELWI	-4.8301
YLIV	-4.8301
RULY	-4.8301
ETOI	-4.8301
RTIA	-4.8301
LTOH	-4.8301
EMFR	-4.8301
ATEC	-4.8301
WNOF	-4.8301
PUSH	-4.8301
BEQU	-4.8301
NEWW	-4.8301
VEMY	-4.8301
DVOI	-4.8301
GOFS	-4.8301
AIMA	-4.8301
RLDS	-4.8301
DLYS	-4.8301
RTEE	-4.8301
OBRE	-4.8301
LYMO	-4.8301
TWOC	-4.8301
MSON	-4.8301
DJOH	-4.8301
VOKE	-4.8301
LELI	-4.8301
APID	-4.8301
HEMP	-4.8301
YIND	-4.8301
BITI	-4.8301
LERI	-4.8301
YCAS	-4.8301
ADEW	-4.8301
OPEA	-4.8301
TOGR	-4.8301
FYTH	-4.8301
SGAR	-4.8301
ARFO	-4.8301
OCAN	-4.8301
ICKO	-4.8301
LESB	-4.8301
MESP	-4.8301
UDAN	-4.8301
CEUN	-4.8301
DANH	-4.8301
URDA	-4.8301
DISO	-4.8301
NENG	-4.8301
BEBR	-4.8301
LDWO	-4.8301
RMUR	-4.8301
KEAM	-4.8301
YSPI	-4.8301
ATHU	-4.8301
BART	-4.8301
INLE	-4.8301
DDER	-4.8301
IGGE	-4.8301
ELBE	-4.8301
HRUS	-4.8301
DJER	-4.8301
EEGY	-4.8301
GIRD	-4.8301
UBUR	-4.8301
RBEE	-4.8334
LYLE	-4.8334
DTOK	-4.8334
YASH	-4.8334
OORM	-4.8334
EAVO	-4.8334
ENRI	-4.8334
LINS	-4.8334
BESH	-4.8334
GEHE	-4.8334
DPUR	-4.8334
ALEO	-4.8334
NHAP	-4.8334
IMEF	-4.8334
RSAW	-4.8334
NIEN	-4.8334
FETC	-4.8334
ICAM	-4.8334
INWO	-4.8334
ESUF	-4.8334
TWAI	-4.8334
CKWI	-4.8334
IRTO	-4.8334
ITSU	-4.8334
SNOM	-4.8334
FULC	-4.8334
URLA	-4.8334
KEON	-4.8334
AYHO	-4.8334
LOUT	-4.8334
FULW	-4.8334
EILL	-4.8334
RVAL	-4.8334
GNAT	-4.8334
DSNO	-4.8334
REMU	-4.8334
MEBA	-4.8334
LAYS	-4.8334
HARK	-4.8334
LLFL	-4.8334
LSWE	-4.8334
ENEC	-4.8334
DFOL	-4.8334
SYEA	-4.8334
NEUN	-4.8334
USCO	-4.8334
MOVI	-4.8334
BYRE	-4.8334
ATPL	-4.8334
REEC	-4.8334
GLET	-4.8334
ANED	-4.8334
ONOW	-4.8334
ICHL	-4.8334
EDEF	-4.8334
RDMA	-4.8334
ADAR	-4.8334
NORB	-4.8334
ANKL	-4.8334
ARUN	-4.8334
APON	-4.8334
MGOD	-4.8334
UISE	-4.8334
AHAZ	-4.8334
EXAL	-4.8334
HELM	-4.8334
RARS	-4.8334
EMUN	-4.8334
SFLE	-4.8334
BAPT	-4.8334
IHAU	-4.8334
OTED	-4.8367
YPLE	-4.8367
DAIL	-4.8367
ANAB	-4.8367
SETW	-4.8367
ENUS	-4.8367
TWOP	-4.8367
INDB	-4.8367
EGRI	-4.8367
WEDA	-4.8367
IVAT	-4.8367
YSBE	-4.8367
SOOF	-4.8367
LDFA	-4.8367
KWHE	-4.8367
TUMB	-4.8367
HERK	-4.8367
TECO	-4.8367
ERDS	-4.8367
HEAG	-4.8367
DHEN	-4.8367
BLEY	-4.8367
OMAS	-4.8367
ISRO	-4.8367
DMIG	-4.8367
IASS	-4.8367
URFR	-4.8367
SSIG	-4.8367
DEON	-4.8367
GEWH	-4.8367
EWST	-4.8367
OTFI	-4.8367
HSAN	-4.8367
WHYI	-4.8367
UTET	-4.8367
RDLE	-4.8367
EMYL	-4.8367
LTIM	-4.8367
RARM	-4.8367
DIWA	-4.8367
GINI	-4.8367
TGRA	-4.8367
RVOI	-4.8367
DSAR	-4.8367
BEFA	-4.8367
IDSE	-4.8367
TEHA	-4.8367
NPRI	-4.8367
ETOJ	-4.8367
DSAV	-4.8367
SANH	-4.8367
DTEN	-4.8367
ELAU	-4.8367
HWAR	-4.8367
IDFR	-4.8367
ORDU	-4.8367
UPWA	-4.8367
LADE	-4.8367
GODM	-4.8367
ROBO	-4.8367
KEAC	-4.8367
XALT	-4.8367
EPIL	-4.8367
CIFI	-4.8367
AKUN	-4.8367
SWIM	-4.8367
CURT	-4.8401
MAYN	-4.8401
EINY	-4.8401
RYTR	-4.8401
LEGR	-4.8401
AGEH	-4.8401
DCHE	-4.8401
NGTA	-4.8401
ASAV	-4.8401
NMOS	-4.8401
ALFT	-4.8401
DSCO	-4.8401
MEPA	-4.8401
KEUP	-4.8401
URRO	-4.8401
ICHP	-4.8401
CIPA	-4.8401
NDSF	-4.8401
ADJU	-4.8401
NSMA	-4.8401
WHOB	-4.8401
ALKS	-4.8401
DSIS	-4.8401
ODOA	-4.8401
TMEI	-4.8401
SETU	-4.8401
THBO	-4.8401
UTIA	-4.8401
URMI	-4.8401
CHON	-4.8401
IMBY	-4.8401
SSSH	-4.8401
ACIN	-4.8401
INEX	-4.8401
DANS	-4.8401
UCOM	-4.8401
ONGM	-4.8401
OVID	-4.8401
PACI	-4.8401
UTOU	-4.8401
USAS	-4.8401
WSAI	-4.8401
ORPO	-4.8401
VIRT	-4.8401
TRIA	-4.8401
EASP	-4.8401
TTRU	-4.8401
ONGD	-4.8401
LDOW	-4.8401
OOMI	-4.8401
BRIE	-4.8401
AWFU	-4.8401
SEIZ	-4.8401
ATOU	-4.8401
ISFU	-4.8401
RSPA	-4.8401
RICT	-4.8401
TRUN	-4.8401
OKES	-4.8401
HALA	-4.8401
SSDA	-4.8401
AKEB	-4.8401
DAMN	-4.8401
VESF	-4.8401
CRAT	-4.8401
BURD	-4.8401
ETHL	-4.8401
FJES	-4.8401
JEST	-4.8401
HAML	-4.8401
HIEL	-4.8401
ATDW	-4.8401
RAKE	-4.8401
AELF	-4.8401
NHOL	-4.8401
GORY	-4.8401
DDIE	-4.8435
NMOU	-4.8435
DENY	-4.8435
LDHO	-4.8435
ASPL	-4.8435
FREQ	-4.8435
DOFY	-4.8435
BEBE	-4.8435
WHOE	-4.8435
CHAC	-4.8435
KEMA	-4.8435
CHOI	-4.8435
ANAD	-4.8435
OMRS	-4.8435
EORS	-4.8435
SSCA	-4.8435
CANE	-4.8435
UTGO	-4.8435
DOFW	-4.8435
OMEY	-4.8435
RTWH	-4.8435
AFIN	-4.8435
TBEW	-4.8435
EROP	-4.8435
THOP	-4.8435
YIST	-4.8435
TGET	-4.8435
NCEP	-4.8435
SDOW	-4.8435
OWNR	-4.8435
ARYI	-4.8435
UGHN	-4.8435
RIDI	-4.8435
RELS	-4.8435
OBEB	-4.8435
MYPR	-4.8435
TALA	-4.8435
MYFR	-4.8435
ALIK	-4.8435
STMY	-4.8435
ORSW	-4.8435
BYAL	-4.8435
AMEC	-4.8435
REDD	-4.8435
MARE	-4.8435
TMYF	-4.8435
OUMY	-4.8435
ARNA	-4.8435
ETED	-4.8435
ATAC	-4.8435
DITE	-4.8435
ICEL	-4.8435
STEX	-4.8435
ERAH	-4.8435
OBEE	-4.8435
LCAM	-4.8435
BUTU	-4.8435
SFAL	-4.8435
ITIV	-4.8435
IDIS	-4.8435
ESDO	-4.8435
HATU	-4.8435
LOOR	-4.8435
POIS	-4.8435
RKSA	-4.8435
BOWS	-4.8435
VETR	-4.8435
AMPS	-4.8435
NIAH	-4.8435
LTRE	-4.8435
ADLI	-4.8469
MATC	-4.8469
ADSU	-4.8469
DAMI	-4.8469
ENGI	-4.8469
NLYM	-4.8469
RHAS	-4.8469
OURY	-4.8469
ASSP	-4.8469
TIPL	-4.8469
IRDA	-4.8469
MSIN	-4.8469
TORO	-4.8469
VILE	-4.8469
ECTW	-4.8469
GBAC	-4.8469
FMAR	-4.8469
RTYO	-4.8469
DSAL	-4.8469
SONF	-4.8469
UCKI	-4.8469
DATE	-4.8469
TIKN	-4.8469
GUPA	-4.8469
ODEN	-4.8469
ADOU	-4.8469
EGAL	-4.8469
SEOR	-4.8469
ORRA	-4.8469
LLFR	-4.8469
CUTI	-4.8469
OUOU	-4.8469
EOPP	-4.8469
WRET	-4.8469
NGDR	-4.8469
TIMI	-4.8469
DINV	-4.8469
ENPA	-4.8469
VEBR	-4.8469
GLIN	-4.8469
EAFO	-4.8469
BEGG	-4.8469
YRET	-4.8469
OJUD	-4.8469
NKLI	-4.8469
EFOF	-4.8469
WARR	-4.8469
NCHR	-4.8469
FBEN	-4.8469
ROMD	-4.8469
SGLO	-4.8469
ROFO	-4.8469
UNDL	-4.8469
ULSA	-4.8469
CHET	-4.8469
AMWH	-4.8469
LEBA	-4.8469
EHEB	-4.8469
TOGA	-4.8469
MENF	-4.8469
AIDC	-4.8469
PWAR	-4.8469
SDAR	-4.8469
LLDR	-4.8469
HEEU	-4.8469
DAAR	-4.8469
NGEO	-4.8503
BYNO	-4.8503
MEDS	-4.8503
DMEI	-4.8503
FEWH	-4.8503
OORE	-4.8503
DGON	-4.8503
HCOU	-4.8503
ULTA	-4.8503
IETT	-4.8503
AKEF	-4.8503
TLYR	-4.8503
KEDL	-4.8503
ARDN	-4.8503
KWAS	-4.8503
TDOT	-4.8503
OTOB	-4.8503
ELFR	-4.8503
EDLA	-4.8503
TINY	-4.8503
DRAI	-4.8503
VETA	-4.8503
TASY	-4.8503
RDSB	-4.8503
NSUR	-4.8503
TISU	-4.8503
LYEX	-4.8503
NTLI	-4.8503
RNEI	-4.8503
ARKT	-4.8503
ETAT	-4.8503
OMWI	-4.8503
IDEB	-4.8503
YKNE	-4.8503
EFUR	-4.8503
CHSO	-4.8503
OGUE	-4.8503
TWOA	-4.8503
VELE	-4.8503
TALT	-4.8503
OLEO	-4.8503
SBOY	-4.8503
NWAL	-4.8503
SOSA	-4.8503
ROWO	-4.8503
UNTT	-4.8503
TRIF	-4.8503
OFHU	-4.8503
USBU	-4.8503
MITY	-4.8503
RSPR	-4.8503
OUTY	-4.8503
LLWO	-4.8503
MINS	-4.8503
LYPA	-4.8503
ORBY	-4.8503
DSIX	-4.8503
LASP	-4.8503
NDIL	-4.8503
LLDA	-4.8503
HINM	-4.8503
RUIN	-4.8503
ELHA	-4.8503
LEGS	-4.8503
OWLS	-4.8503
AELH	-4.8503
DJAC	-4.8503
AUEN	-4.8503
TOOW	-4.8538
GHTG	-4.8538
IRBE	-4.8538
BBER	-4.8538
GRET	-4.8538
IRIE	-4.8538
MAFR	-4.8538
CCUP	-4.8538
CHEL	-4.8538
WNCO	-4.8538
YHEH	-4.8538
UNDM	-4.8538
LLSW	-4.8538
RINL	-4.8538
DSPI	-4.8538
CHWO	-4.8538
NEHI	-4.8538
EEKI	-4.8538
SECA	-4.8538
THBL	-4.8538
WNHA	-4.8538
ULSE	-4.8538
GVER	-4.8538
VISE	-4.8538
NOPE	-4.8538
DMER	-4.8538
RYLA	-4.8538
EISB	-4.8538
GHHI	-4.8538
LYAR	-4.8538
HGOO	-4.8538
UTLO	-4.8538
MEIF	-4.8538
NGUS	-4.8538
RBET	-4.8538
EEDB	-4.8538
OGOT	-4.8538
STUD	-4.8538
SATL	-4.8538
GERB	-4.8538
TTIT	-4.8538
OTHW	-4.8538
SSAF	-4.8538
APSI	-4.8538
REWS	-4.8538
LLIB	-4.8538
OTEV	-4.8538
BSOL	-4.8538
FDIS	-4.8538
UMIN	-4.8538
HYWI	-4.8538
RCHO	-4.8538
RTSH	-4.8538
SESU	-4.8538
CLUS	-4.8538
ONIC	-4.8538
SOST	-4.8538
ASIA	-4.8538
UGHM	-4.8538
OTWO	-4.8538
ILDS	-4.8538
OSSA	-4.8538
DHOR	-4.8538
YETO	-4.8538
SSAC	-4.8538
SFOL	-4.8538
EMBA	-4.8538
ATUN	-4.8538
TISG	-4.8538
SINB	-4.8538
ECRU	-4.8538
NTSF	-4.8538
EMOC	-4.8538
AIDG	-4.8538
ONTK	-4.8538
OFZE	-4.8538
ZZAR	-4.8538
MRAD	-4.8538
ITHV	-4.8572
ASFR	-4.8572
RYPL	-4.8572
ECHR	-4.8572
ORHO	-4.8572
NAVE	-4.8572
ABEA	-4.8572
CHLE	-4.8572
RWEL	-4.8572
ESOC	-4.8572
SWHY	-4.8572
ISSC	-4.8572
KEAT	-4.8572
YUND	-4.8572
ROFC	-4.8572
YELS	-4.8572
FANO	-4.8572
MHEH	-4.8572
MHEW	-4.8572
PTTO	-4.8572
UPHE	-4.8572
IKEO	-4.8572
ICEN	-4.8572
DFLO	-4.8572
ERIH	-4.8572
ELYE	-4.8572
PROT	-4.8572
ARVI	-4.8572
ALWH	-4.8572
DPOU	-4.8572
REJU	-4.8572
NGSL	-4.8572
IKNE	-4.8572
ICHG	-4.8572
EKTH	-4.8572
ETIR	-4.8572
KEDE	-4.8572
ESOW	-4.8572
WHEA	-4.8572
LPLE	-4.8572
LEAF	-4.8572
HEUP	-4.8572
NSSO	-4.8572
AIDP	-4.8572
ANEO	-4.8572
NEFR	-4.8572
LAMI	-4.8572
MBYT	-4.8572
EHID	-4.8572
ORBR	-4.8572
MERB	-4.8572
HSTO	-4.8572
NIFO	-4.8572
EHIT	-4.8572
ISHB	-4.8572
TBAR	-4.8572
LBEO	-4.8572
HPRI	-4.8572
COFF	-4.8572
MNAN	-4.8572
LTIP	-4.8572
TYME	-4.8572
MANK	-4.8572
HOUF	-4.8572
SUBU	-4.8572
BURB	-4.8572
URBS	-4.8572
JERO	-4.8572
IDSY	-4.8572
COMR	-4.8572
MILD	-4.8608
EFLY	-4.8608
STBR	-4.8608
KOFH	-4.8608
PHIM	-4.8608
TAGR	-4.8608
REDP	-4.8608
DASK	-4.8608
EEDL	-4.8608
KFRO	-4.8608
OPEI	-4.8608
IGHI	-4.8608
GESH	-4.8608
TINP	-4.8608
DIMP	-4.8608
YYET	-4.8608
UNLI	-4.8608
SITN	-4.8608
LEPE	-4.8608
DSBU	-4.8608
SLOV	-4.8608
EDAP	-4.8608
DINW	-4.8608
RMOF	-4.8608
TYWI	-4.8608
BEEX	-4.8608
THSW	-4.8608
MTOH	-4.8608
EVIC	-4.8608
CHAB	-4.8608
NREP	-4.8608
LUND	-4.8608
RERA	-4.8608
WCAN	-4.8608
ISEF	-4.8608
OISA	-4.8608
ALAD	-4.8608
VEIS	-4.8608
ENCI	-4.8608
RSTD	-4.8608
ERMU	-4.8608
EXEC	-4.8608
TEMA	-4.8608
CLAY	-4.8608
CHEA	-4.8608
XAMI	-4.8608
HCAM	-4.8608
HEEK	-4.8608
LPUT	-4.8608
LIEF	-4.8608
OPPI	-4.8608
STNE	-4.8608
ILSO	-4.8608
RITB	-4.8608
EEDY	-4.8608
UPTE	-4.8608
TSCA	-4.8608
ASCU	-4.8608
ERGA	-4.8608
CENC	-4.8608
ORBA	-4.8608
MHES	-4.8608
IRSE	-4.8608
OMBA	-4.8608
SPIN	-4.8608
STUS	-4.8608
ICKT	-4.8608
PION	-4.8608
MYMA	-4.8608
DOST	-4.8608
OFED	-4.8608
OCAP	-4.8608
MDOW	-4.8608
RIPP	-4.8608
HABA	-4.8608
SOJO	-4.8608
HIRS	-4.8608
RPOW	-4.8643
ATGR	-4.8643
LYSI	-4.8643
NHAL	-4.8643
VOUS	-4.8643
ASBY	-4.8643
ASOV	-4.8643
SLAT	-4.8643
TBEB	-4.8643
CEDH	-4.8643
IRAB	-4.8643
SACO	-4.8643
KENH	-4.8643
YINC	-4.8643
DPRI	-4.8643
LFWH	-4.8643
PREF	-4.8643
UTAG	-4.8643
ROSI	-4.8643
IRMI	-4.8643
ARSB	-4.8643
LKAN	-4.8643
EFAS	-4.8643
OILI	-4.8643
BITO	-4.8643
RGAR	-4.8643
MERR	-4.8643
YCAR	-4.8643
CKNE	-4.8643
NRIG	-4.8643
FERA	-4.8643
LLCH	-4.8643
SUBM	-4.8643
IBIL	-4.8643
WNUP	-4.8643
EDTI	-4.8643
RSEM	-4.8643
OONB	-4.8643
RSTY	-4.8643
FWHE	-4.8643
SADD	-4.8643
DEYE	-4.8643
TGOT	-4.8643
TIRR	-4.8643
IRRI	-4.8643
YEDO	-4.8643
GCON	-4.8643
NIFY	-4.8643
DORE	-4.8643
DWEW	-4.8643
NBOT	-4.8643
LMER	-4.8643
ANSC	-4.8643
VOLV	-4.8643
RERO	-4.8643
PIRA	-4.8643
ANSB	-4.8643
LCHA	-4.8643
ROFG	-4.8643
YWAL	-4.8643
OFFS	-4.8643
DERL	-4.8643
SSIR	-4.8643
URLE	-4.8643
NELA	-4.8643
ATCR	-4.8643
SIWA	-4.8643
OOMW	-4.8643
HEWT	-4.8643
ISOR	-4.8643
OHAS	-4.8643
AYYE	-4.8643
RDEV	-4.8643
RBED	-4.8643
ORYW	-4.8643
WLIN	-4.8643
OTFR	-4.8643
FTAN	-4.8643
MAYD	-4.8643
ILSA	-4.8643
KLED	-4.8643
KETA	-4.8643
EBUC	-4.8643
EHOM	-4.8679
ANYE	-4.8679
RPAS	-4.8679
EPTE	-4.8679
ASAH	-4.8679
ONUS	-4.8679
SESE	-4.8679
META	-4.8679
FIHA	-4.8679
BLER	-4.8679
HTOM	-4.8679
ACIT	-4.8679
SBEN	-4.8679
UTSU	-4.8679
YSAT	-4.8679
LYKN	-4.8679
STYL	-4.8679
DETA	-4.8679
IMPU	-4.8679
ROMC	-4.8679
ALSH	-4.8679
GEAS	-4.8679
USEL	-4.8679
LFBU	-4.8679
SHHI	-4.8679
LLRO	-4.8679
UCOU	-4.8679
NMUS	-4.8679
KOFA	-4.8679
RSWO	-4.8679
MEDM	-4.8679
LBEN	-4.8679
GARE	-4.8679
MYWI	-4.8679
FHEH	-4.8679
EISG	-4.8679
INVO	-4.8679
BELA	-4.8679
EDPO	-4.8679
AKTO	-4.8679
NACO	-4.8679
OTSI	-4.8679
NYET	-4.8679
NEPH	-4.8679
UESA	-4.8679
AMTO	-4.8679
UPTI	-4.8679
URCA	-4.8679
SHRI	-4.8679
LAKE	-4.8679
ELFU	-4.8679
DONM	-4.8679
ALTI	-4.8679
DYOF	-4.8679
OOFF	-4.8679
YOVE	-4.8679
AYWA	-4.8679
WICE	-4.8679
MANP	-4.8679
CCUS	-4.8679
ALEF	-4.8679
ESDI	-4.8679
HDON	-4.8679
OFTO	-4.8679
REWT	-4.8679
DOWA	-4.8679
MEAR	-4.8679
FOUG	-4.8679
DLIF	-4.8679
CLEV	-4.8715
DTOU	-4.8715
AGEB	-4.8715
LYPE	-4.8715
WLON	-4.8715
LEGO	-4.8715
ITSF	-4.8715
ADYW	-4.8715
ACEN	-4.8715
TYWA	-4.8715
ANNI	-4.8715
ELYP	-4.8715
GHSH	-4.8715
MEAD	-4.8715
HEMR	-4.8715
RUNA	-4.8715
FATE	-4.8715
DELE	-4.8715
SAYY	-4.8715
IMEB	-4.8715
UNEA	-4.8715
OIND	-4.8715
RWOM	-4.8715
KWAR	-4.8715
KESH	-4.8715
ISGU	-4.8715
TURB	-4.8715
STPL	-4.8715
OASS	-4.8715
SSOS	-4.8715
LELE	-4.8715
OFAI	-4.8715
RATO	-4.8715
SOAS	-4.8715
TBAC	-4.8715
NGUA	-4.8715
AMPE	-4.8715
GOOU	-4.8715
DBEM	-4.8715
DUPI	-4.8715
HUSI	-4.8715
WNHO	-4.8715
TNAT	-4.8715
REIW	-4.8715
OCLO	-4.8715
HEDG	-4.8715
GERE	-4.8715
MEAC	-4.8715
EJAC	-4.8715
VALO	-4.8715
GEDW	-4.8715
OMSA	-4.8715
ODAT	-4.8715
SNEC	-4.8715
RRET	-4.8715
WWHI	-4.8715
IDEF	-4.8715
IANW	-4.8715
NSIL	-4.8715
NUME	-4.8715
RTHL	-4.8715
ANAP	-4.8715
NGBO	-4.8715
HYME	-4.8715
LSOB	-4.8715
ISOL	-4.8715
IANI	-4.8715
WARN	-4.8715
EBER	-4.8715
OABA	-4.8715
RAMS	-4.8715
NIAN	-4.8715
VAGE	-4.8715
YBEI	-4.8751
UALA	-4.8751
MESW	-4.8751
FORJ	-4.8751
RFLO	-4.8751
RETS	-4.8751
URWH	-4.8751
FETO	-4.8751
LKOF	-4.8751
MYPO	-4.8751
SMOO	-4.8751
DEDU	-4.8751
NLIF	-4.8751
EOCC	-4.8751
GOWI	-4.8751
RSSA	-4.8751
PLUM	-4.8751
SSLY	-4.8751
LDAD	-4.8751
DSUS	-4.8751
WITT	-4.8751
OSTM	-4.8751
NHEI	-4.8751
TONM	-4.8751
REEI	-4.8751
YIAM	-4.8751
ANKY	-4.8751
EPIC	-4.8751
SCUS	-4.8751
EEMA	-4.8751
MPTE	-4.8751
EOUG	-4.8751
MASC	-4.8751
ENOC	-4.8751
PETI	-4.8751
MICA	-4.8751
IBEG	-4.8751
SAYN	-4.8751
VEUP	-4.8751
ORBU	-4.8751
GSOL	-4.8751
LREC	-4.8751
OOPE	-4.8751
ONMI	-4.8751
RLOT	-4.8751
YJUD	-4.8751
TSWA	-4.8751
DOSO	-4.8751
NOWR	-4.8751
ELED	-4.8751
TOIS	-4.8751
LLYN	-4.8751
NAMI	-4.8751
TISD	-4.8751
SDRE	-4.8751
IFYI	-4.8751
KWHI	-4.8751
ETUN	-4.8751
OFVI	-4.8751
MINO	-4.8751
GALE	-4.8751
YOFD	-4.8751
OFIG	-4.8751
WART	-4.8751
DBRA	-4.8751
GODC	-4.8751
TNIN	-4.8751
ITFU	-4.8751
TWAT	-4.8751
ELER	-4.8751
OTTL	-4.8751
LALS	-4.8751
NDAA	-4.8751
HILS	-4.8751
VEMO	-4.8788
TEEM	-4.8788
ELTE	-4.8788
INDF	-4.8788
YFUL	-4.8788
ERAW	-4.8788
YSOO	-4.8788
IMGO	-4.8788
TOFJ	-4.8788
ITME	-4.8788
UARR	-4.8788
ELFC	-4.8788
TILI	-4.8788
AZIN	-4.8788
DGIN	-4.8788
NLYR	-4.8788
SOSO	-4.8788
YSEA	-4.8788
RYWO	-4.8788
KONE	-4.8788
ONAG	-4.8788
NGQU	-4.8788
GUID	-4.8788
LLIV	-4.8788
GAME	-4.8788
LUSH	-4.8788
THDI	-4.8788
CKHE	-4.8788
UPFO	-4.8788
IMDO	-4.8788
TWON	-4.8788
NCEY	-4.8788
OOKW	-4.8788
NOWD	-4.8788
ISEB	-4.8788
TLEL	-4.8788
DYWH	-4.8788
VEDM	-4.8788
EAPR	-4.8788
HSEN	-4.8788
TSET	-4.8788
DUTY	-4.8788
BYMY	-4.8788
YDEC	-4.8788
EISC	-4.8788
AYLI	-4.8788
DROO	-4.8788
LOWW	-4.8788
SAWO	-4.8788
TOAR	-4.8788
METE	-4.8788
RLOV	-4.8788
MAYT	-4.8788
DTRA	-4.8788
LLYR	-4.8788
LBEE	-4.8788
NOFL	-4.8788
SAFF	-4.8788
YDOW	-4.8788
CLOC	-4.8788
RISR	-4.8788
IDAS	-4.8788
RFEL	-4.8788
ESAD	-4.8788
WNEA	-4.8788
EOFU	-4.8788
TWEH	-4.8788
JEAL	-4.8788
UTEN	-4.8788
CLAM	-4.8788
LSWH	-4.8788
GSCO	-4.8788
IFTS	-4.8788
TLYD	-4.8788
TSAV	-4.8788
ILAT	-4.8788
YSAL	-4.8788
SUSW	-4.8788
OPTH	-4.8788
ELWA	-4.8788
URMU	-4.8788
SBAR	-4.8788
HYMO	-4.8788
IANO	-4.8788
ADIA	-4.8788
CHST	-4.8788
LBER	-4.8788
BYME	-4.8788
ECED	-4.8788
ORDP	-4.8788
IEFA	-4.8788
GELO	-4.8788
NNEH	-4.8788
SEEC	-4.8788
SIRJ	-4.8788
GOSP	-4.8788
OFEX	-4.8825
IMAC	-4.8825
ADLO	-4.8825
RERT	-4.8825
ARAL	-4.8825
TAMI	-4.8825
LWER	-4.8825
ISHY	-4.8825
RYFA	-4.8825
SOCO	-4.8825
NCEE	-4.8825
KENB	-4.8825
HEOC	-4.8825
DARD	-4.8825
RANE	-4.8825
THFA	-4.8825
LOFS	-4.8825
CESE	-4.8825
GSWI	-4.8825
STCH	-4.8825
ENDF	-4.8825
OTAM	-4.8825
ARIL	-4.8825
DIFA	-4.8825
AHUN	-4.8825
OKSA	-4.8825
LTHR	-4.8825
RERI	-4.8825
NINF	-4.8825
ELAB	-4.8825
REEB	-4.8825
XECU	-4.8825
MEAF	-4.8825
LAYH	-4.8825
MEAB	-4.8825
ISKN	-4.8825
MINH	-4.8825
DIMM	-4.8825
SASW	-4.8825
EWSA	-4.8825
DORA	-4.8825
CAPA	-4.8825
ESMY	-4.8825
DISN	-4.8825
LREM	-4.8825
ITOL	-4.8825
OONI	-4.8825
DOFP	-4.8825
SLAS	-4.8825
TMON	-4.8825
ARGU	-4.8825
RCRO	-4.8825
DITY	-4.8825
ATFR	-4.8825
NBEH	-4.8825
LESU	-4.8825
PITI	-4.8825
RKST	-4.8825
LRET	-4.8825
RSLE	-4.8825
RMAC	-4.8825
RUIS	-4.8825
PREY	-4.8825
NJES	-4.8825
ALUT	-4.8825
FURY	-4.8825
ABTH	-4.8825
AMBS	-4.8825
PIPE	-4.8825
NINM	-4.8862
DOWO	-4.8862
RUBB	-4.8862
DASF	-4.8862
OODP	-4.8862
LEYA	-4.8862
RTOC	-4.8862
MSOM	-4.8862
LLMI	-4.8862
TCHM	-4.8862
UTAW	-4.8862
TLYO	-4.8862
EDTW	-4.8862
ADEU	-4.8862
OFPL	-4.8862
EENR	-4.8862
IFEH	-4.8862
EDEX	-4.8862
NASM	-4.8862
HTWE	-4.8862
TSLI	-4.8862
NDAW	-4.8862
RYDE	-4.8862
SEAF	-4.8862
KABL	-4.8862
ASTY	-4.8862
SESC	-4.8862
THLA	-4.8862
OYIN	-4.8862
SINK	-4.8862
NKHE	-4.8862
ALBU	-4.8862
RHET	-4.8862
ITSN	-4.8862
ATRU	-4.8862
LLKE	-4.8862
ODOI	-4.8862
OSOO	-4.8862
RACC	-4.8862
GOON	-4.8862
NSAS	-4.8862
ITIC	-4.8862
NMYW	-4.8862
OGRA	-4.8862
NDVI	-4.8862
LLEX	-4.8862
ILEE	-4.8862
OTMY	-4.8862
TSLE	-4.8862
OPHI	-4.8862
OTNO	-4.8862
KEHA	-4.8862
NTSP	-4.8862
ROFD	-4.8862
ERJO	-4.8862
OLEH	-4.8862
IRTE	-4.8862
GTOC	-4.8862
SOIL	-4.8862
OITW	-4.8862
NSIV	-4.8862
IALW	-4.8862
LOFG	-4.8862
HTOO	-4.8862
ARYW	-4.8862
MBEH	-4.8862
LDLY	-4.8862
IFYT	-4.8862
KENS	-4.8862
ESEI	-4.8862
YNEI	-4.8862
ARBO	-4.8862
RIPE	-4.8862
EHAU	-4.8862
LNAT	-4.8862
FAMM	-4.8862
FJAC	-4.8862
XIST	-4.8900
HTHR	-4.8900
SUSU	-4.8900
NLON	-4.8900
FCHA	-4.8900
URSW	-4.8900
FMYF	-4.8900
LLFE	-4.8900
EAPA	-4.8900
LEEV	-4.8900
LOFM	-4.8900
REEY	-4.8900
YSMA	-4.8900
OUTD	-4.8900
LFFO	-4.8900
EAFA	-4.8900
NREC	-4.8900
DISL	-4.8900
RYHI	-4.8900
ZABE	-4.8900
NOTV	-4.8900
YGRO	-4.8900
LSEW	-4.8900
TRAR	-4.8900
HWIL	-4.8900
RREM	-4.8900
ACUR	-4.8900
IAMG	-4.8900
TBEP	-4.8900
LELA	-4.8900
RAWH	-4.8900
LELO	-4.8900
NOWP	-4.8900
SHAW	-4.8900
YSHI	-4.8900
DOWH	-4.8900
LISA	-4.8900
WITC	-4.8900
NDOL	-4.8900
AYSF	-4.8900
HOWB	-4.8900
NELO	-4.8900
TACL	-4.8900
EYPR	-4.8900
ISGL	-4.8900
EAPI	-4.8900
ANID	-4.8900
TRID	-4.8900
TYIS	-4.8900
USTM	-4.8900
OMTO	-4.8900
NEGO	-4.8900
MAYA	-4.8900
HSID	-4.8900
TCLO	-4.8900
DAYE	-4.8900
NJUD	-4.8900
GHPR	-4.8900
FCAN	-4.8900
AZED	-4.8900
LYDR	-4.8900
SSME	-4.8900
EEZE	-4.8900
EYKN	-4.8900
ANTY	-4.8900
UHEA	-4.8900
KEOU	-4.8900
MONL	-4.8900
GEDO	-4.8900
RARI	-4.8900
IDWA	-4.8900
HAFT	-4.8900
RART	-4.8900
CLIM	-4.8900
WARA	-4.8900
WESA	-4.8900
DFAC	-4.8900
OPHA	-4.8900
OXEN	-4.8900
BBLE	-4.8900
ALOM	-4.8900
EHOI	-4.8900
ZIAH	-4.8900
SFAM	-4.8938
CYOF	-4.8938
TEMM	-4.8938
UGGL	-4.8938
GHAT	-4.8938
LFHE	-4.8938
SAHA	-4.8938
LHOW	-4.8938
KECA	-4.8938
IREF	-4.8938
OLEC	-4.8938
LYHI	-4.8938
SSEC	-4.8938
NTES	-4.8938
SODE	-4.8938
EDAV	-4.8938
JOYO	-4.8938
FITF	-4.8938
MWER	-4.8938
EREQ	-4.8938
LOPE	-4.8938
GONO	-4.8938
INGQ	-4.8938
NATA	-4.8938
DDWE	-4.8938
MERT	-4.8938
PABL	-4.8938
AHAS	-4.8938
NSOR	-4.8938
SIBI	-4.8938
ECHT	-4.8938
UNDF	-4.8938
SAYO	-4.8938
HTOW	-4.8938
ENAI	-4.8938
EEDH	-4.8938
INBO	-4.8938
DUAL	-4.8938
YBED	-4.8938
RECR	-4.8938
NSCA	-4.8938
ITEU	-4.8938
FFFR	-4.8938
RMEI	-4.8938
ORPR	-4.8938
IONY	-4.8938
TTHU	-4.8938
DMAY	-4.8938
ACHS	-4.8938
NDIV	-4.8938
LSOR	-4.8938
XTEN	-4.8938
ASIH	-4.8938
ILIP	-4.8938
LSON	-4.8938
MANU	-4.8938
OOVE	-4.8938
IDFO	-4.8938
HTES	-4.8938
HONT	-4.8938
RHEL	-4.8938
OUON	-4.8938
LYET	-4.8938
LCOU	-4.8938
IRFO	-4.8938
NSUN	-4.8938
NOFP	-4.8938
RNSO	-4.8938
TTRE	-4.8938
RTOG	-4.8938
PETU	-4.8938
FHES	-4.8938
RCAL	-4.8938
SBLA	-4.8938
CABI	-4.8938
UEER	-4.8938
RBUR	-4.8938
EEPW	-4.8938
BSAL	-4.8938
RDUN	-4.8938
HTYM	-4.8938
ABBI	-4.8938
CRAC	-4.8938
EXIS	-4.8976
EFIT	-4.8976
URNF	-4.8976
UDIN	-4.8976
YSUR	-4.8976
HERJ	-4.8976
DSWA	-4.8976
EIFY	-4.8976
NMAY	-4.8976
LYSP	-4.8976
NRET	-4.8976
UDET	-4.8976
UPAS	-4.8976
RACH	-4.8976
NTIE	-4.8976
MRSP	-4.8976
EAWI	-4.8976
DILL	-4.8976
ABBE	-4.8976
HPLE	-4.8976
TYHA	-4.8976
DMIT	-4.8976
YIMP	-4.8976
HSIN	-4.8976
SODI	-4.8976
ODID	-4.8976
AHAD	-4.8976
EOBS	-4.8976
GWOM	-4.8976
RTYY	-4.8976
TIWO	-4.8976
LOWN	-4.8976
DDRA	-4.8976
LANA	-4.8976
YISH	-4.8976
HTME	-4.8976
OTGI	-4.8976
REIF	-4.8976
SOGO	-4.8976
WNWH	-4.8976
GOFM	-4.8976
RYES	-4.8976
ENSP	-4.8976
ERGI	-4.8976
RONL	-4.8976
CHEN	-4.8976
SFRE	-4.8976
HBYT	-4.8976
TCRI	-4.8976
CANO	-4.8976
OWMY	-4.8976
HYPO	-4.8976
EMYB	-4.8976
ROLD	-4.8976
DAYL	-4.8976
STBY	-4.8976
ORPE	-4.8976
NABA	-4.8976
WERW	-4.8976
TOCR	-4.8976
TAHA	-4.8976
ANTP	-4.8976
AFEA	-4.8976
MECA	-4.8976
RMSA	-4.8976
ESEF	-4.8976
GTHT	-4.8976
TIZE	-4.8976
ASBO	-4.8976
UTAB	-4.8976
RDAR	-4.8976
MRSS	-4.8976
TRED	-4.8976
RAGG	-4.8976
NDBI	-4.8976
BENA	-4.8976
SNIG	-4.8976
YTRE	-4.8976
AHWH	-4.8976
GIAN	-4.8976
MAJE	-4.8976
OLYG	-4.8976
CRAF	-4.8976
ELIO	-4.8976
EENY	-4.9014
ANAF	-4.9014
TBYA	-4.9014
OWWA	-4.9014
HNES	-4.9014
ESOV	-4.9014
RTOL	-4.9014
YNOR	-4.9014
ILYB	-4.9014
XION	-4.9014
FTOF	-4.9014
ONWO	-4.9014
GSFO	-4.9014
UNHA	-4.9014
HLIK	-4.9014
ENPL	-4.9014
ORYS	-4.9014
CRIT	-4.9014
UIDE	-4.9014
MEMI	-4.9014
OFIR	-4.9014
IZAB	-4.9014
EXTD	-4.9014
ERSG	-4.9014
UREC	-4.9014
URBU	-4.9014
TDEC	-4.9014
SMET	-4.9014
UBMI	-4.9014
CANY	-4.9014
EIKN	-4.9014
ONAM	-4.9014
TFAL	-4.9014
ISPI	-4.9014
RAOR	-4.9014
RAFF	-4.9014
DIBE	-4.9014
EISP	-4.9014
NTBY	-4.9014
TWOB	-4.9014
LDCA	-4.9014
MEOR	-4.9014
BEND	-4.9014
EMYE	-4.9014
STSP	-4.9014
ULWA	-4.9014
EEHO	-4.9014
TANG	-4.9014
YFAR	-4.9014
OTAW	-4.9014
CCID	-4.9014
SIMI	-4.9014
IMIL	-4.9014
ABAS	-4.9014
TEBE	-4.9014
IFTI	-4.9014
RAVA	-4.9014
MAZE	-4.9014
UWHO	-4.9014
ESDE	-4.9014
TWOW	-4.9014
CHOU	-4.9014
ADBO	-4.9014
WORE	-4.9014
YALS	-4.9014
NEBY	-4.9014
ALOW	-4.9014
RSST	-4.9014
MPHA	-4.9014
UCKL	-4.9014
MPEN	-4.9014
ESHT	-4.9014
LLNA	-4.9014
LUCI	-4.9014
OAHA	-4.9014
DUKE	-4.9014
EJOE	-4.9014
NDUL	-4.9053
FGRA	-4.9053
HOWW	-4.9053
ODHU	-4.9053
RLIV	-4.9053
EEMM	-4.9053
INBR	-4.9053
OORI	-4.9053
ILYW	-4.9053
HOES	-4.9053
HBEF	-4.9053
OCRI	-4.9053
ABUT	-4.9053
WITW	-4.9053
OENT	-4.9053
SNOB	-4.9053
DUPH	-4.9053
RSTM	-4.9053
HOIC	-4.9053
EWMO	-4.9053
OMHA	-4.9053
RTOR	-4.9053
ACAR	-4.9053
ANOP	-4.9053
NEQU	-4.9053
GITT	-4.9053
HPAR	-4.9053
PULS	-4.9053
ENOD	-4.9053
LDPR	-4.9053
DWES	-4.9053
ABRU	-4.9053
IAMC	-4.9053
IVEE	-4.9053
RLAD	-4.9053
LKEE	-4.9053
USSI	-4.9053
YEXC	-4.9053
IFNO	-4.9053
ERPI	-4.9053
DEMO	-4.9053
TENH	-4.9053
GANA	-4.9053
IDGE	-4.9053
TRAO	-4.9053
CALE	-4.9053
KSTO	-4.9053
OWSW	-4.9053
FOTH	-4.9053
TABI	-4.9053
ITSM	-4.9053
INSB	-4.9053
JOYA	-4.9053
DSAS	-4.9053
SERY	-4.9053
NWEA	-4.9053
OTWE	-4.9053
ITLO	-4.9053
RDWE	-4.9053
MYWA	-4.9053
STFA	-4.9053
SSAW	-4.9053
REDY	-4.9053
ACCI	-4.9053
ISDR	-4.9053
RSFE	-4.9053
ANSL	-4.9053
ITEB	-4.9053
ARNT	-4.9053
PELL	-4.9053
ENOO	-4.9053
CKER	-4.9053
KEAP	-4.9053
AGNI	-4.9053
ENFA	-4.9053
ODNO	-4.9053
COST	-4.9053
USGO	-4.9053
URER	-4.9053
WELS	-4.9053
NIWA	-4.9053
PSTA	-4.9053
OUSG	-4.9053
SSTU	-4.9053
RESN	-4.9053
YMID	-4.9053
NSTU	-4.9053
URWO	-4.9053
DSLA	-4.9053
RCAP	-4.9053
RVEL	-4.9053
SBOO	-4.9053
EGOS	-4.9053
NEES	-4.9053
HMIN	-4.9053
PLUC	-4.9053
NOFZ	-4.9053
WEAP	-4.9053
UBEN	-4.9053
TYBE	-4.9093
DPLE	-4.9093
GOUR	-4.9093
THMR	-4.9093
YOLD	-4.9093
OWDI	-4.9093
OVIS	-4.9093
RPRA	-4.9093
YHEL	-4.9093
RSUI	-4.9093
OCIA	-4.9093
OLOV	-4.9093
MESB	-4.9093
DWRI	-4.9093
RBEL	-4.9093
LYTR	-4.9093
PERW	-4.9093
MORA	-4.9093
UTEA	-4.9093
ACLO	-4.9093
OLAR	-4.9093
DDEC	-4.9093
UTHF	-4.9093
RSTW	-4.9093
EVEH	-4.9093
IFEE	-4.9093
RDSF	-4.9093
HOFM	-4.9093
YDRE	-4.9093
PESA	-4.9093
AWIS	-4.9093
YFEA	-4.9093
RSIG	-4.9093
AORD	-4.9093
OSUR	-4.9093
DMES	-4.9093
YASA	-4.9093
RLON	-4.9093
AHIN	-4.9093
WNON	-4.9093
IMCO	-4.9093
INTT	-4.9093
STES	-4.9093
GWIL	-4.9093
ULCH	-4.9093
YETB	-4.9093
ABOD	-4.9093
IAMO	-4.9093
MOFH	-4.9093
GEWI	-4.9093
FLIN	-4.9093
HEDS	-4.9093
NEGL	-4.9093
ACEL	-4.9093
GERY	-4.9093
ESUD	-4.9093
METR	-4.9093
URFO	-4.9093
BARN	-4.9093
TERU	-4.9093
SHUN	-4.9093
HAWA	-4.9093
GIBE	-4.9093
OMGO	-4.9093
SESB	-4.9093
NSLA	-4.9093
HOIA	-4.9093
ONTB	-4.9093
HYLO	-4.9093
SHAB	-4.9132
PAPA	-4.9132
DYMI	-4.9132
EITB	-4.9132
CCEE	-4.9132
YENT	-4.9132
BORE	-4.9132
EYLI	-4.9132
LITW	-4.9132
NGCL	-4.9132
ASGI	-4.9132
PLIS	-4.9132
RFRA	-4.9132
LLYP	-4.9132
ASWR	-4.9132
MONH	-4.9132
CARD	-4.9132
ARDC	-4.9132
AFAI	-4.9132
LGOO	-4.9132
SEMI	-4.9132
ELIB	-4.9132
PUTE	-4.9132
RLOU	-4.9132
DCLE	-4.9132
ETCO	-4.9132
NETR	-4.9132
DENW	-4.9132
FEIN	-4.9132
REIM	-4.9132
DIMA	-4.9132
RSFR	-4.9132
EGOE	-4.9132
NOSA	-4.9132
CTRI	-4.9132
YSIS	-4.9132
RDSM	-4.9132
CKAG	-4.9132
ELYM	-4.9132
OFYE	-4.9132
ALER	-4.9132
NNOU	-4.9132
YBRI	-4.9132
TORW	-4.9132
IMST	-4.9132
RMAS	-4.9132
ODFR	-4.9132
KEFO	-4.9132
KTOH	-4.9132
GLOW	-4.9132
TSSO	-4.9132
OFPU	-4.9132
CATH	-4.9132
HUSW	-4.9132
DIEA	-4.9132
CHPE	-4.9132
AMOF	-4.9132
KEAB	-4.9132
DMYL	-4.9132
ELCA	-4.9132
RTOU	-4.9132
CALC	-4.9132
TSMO	-4.9132
ESIC	-4.9132
KENF	-4.9132
MEGR	-4.9132
HBEC	-4.9132
IDEC	-4.9132
SPAL	-4.9132
LLIM	-4.9132
LESM	-4.9132
BASH	-4.9132
DPEA	-4.9132
LEET	-4.9132
DLIG	-4.9132
DAMS	-4.9132
WOHU	-4.9132
FLAN	-4.9132
BERL	-4.9132
ELEP	-4.9132
IAHH	-4.9132
DOLS	-4.9132
STJE	-4.9132
AJES	-4.9132
DEWA	-4.9172
ATMU	-4.9172
LITU	-4.9172
CHDI	-4.9172
TGOI	-4.9172
EPAP	-4.9172
ODSE	-4.9172
HANU	-4.9172
AIDY	-4.9172
HTNI	-4.9172
RMUS	-4.9172
URTI	-4.9172
EMBY	-4.9172
OBTA	-4.9172
LJUD	-4.9172
TOAF	-4.9172
RAFE	-4.9172
YEXP	-4.9172
NPLE	-4.9172
ADEF	-4.9172
LLAP	-4.9172
MANR	-4.9172
EASF	-4.9172
INBY	-4.9172
SESP	-4.9172
ULTY	-4.9172
OOTA	-4.9172
ADYI	-4.9172
ARAG	-4.9172
GHNO	-4.9172
QUER	-4.9172
NLYP	-4.9172
TOPT	-4.9172
WCOM	-4.9172
DITF	-4.9172
SAYH	-4.9172
DOYE	-4.9172
YESB	-4.9172
ILOS	-4.9172
LLAC	-4.9172
GWOR	-4.9172
ETSW	-4.9172
NARM	-4.9172
KEAF	-4.9172
WWHO	-4.9172
ASNA	-4.9172
ACTT	-4.9172
ENBR	-4.9172
DCLO	-4.9172
CAUT	-4.9172
RYLO	-4.9172
CECA	-4.9172
YBEE	-4.9172
EONC	-4.9172
ODGI	-4.9172
WEKN	-4.9172
EDQU	-4.9172
ESPL	-4.9172
THTR	-4.9172
LVET	-4.9172
THWO	-4.9172
OLEW	-4.9172
TOES	-4.9172
LDAY	-4.9172
CKWH	-4.9172
IDIW	-4.9172
KELE	-4.9172
NBEL	-4.9172
YSLE	-4.9172
TOPS	-4.9172
HSAY	-4.9172
NPIE	-4.9172
DGOL	-4.9172
GTON	-4.9172
DRIG	-4.9172
HOOT	-4.9172
ALIG	-4.9172
DMOU	-4.9172
DARM	-4.9172
EADU	-4.9172
ELWE	-4.9172
OFZI	-4.9172
FJOS	-4.9172
RBUL	-4.9172
DJEH	-4.9172
FCHR	-4.9172
CASK	-4.9172
NSUP	-4.9213
FMIS	-4.9213
RNSA	-4.9213
GEBU	-4.9213
DCER	-4.9213
BEGL	-4.9213
HDEA	-4.9213
ENOP	-4.9213
EATG	-4.9213
ARGA	-4.9213
UPAT	-4.9213
SNEW	-4.9213
ENTG	-4.9213
IMHI	-4.9213
MEGO	-4.9213
ERYU	-4.9213
NGFL	-4.9213
DASW	-4.9213
NPUR	-4.9213
NHOR	-4.9213
TWOL	-4.9213
ESOI	-4.9213
TMER	-4.9213
RORA	-4.9213
OESI	-4.9213
UEVE	-4.9213
DORS	-4.9213
INEC	-4.9213
MYLA	-4.9213
ENIH	-4.9213
LDFI	-4.9213
GBEH	-4.9213
NIED	-4.9213
TJUD	-4.9213
MECH	-4.9213
TBEO	-4.9213
TMYL	-4.9213
LHES	-4.9213
MEEV	-4.9213
TOAM	-4.9213
DSOW	-4.9213
AIRY	-4.9213
OTUR	-4.9213
OTUP	-4.9213
ILYS	-4.9213
HAEL	-4.9213
RTWA	-4.9213
NESP	-4.9213
TISL	-4.9213
ORDN	-4.9213
YFOL	-4.9213
TSOO	-4.9213
OLDG	-4.9213
HROA	-4.9213
SEAI	-4.9213
RWHY	-4.9213
HASC	-4.9213
THRA	-4.9213
HIDI	-4.9213
WHOK	-4.9213
EDRU	-4.9213
FYIN	-4.9213
IGHS	-4.9213
ALCH	-4.9213
IFIN	-4.9213
HYHE	-4.9213
UTFI	-4.9213
EEKE	-4.9213
SWAT	-4.9213
STPO	-4.9213
GERM	-4.9213
BYDI	-4.9213
RAPH	-4.9213
AGAN	-4.9213
LONS	-4.9213
RDBY	-4.9213
SSIM	-4.9213
TIER	-4.9213
HIPI	-4.9213
GSON	-4.9213
ACKC	-4.9213
TAME	-4.9213
EDBL	-4.9213
MLIK	-4.9213
POEM	-4.9213
EPES	-4.9213
TDIE	-4.9213
DLOU	-4.9213
SMAT	-4.9213
DOET	-4.9213
FMOA	-4.9213
MARV	-4.9213
IAHS	-4.9213
EZZA	-4.9213
LGEN	-4.9254
ADFA	-4.9254
SESF	-4.9254
RFIN	-4.9254
RDAI	-4.9254
ETYA	-4.9254
YDEP	-4.9254
ATAP	-4.9254
SISS	-4.9254
EICO	-4.9254
JAME	-4.9254
EXIO	-4.9254
EEDF	-4.9254
ITEV	-4.9254
SIMA	-4.9254
NTYT	-4.9254
YBYT	-4.9254
OWNN	-4.9254
EWID	-4.9254
BTAI	-4.9254
OMAC	-4.9254
MEDR	-4.9254
IMUN	-4.9254
COUP	-4.9254
DYFO	-4.9254
ECTF	-4.9254
MRSM	-4.9254
SWON	-4.9254
LMEA	-4.9254
SONM	-4.9254
NNEV	-4.9254
NIUS	-4.9254
LEXI	-4.9254
OTRA	-4.9254
SFEA	-4.9254
STFI	-4.9254
DOFL	-4.9254
SAFA	-4.9254
EEFF	-4.9254
AFET	-4.9254
UAGE	-4.9254
OODR	-4.9254
EXTM	-4.9254
VALI	-4.9254
DSSH	-4.9254
MIHA	-4.9254
AYLE	-4.9254
USER	-4.9254
AGEF	-4.9254
EBYA	-4.9254
POLL	-4.9254
USTF	-4.9254
SCAU	-4.9254
AIDJ	-4.9254
NAIR	-4.9254
ROAT	-4.9254
HYPR	-4.9254
NSNO	-4.9254
IGHW	-4.9254
EXIT	-4.9254
ELLN	-4.9254
EBYH	-4.9254
WNSO	-4.9254
LPLA	-4.9254
SBRA	-4.9254
YLIG	-4.9254
OADS	-4.9254
SPAN	-4.9254
OKHE	-4.9254
NCAP	-4.9254
DECR	-4.9254
IMMI	-4.9254
STSS	-4.9254
SHWH	-4.9254
IFAM	-4.9254
LOBE	-4.9254
TROL	-4.9254
REWR	-4.9254
IGAN	-4.9254
TWOD	-4.9295
NGEI	-4.9295
RADV	-4.9295
HDIS	-4.9295
SADA	-4.9295
PTOH	-4.9295
SHYO	-4.9295
IRLO	-4.9295
EYBU	-4.9295
NONA	-4.9295
DEUP	-4.9295
DEAV	-4.9295
IFIH	-4.9295
EMRE	-4.9295
XPEN	-4.9295
SSEV	-4.9295
ODNA	-4.9295
HADJ	-4.9295
MLES	-4.9295
UTAR	-4.9295
LLBY	-4.9295
NGFE	-4.9295
ETDO	-4.9295
ERQU	-4.9295
ESRO	-4.9295
XTDA	-4.9295
ETSI	-4.9295
EWMI	-4.9295
UBTE	-4.9295
SADE	-4.9295
RINF	-4.9295
MAYG	-4.9295
DORT	-4.9295
SHIE	-4.9295
MYSP	-4.9295
DVIC	-4.9295
WITI	-4.9295
YEIN	-4.9295
RCOL	-4.9295
ITOO	-4.9295
WNHI	-4.9295
RYSE	-4.9295
REIH	-4.9295
EDCR	-4.9295
OTRU	-4.9295
LHEH	-4.9295
TTRI	-4.9295
EYSP	-4.9295
SUGG	-4.9295
FFHI	-4.9295
MYCH	-4.9295
NSPR	-4.9295
TSME	-4.9295
ADEC	-4.9295
NREM	-4.9295
USIT	-4.9295
TWOF	-4.9295
SIKN	-4.9295
LAMO	-4.9295
ERSY	-4.9295
THTE	-4.9295
ILEO	-4.9295
THUM	-4.9295
RTFR	-4.9295
ATBY	-4.9295
TOBL	-4.9295
FSHI	-4.9295
IMIS	-4.9295
INSC	-4.9295
EEPL	-4.9295
LIMP	-4.9295
ADBR	-4.9295
NISE	-4.9295
ESOH	-4.9295
UMER	-4.9295
DOFD	-4.9295
AYCA	-4.9295
ECOO	-4.9295
ESHB	-4.9295
EIPR	-4.9295
EABU	-4.9295
RTHM	-4.9295
IXTH	-4.9295
EUTT	-4.9295
ECKA	-4.9295
USIS	-4.9295
LNIG	-4.9295
FAHA	-4.9295
YFLE	-4.9295
KELS	-4.9295
TDAV	-4.9295
VEDN	-4.9336
WWAS	-4.9336
GGLE	-4.9336
FULM	-4.9336
ACKF	-4.9336
UTIC	-4.9336
WECO	-4.9336
URYO	-4.9336
RSRE	-4.9336
FEMA	-4.9336
USUN	-4.9336
ANYG	-4.9336
UNWI	-4.9336
LYGR	-4.9336
NSPO	-4.9336
EDFE	-4.9336
NCAR	-4.9336
EABE	-4.9336
ESTG	-4.9336
OTIS	-4.9336
ANEL	-4.9336
OUYE	-4.9336
OUUN	-4.9336
OTEX	-4.9336
GNOF	-4.9336
ALPA	-4.9336
ABAD	-4.9336
YDIF	-4.9336
MEIA	-4.9336
ORFI	-4.9336
HMEI	-4.9336
PPYA	-4.9336
CTIS	-4.9336
TEDD	-4.9336
ONMO	-4.9336
EPIE	-4.9336
ASEH	-4.9336
TSUS	-4.9336
MYFE	-4.9336
NESC	-4.9336
TMOM	-4.9336
IONP	-4.9336
OAMA	-4.9336
AVAI	-4.9336
OFOT	-4.9336
DDEP	-4.9336
APIE	-4.9336
EJOY	-4.9336
AYMY	-4.9336
EYEH	-4.9336
ISSD	-4.9336
BEWE	-4.9336
VEOU	-4.9336
DINB	-4.9336
FSTR	-4.9336
ASEW	-4.9336
ESED	-4.9336
ORAD	-4.9336
EGGE	-4.9336
SORI	-4.9336
RENU	-4.9336
SFER	-4.9336
ADEE	-4.9336
NELY	-4.9336
WHIR	-4.9336
HIRL	-4.9336
APSA	-4.9336
CALA	-4.9336
MURM	-4.9336
LTOS	-4.9336
ASKA	-4.9336
ANPR	-4.9336
LIDI	-4.9336
IDMY	-4.9336
DEMN	-4.9336
ALWI	-4.9336
MAMM	-4.9336
PRAN	-4.9336
ECKS	-4.9336
DFLE	-4.9336
HOUP	-4.9336
NIEL	-4.9336
MBLY	-4.9336
NVOL	-4.9378
IONR	-4.9378
OFFW	-4.9378
TRUG	-4.9378
TSRE	-4.9378
ADSP	-4.9378
OURV	-4.9378
EUSA	-4.9378
YGLA	-4.9378
RIMM	-4.9378
NUSU	-4.9378
YSIR	-4.9378
UWHA	-4.9378
SSYO	-4.9378
LORA	-4.9378
MMAT	-4.9378
IPRO	-4.9378
DOWE	-4.9378
ANBY	-4.9378
URYA	-4.9378
RMAD	-4.9378
ENSC	-4.9378
EWIF	-4.9378
GITW	-4.9378
OFOF	-4.9378
WNFO	-4.9378
ICEC	-4.9378
YGEN	-4.9378
PERR	-4.9378
TIBL	-4.9378
LFAT	-4.9378
RSGO	-4.9378
LYIM	-4.9378
SOBL	-4.9378
SARO	-4.9378
DLUC	-4.9378
RORT	-4.9378
LBEP	-4.9378
ASME	-4.9378
KENW	-4.9378
SEXA	-4.9378
STRY	-4.9378
EEPM	-4.9378
LFLE	-4.9378
NMYL	-4.9378
RTIT	-4.9378
PESO	-4.9378
UCHR	-4.9378
LOSO	-4.9378
SITD	-4.9378
DHEF	-4.9378
RSTC	-4.9378
FKIN	-4.9378
TOTO	-4.9378
OSOU	-4.9378
TERG	-4.9378
KSIN	-4.9378
GEYE	-4.9378
ALSI	-4.9378
GOFE	-4.9378
IKEU	-4.9378
LDMO	-4.9378
TEAM	-4.9378
NASO	-4.9378
RCLO	-4.9378
RDYE	-4.9378
YANS	-4.9378
EYPA	-4.9378
LYUP	-4.9378
SCUT	-4.9378
DLAU	-4.9378
FMOR	-4.9378
TESC	-4.9378
SSST	-4.9378
OONW	-4.9378
IFTO	-4.9378
USST	-4.9378
TTAI	-4.9378
ONOM	-4.9378
GSPE	-4.9378
EWET	-4.9378
OCLA	-4.9378
ONTS	-4.9378
DLAY	-4.9378
ORAH	-4.9378
INPI	-4.9378
BIND	-4.9378
COBA	-4.9378
FJEH	-4.9378
SJUD	-4.9421
EMHA	-4.9421
RPEO	-4.9421
ALAT	-4.9421
ADAC	-4.9421
OONL	-4.9421
OKEI	-4.9421
MAYC	-4.9421
SITM	-4.9421
HBET	-4.9421
MTOD	-4.9421
HUSE	-4.9421
EEKA	-4.9421
UTDE	-4.9421
NGAH	-4.9421
CHPR	-4.9421
PARL	-4.9421
NGSD	-4.9421
BEGR	-4.9421
ADAG	-4.9421
TOCK	-4.9421
TRYW	-4.9421
WMIN	-4.9421
HIMY	-4.9421
EINL	-4.9421
ELYG	-4.9421
KESI	-4.9421
CONQ	-4.9421
TAWO	-4.9421
LLAD	-4.9421
YPOS	-4.9421
OUEV	-4.9421
AITS	-4.9421
AINY	-4.9421
COCK	-4.9421
MYPA	-4.9421
IETL	-4.9421
LATH	-4.9421
EDAD	-4.9421
EMUR	-4.9421
ARHA	-4.9421
TTOK	-4.9421
EWRE	-4.9421
BYNI	-4.9421
OSOP	-4.9421
UMAK	-4.9421
SWRO	-4.9421
NENE	-4.9421
ATAF	-4.9421
TTOU	-4.9421
TROO	-4.9421
TOSS	-4.9421
TRIG	-4.9421
NDVA	-4.9421
DCOR	-4.9421
OYEA	-4.9421
UNDU	-4.9421
RHOO	-4.9421
DAHT	-4.9421
THPE	-4.9421
OUOF	-4.9421
SOOT	-4.9421
EBLU	-4.9421
ULES	-4.9421
TSOS	-4.9421
RSAC	-4.9421
SSLI	-4.9421
EEAL	-4.9421
ATNA	-4.9421
ODUN	-4.9421
ANTD	-4.9421
ACKH	-4.9421
TBLO	-4.9421
OUBR	-4.9421
DOLO	-4.9421
SAVI	-4.9421
RIDG	-4.9421
UTRA	-4.9421
FMOS	-4.9421
WEBE	-4.9421
HWAY	-4.9421
OBBE	-4.9421
BISH	-4.9421
RIMS	-4.9421
IVOR	-4.9421
RNUN	-4.9421
EDFL	-4.9421
EZER	-4.9421
ADUL	-4.9421
ASPH	-4.9421
WORM	-4.9421
UCIF	-4.9421
TBLE	-4.9463
ESFA	-4.9463
ONGP	-4.9463
TOSL	-4.9463
DEPR	-4.9463
UTSE	-4.9463
RHAL	-4.9463
EYLO	-4.9463
LDSU	-4.9463
RYNO	-4.9463
OUIT	-4.9463
SISN	-4.9463
KUPO	-4.9463
ULIK	-4.9463
IFEF	-4.9463
USSO	-4.9463
YOFG	-4.9463
LYBR	-4.9463
RTOP	-4.9463
HWOU	-4.9463
AMEP	-4.9463
IKIN	-4.9463
ADPA	-4.9463
GSSH	-4.9463
ONAC	-4.9463
MEPR	-4.9463
CHMI	-4.9463
ASEL	-4.9463
SSUB	-4.9463
ENPE	-4.9463
ROFP	-4.9463
RTHD	-4.9463
ASCR	-4.9463
EIVI	-4.9463
BYYO	-4.9463
LFBE	-4.9463
DFIF	-4.9463
ULET	-4.9463
MTHR	-4.9463
NKSA	-4.9463
CRYI	-4.9463
EABA	-4.9463
SKIL	-4.9463
APTU	-4.9463
LDMY	-4.9463
NALM	-4.9463
RREP	-4.9463
NITB	-4.9463
SSIC	-4.9463
NPEA	-4.9463
LLYL	-4.9463
TEYO	-4.9463
ODIF	-4.9463
STEL	-4.9463
EUPH	-4.9463
HAZA	-4.9463
ROJE	-4.9463
EBLI	-4.9463
IMHA	-4.9463
HTIS	-4.9463
YTOP	-4.9463
SPOW	-4.9463
CEAG	-4.9463
TCOL	-4.9463
TROS	-4.9463
ALTR	-4.9463
ESNE	-4.9463
OUDT	-4.9463
EELO	-4.9463
TELE	-4.9463
HTWO	-4.9463
NOST	-4.9463
TITC	-4.9463
YBUR	-4.9463
EEIG	-4.9463
ANFR	-4.9463
TRAP	-4.9463
SUNL	-4.9463
SACK	-4.9463
SAVO	-4.9463
AROL	-4.9463
BEDT	-4.9463
THJO	-4.9463
BEDS	-4.9463
HTUN	-4.9463
TSAM	-4.9463
CKFO	-4.9463
LMET	-4.9463
RDMY	-4.9463
LBUR	-4.9463
UBTL	-4.9463
DMON	-4.9463
HYMA	-4.9463
SNAR	-4.9463
WOMB	-4.9463
SEAO	-4.9463
OSAM	-4.9463
VIDH	-4.9463
AFIR	-4.9507
NURS	-4.9507
ILEF	-4.9507
MMAC	-4.9507
SHFO	-4.9507
ONCI	-4.9507
HMIS	-4.9507
YSPO	-4.9507
YINF	-4.9507
LFSH	-4.9507
DAVE	-4.9507
IMAD	-4.9507
ZZLE	-4.9507
ARPA	-4.9507
DASO	-4.9507
MOOT	-4.9507
VECH	-4.9507
FSPI	-4.9507
NDOB	-4.9507
IMHO	-4.9507
OOFO	-4.9507
UMET	-4.9507
HIEV	-4.9507
DAHI	-4.9507
ITSL	-4.9507
DSOA	-4.9507
WNST	-4.9507
STPE	-4.9507
AHAR	-4.9507
EPUB	-4.9507
ARPL	-4.9507
TBER	-4.9507
FSIN	-4.9507
RSMI	-4.9507
HASP	-4.9507
YTAL	-4.9507
RDRI	-4.9507
DNOS	-4.9507
ORAG	-4.9507
NWHY	-4.9507
ESOP	-4.9507
LLCR	-4.9507
SSLE	-4.9507
HTSI	-4.9507
HIPO	-4.9507
YESF	-4.9507
DBED	-4.9507
SFAS	-4.9507
LYFI	-4.9507
RPOR	-4.9507
HTIM	-4.9507
NSOT	-4.9507
TINB	-4.9507
OTAC	-4.9507
TATO	-4.9507
PROJ	-4.9507
OJEC	-4.9507
ADRA	-4.9507
IDLO	-4.9507
GTOE	-4.9507
SLOR	-4.9507
YAMO	-4.9507
NEDC	-4.9507
DIFH	-4.9507
NMYF	-4.9507
STTA	-4.9507
TSIR	-4.9507
HAKI	-4.9507
DPIT	-4.9507
EONS	-4.9507
ASDR	-4.9507
IRPO	-4.9507
SART	-4.9507
SINP	-4.9507
YCOV	-4.9507
BUSH	-4.9507
OOKF	-4.9507
ARCO	-4.9507
NSEV	-4.9507
TLIE	-4.9507
EABR	-4.9507
OILT	-4.9507
NDPH	-4.9507
EMEV	-4.9507
DUPW	-4.9507
TSLO	-4.9507
ICKW	-4.9507
EDTR	-4.9507
RORY	-4.9507
SEPR	-4.9507
DIET	-4.9507
YTRA	-4.9507
DAME	-4.9507
MYRI	-4.9507
NCEU	-4.9507
MUPO	-4.9507
LIAS	-4.9507
HAMT	-4.9507
EDSY	-4.9507
LIET	-4.9507
EBIG	-4.9507
RUBI	-4.9507
HYRI	-4.9507
PIST	-4.9507
ESNA	-4.9550
NGMU	-4.9550
HHAR	-4.9550
MACO	-4.9550
AKOF	-4.9550
RYSU	-4.9550
AVIS	-4.9550
OLDD	-4.9550
GTOL	-4.9550
ROFJ	-4.9550
RSAG	-4.9550
RRYH	-4.9550
OUPR	-4.9550
IMAF	-4.9550
KEWH	-4.9550
WNUN	-4.9550
USTP	-4.9550
EYMU	-4.9550
TURI	-4.9550
IDSU	-4.9550
OORL	-4.9550
RSEB	-4.9550
YELI	-4.9550
ATKI	-4.9550
OFWE	-4.9550
BRUP	-4.9550
FSPE	-4.9550
LTOO	-4.9550
RYIT	-4.9550
YYES	-4.9550
NFEE	-4.9550
LDRA	-4.9550
SIZE	-4.9550
TCRE	-4.9550
LTOB	-4.9550
IPAL	-4.9550
RNON	-4.9550
APET	-4.9550
TSSA	-4.9550
YCRI	-4.9550
EYEL	-4.9550
LTOF	-4.9550
RLDB	-4.9550
IEDL	-4.9550
GUAG	-4.9550
HMUS	-4.9550
ERCU	-4.9550
HHOW	-4.9550
AMBI	-4.9550
LRES	-4.9550
SACT	-4.9550
ADAD	-4.9550
BEFI	-4.9550
ROLO	-4.9550
EASC	-4.9550
LETR	-4.9550
ROCL	-4.9550
DMAI	-4.9550
GSOU	-4.9550
LYPO	-4.9550
SPAT	-4.9550
IWEN	-4.9550
SHUR	-4.9550
NTHT	-4.9550
OMAD	-4.9550
AWRE	-4.9550
TASO	-4.9550
FTIM	-4.9550
TEBU	-4.9550
PLIN	-4.9550
SORB	-4.9550
DINP	-4.9550
NITU	-4.9550
RFRE	-4.9550
APEA	-4.9550
LDLE	-4.9550
AUDI	-4.9550
TRAW	-4.9550
KETW	-4.9550
LARO	-4.9550
RSSM	-4.9550
FMYP	-4.9550
NTYE	-4.9550
WREN	-4.9550
REMN	-4.9550
ETHD	-4.9550
ILFO	-4.9550
HYSA	-4.9550
NVES	-4.9550
SUBT	-4.9550
ECRY	-4.9550
LLDW	-4.9550
BRON	-4.9550
PHEL	-4.9550
MELT	-4.9550
HYLA	-4.9550
BANQ	-4.9550
PSHE	-4.9594
CHBU	-4.9594
FCHI	-4.9594
SAMI	-4.9594
IDRE	-4.9594
NERV	-4.9594
OTAG	-4.9594
OORH	-4.9594
YIWI	-4.9594
EMWE	-4.9594
OTHB	-4.9594
ELFM	-4.9594
ULTS	-4.9594
HAGR	-4.9594
DACO	-4.9594
RYFI	-4.9594
LTIE	-4.9594
URBO	-4.9594
ADGI	-4.9594
YATH	-4.9594
WAYM	-4.9594
PETO	-4.9594
EXTT	-4.9594
TYAS	-4.9594
EENV	-4.9594
TIFH	-4.9594
DLYI	-4.9594
DONB	-4.9594
PLEX	-4.9594
OTQU	-4.9594
GMAD	-4.9594
REIA	-4.9594
LDGI	-4.9594
DITM	-4.9594
SAPR	-4.9594
YWAT	-4.9594
RSMU	-4.9594
LTAL	-4.9594
EWAV	-4.9594
CYTH	-4.9594
SLEP	-4.9594
TOIL	-4.9594
YOFB	-4.9594
APAS	-4.9594
SBOW	-4.9594
SOYO	-4.9594
IVEP	-4.9594
RAWL	-4.9594
LSEI	-4.9594
LCAL	-4.9594
DERC	-4.9594
EDAI	-4.9594
TCUR	-4.9594
EHUS	-4.9594
OLIK	-4.9594
EMEF	-4.9594
TOEL	-4.9594
USRE	-4.9594
NORR	-4.9594
MAYR	-4.9594
ECKE	-4.9594
NHED	-4.9594
AMEE	-4.9594
GGRE	-4.9594
USLI	-4.9594
LUMB	-4.9594
NDSN	-4.9594
URTR	-4.9594
BOSO	-4.9594
AIST	-4.9594
YEHE	-4.9594
LIMA	-4.9594
USON	-4.9594
EBYF	-4.9594
GUEA	-4.9594
DPIE	-4.9594
DLAI	-4.9594
GRIN	-4.9594
TUSA	-4.9594
HALD	-4.9594
FPEA	-4.9594
TYEH	-4.9594
FURI	-4.9594
YEAL	-4.9594
VIDW	-4.9594
GLOB	-4.9594
LAER	-4.9594
DNEA	-4.9639
ULGE	-4.9639
PLEG	-4.9639
ORBO	-4.9639
TENW	-4.9639
APAN	-4.9639
SINL	-4.9639
OTPA	-4.9639
AWIL	-4.9639
UWAN	-4.9639
TWEW	-4.9639
SVIS	-4.9639
KABO	-4.9639
ELUC	-4.9639
DENG	-4.9639
OAPP	-4.9639
YDAU	-4.9639
LINC	-4.9639
RHUN	-4.9639
IPAT	-4.9639
ELYR	-4.9639
LYAD	-4.9639
YCLE	-4.9639
LDDE	-4.9639
NDCE	-4.9639
OSPI	-4.9639
ODEV	-4.9639
YOUV	-4.9639
OITI	-4.9639
SYMP	-4.9639
RASM	-4.9639
LENA	-4.9639
ORFA	-4.9639
HCHA	-4.9639
RTFO	-4.9639
NOTQ	-4.9639
DEDL	-4.9639
GANI	-4.9639
BLEL	-4.9639
IPOF	-4.9639
LYFE	-4.9639
TSAC	-4.9639
HLET	-4.9639
IRDO	-4.9639
MYDA	-4.9639
DOBE	-4.9639
EISW	-4.9639
EENN	-4.9639
YFOO	-4.9639
NEFI	-4.9639
URNU	-4.9639
MPTA	-4.9639
YBOT	-4.9639
FMYL	-4.9639
HEMG	-4.9639
LEAM	-4.9639
MPLY	-4.9639
CANC	-4.9639
FBET	-4.9639
RAVI	-4.9639
TASF	-4.9639
TNEE	-4.9639
SIUS	-4.9639
RRIG	-4.9639
TINV	-4.9639
FANT	-4.9639
FAME	-4.9639
VALS	-4.9639
DCUR	-4.9639
LTMA	-4.9639
MERG	-4.9639
LAYW	-4.9639
PANT	-4.9639
OKSO	-4.9639
EFIV	-4.9639
SFLO	-4.9639
RSCR	-4.9639
EMYH	-4.9639
IDDO	-4.9639
PREM	-4.9639
OWYE	-4.9639
NKET	-4.9639
AIAN	-4.9639
BABE	-4.9639
PHEM	-4.9639
LIAH	-4.9639
WNSB	-4.9639
TYON	-4.9684
MITW	-4.9684
WASY	-4.9684
GEIT	-4.9684
SUNI	-4.9684
ATOT	-4.9684
STNI	-4.9684
VEAG	-4.9684
AYSC	-4.9684
XERT	-4.9684
HITA	-4.9684
MYSH	-4.9684
NGIH	-4.9684
OHNO	-4.9684
UTIM	-4.9684
YSCO	-4.9684
FSOL	-4.9684
DTRI	-4.9684
ELYL	-4.9684
LMIN	-4.9684
ILDW	-4.9684
GBRO	-4.9684
GEDF	-4.9684
STGI	-4.9684
PLIM	-4.9684
SORW	-4.9684
MEAM	-4.9684
TITL	-4.9684
ULFO	-4.9684
HTCO	-4.9684
AWAL	-4.9684
ASMR	-4.9684
ADIF	-4.9684
SISI	-4.9684
EISD	-4.9684
HTMA	-4.9684
LBRE	-4.9684
ICKN	-4.9684
ASEY	-4.9684
RMIG	-4.9684
PPLY	-4.9684
RFAI	-4.9684
EWEH	-4.9684
ANEM	-4.9684
RAIR	-4.9684
ONPR	-4.9684
ASUD	-4.9684
MTOG	-4.9684
AGIT	-4.9684
ROPR	-4.9684
WAYC	-4.9684
ESUL	-4.9684
EWWH	-4.9684
REJE	-4.9684
XTMO	-4.9684
OONH	-4.9684
ARWA	-4.9684
EXPO	-4.9684
SDEE	-4.9684
ELEM	-4.9684
NGTR	-4.9684
ATEE	-4.9684
DSLO	-4.9684
CANG	-4.9684
RCER	-4.9684
CELI	-4.9684
EFTO	-4.9684
FTOT	-4.9684
BOOT	-4.9684
URBA	-4.9684
GUND	-4.9684
AYSU	-4.9684
IRVI	-4.9684
OCUR	-4.9684
ATEP	-4.9684
RDAT	-4.9684
HTNE	-4.9684
SEXT	-4.9684
ISHU	-4.9684
CION	-4.9684
STLA	-4.9684
BLAM	-4.9684
LDID	-4.9684
BYON	-4.9684
LCAU	-4.9684
AYGO	-4.9684
CELO	-4.9684
YOFJ	-4.9684
FTWO	-4.9684
IDEV	-4.9684
RBLE	-4.9684
NTGO	-4.9684
SEGO	-4.9684
FRET	-4.9684
NCIR	-4.9684
TIET	-4.9684
LAHA	-4.9684
EMNE	-4.9684
EISF	-4.9684
DFIL	-4.9684
URIA	-4.9684
DBUI	-4.9684
YGAT	-4.9684
UPOU	-4.9684
HEEC	-4.9684
EEUN	-4.9684
OLYP	-4.9684
URTL	-4.9684
YMAS	-4.9684
LLUT	-4.9684
ECAB	-4.9684
EUEN	-4.9684
HACO	-4.9729
DHIG	-4.9729
NYCO	-4.9729
NESU	-4.9729
BYMA	-4.9729
TMAS	-4.9729
NYAS	-4.9729
LDIF	-4.9729
AYSM	-4.9729
USTD	-4.9729
YMYS	-4.9729
PPYT	-4.9729
SSUM	-4.9729
LDTA	-4.9729
TGEN	-4.9729
CHUN	-4.9729
NTOV	-4.9729
GCOU	-4.9729
EABS	-4.9729
ONSL	-4.9729
LDSI	-4.9729
DACR	-4.9729
UNGT	-4.9729
ETBU	-4.9729
NOOT	-4.9729
OTLA	-4.9729
ODLI	-4.9729
LDFR	-4.9729
ERBL	-4.9729
NGBL	-4.9729
OFMU	-4.9729
SOWA	-4.9729
LEDD	-4.9729
FRAM	-4.9729
LDRI	-4.9729
IFLE	-4.9729
EDIL	-4.9729
VOCA	-4.9729
UPRE	-4.9729
ARIG	-4.9729
RALC	-4.9729
ISMU	-4.9729
INEP	-4.9729
ODEC	-4.9729
ISGE	-4.9729
LYMI	-4.9729
YTON	-4.9729
TEYE	-4.9729
UNIN	-4.9729
TEDR	-4.9729
DSSA	-4.9729
ILDO	-4.9729
DARO	-4.9729
DTOJ	-4.9729
PRIM	-4.9729
PBUT	-4.9729
OURU	-4.9729
RLYD	-4.9729
LAWT	-4.9729
IRWH	-4.9729
ILAR	-4.9729
THMU	-4.9729
SANN	-4.9729
TCAP	-4.9729
YOFC	-4.9729
ALIF	-4.9729
MBAR	-4.9729
SUNK	-4.9729
NONC	-4.9729
ONGC	-4.9729
LLBL	-4.9729
EEMO	-4.9729
WHYH	-4.9729
ONIE	-4.9729
FADE	-4.9729
LOIN	-4.9729
ODOM	-4.9729
WNAT	-4.9729
LIDE	-4.9729
RFOO	-4.9729
DCRE	-4.9729
RTRI	-4.9729
TEPP	-4.9729
NEEA	-4.9729
SEPU	-4.9729
NBRE	-4.9729
RSLA	-4.9729
LITB	-4.9729
IRBO	-4.9729
TDRI	-4.9729
UPAL	-4.9729
ROBB	-4.9729
BBIT	-4.9729
FLAG	-4.9729
IERY	-4.9729
SBOD	-4.9729
AHHI	-4.9729
GRIM	-4.9729
FHAV	-4.9775
HOWN	-4.9775
FWAS	-4.9775
UBBE	-4.9775
LYAM	-4.9775
ISHN	-4.9775
UCKY	-4.9775
ELOC	-4.9775
ANTN	-4.9775
YITH	-4.9775
FELY	-4.9775
DAGO	-4.9775
EMBO	-4.9775
TYOR	-4.9775
NTYY	-4.9775
ANYY	-4.9775
ACHH	-4.9775
RWEN	-4.9775
MCON	-4.9775
WERB	-4.9775
WOOF	-4.9775
EROT	-4.9775
EEOR	-4.9775
NEYI	-4.9775
TTOI	-4.9775
BEAD	-4.9775
LUTT	-4.9775
NMIG	-4.9775
ODWO	-4.9775
AFLA	-4.9775
LYTA	-4.9775
YQUI	-4.9775
GAZE	-4.9775
IMIF	-4.9775
AMSE	-4.9775
NGTE	-4.9775
PTAT	-4.9775
OORF	-4.9775
DICO	-4.9775
IERT	-4.9775
ADYD	-4.9775
ASCL	-4.9775
OQUI	-4.9775
TNOB	-4.9775
SGAT	-4.9775
AYSP	-4.9775
ASTG	-4.9775
ATAD	-4.9775
PSIN	-4.9775
EEMY	-4.9775
DBYW	-4.9775
NTDE	-4.9775
HOKN	-4.9775
SSUE	-4.9775
PERV	-4.9775
TLYM	-4.9775
NCRI	-4.9775
URAT	-4.9775
NFAN	-4.9775
WHOF	-4.9775
IMMA	-4.9775
LOWB	-4.9775
LLSL	-4.9775
ODLY	-4.9775
LEPH	-4.9775
LWAL	-4.9775
ALIE	-4.9775
DBEW	-4.9775
YETN	-4.9775
EPTO	-4.9775
AMPI	-4.9775
KEDD	-4.9775
EEAC	-4.9775
MEOL	-4.9775
TCAU	-4.9775
UTCA	-4.9775
UWAS	-4.9775
FTUP	-4.9775
PHYS	-4.9775
JOYS	-4.9775
DCUT	-4.9775
ENBO	-4.9775
IMAR	-4.9775
OUFR	-4.9775
ANOU	-4.9775
DICK	-4.9775
YEWI	-4.9775
BSOF	-4.9775
UNRI	-4.9775
SERU	-4.9775
IELA	-4.9775
NAFF	-4.9822
DMRW	-4.9822
OSUP	-4.9822
ALFS	-4.9822
GTOR	-4.9822
LIHA	-4.9822
MRAN	-4.9822
NGMR	-4.9822
DWAY	-4.9822
ISAV	-4.9822
ESOA	-4.9822
HASW	-4.9822
ROWF	-4.9822
ARML	-4.9822
BINE	-4.9822
EACQ	-4.9822
PLEM	-4.9822
RFAR	-4.9822
YMRS	-4.9822
RATL	-4.9822
FUND	-4.9822
ONTW	-4.9822
TUSE	-4.9822
DILI	-4.9822
BTED	-4.9822
DOTO	-4.9822
MTOA	-4.9822
AIRL	-4.9822
AMCO	-4.9822
UZZL	-4.9822
TORU	-4.9822
GHWH	-4.9822
PARC	-4.9822
VEEV	-4.9822
ASIC	-4.9822
TLYP	-4.9822
ORTL	-4.9822
YWIN	-4.9822
BECL	-4.9822
AIMS	-4.9822
FBEA	-4.9822
ADME	-4.9822
GOTA	-4.9822
RYIS	-4.9822
OKIT	-4.9822
NHON	-4.9822
OOTO	-4.9822
UESO	-4.9822
BLYA	-4.9822
EWRA	-4.9822
USOR	-4.9822
HGRA	-4.9822
ORNW	-4.9822
LMYS	-4.9822
TSUF	-4.9822
YGLO	-4.9822
FNAT	-4.9822
LEDR	-4.9822
YWEA	-4.9822
LUES	-4.9822
AGAR	-4.9822
OUSY	-4.9822
EWTO	-4.9822
LATO	-4.9822
LOGY	-4.9822
ESSR	-4.9822
ELOP	-4.9822
YETM	-4.9822
SSUS	-4.9822
ALHE	-4.9822
HDEL	-4.9822
MYVO	-4.9822
IFOU	-4.9822
LIMI	-4.9822
SUCK	-4.9822
BRAV	-4.9822
OQUE	-4.9822
ATDR	-4.9822
OCRA	-4.9822
ASRI	-4.9822
INKN	-4.9822
EDDA	-4.9822
ATJO	-4.9822
TOCL	-4.9822
ELSW	-4.9822
PSTO	-4.9822
ENSW	-4.9822
NSED	-4.9822
SERS	-4.9822
HASU	-4.9822
FANN	-4.9822
ABIA	-4.9822
IDGO	-4.9822
PTHY	-4.9822
EBUK	-4.9822
FTTO	-4.9869
OMOT	-4.9869
ABLA	-4.9869
ODAL	-4.9869
POPU	-4.9869
PPIE	-4.9869
ONLA	-4.9869
HANN	-4.9869
VERJ	-4.9869
METW	-4.9869
HEDM	-4.9869
LITH	-4.9869
CHUS	-4.9869
WOOR	-4.9869
NRIS	-4.9869
SASM	-4.9869
ALBE	-4.9869
ONSD	-4.9869
CHLI	-4.9869
SUNW	-4.9869
GSEE	-4.9869
SDRA	-4.9869
HWOR	-4.9869
TITY	-4.9869
ATSC	-4.9869
LWEL	-4.9869
FMYH	-4.9869
AWNO	-4.9869
ODDI	-4.9869
YCLO	-4.9869
NYWI	-4.9869
UMIG	-4.9869
ALPR	-4.9869
EMEE	-4.9869
ERJU	-4.9869
NGIW	-4.9869
BEBO	-4.9869
RNEW	-4.9869
TREF	-4.9869
ORIC	-4.9869
RAYA	-4.9869
WNBE	-4.9869
SWAN	-4.9869
EDIW	-4.9869
LIDO	-4.9869
NSEI	-4.9869
BEPA	-4.9869
WSWH	-4.9869
EFTI	-4.9869
NLYL	-4.9869
EWSO	-4.9869
GSBE	-4.9869
RONC	-4.9869
CHAE	-4.9869
UDIE	-4.9869
YSWO	-4.9869
NKED	-4.9869
NGEY	-4.9869
ANSU	-4.9869
CHSI	-4.9869
HYHO	-4.9869
PLYA	-4.9869
RSDI	-4.9869
UELT	-4.9869
LEJA	-4.9869
ADFI	-4.9869
OTMO	-4.9869
EROL	-4.9869
ELUN	-4.9869
AMIG	-4.9869
UEDA	-4.9869
SOCA	-4.9869
RTRU	-4.9869
SLIV	-4.9869
ULNO	-4.9869
TYNO	-4.9869
ESDA	-4.9869
GTIM	-4.9869
HANF	-4.9869
HTOU	-4.9869
OLEE	-4.9869
HWEN	-4.9869
ETUA	-4.9869
ITUR	-4.9869
IESC	-4.9869
OUTN	-4.9869
TLIG	-4.9869
EDSW	-4.9869
FBRE	-4.9869
ESEB	-4.9869
MASI	-4.9869
ONYE	-4.9869
IVEG	-4.9869
CLIF	-4.9869
KALL	-4.9869
NVIS	-4.9869
BENW	-4.9869
YMEW	-4.9869
ALMS	-4.9869
BYFI	-4.9869
MNED	-4.9869
YLAW	-4.9869
REUB	-4.9869
EPHO	-4.9869
OJOS	-4.9869
ROAN	-4.9869
RMIE	-4.9869
GESW	-4.9916
JOYM	-4.9916
YSWI	-4.9916
RYHO	-4.9916
RHEC	-4.9916
ALDI	-4.9916
ITUT	-4.9916
MIAB	-4.9916
TOOA	-4.9916
LOWO	-4.9916
EMYD	-4.9916
IMRE	-4.9916
CUPI	-4.9916
MYMI	-4.9916
NKSO	-4.9916
RTBU	-4.9916
ONPA	-4.9916
CTAB	-4.9916
MMIS	-4.9916
ECEA	-4.9916
TCER	-4.9916
KENM	-4.9916
HASL	-4.9916
GANC	-4.9916
ODDA	-4.9916
CARO	-4.9916
RMID	-4.9916
ETNE	-4.9916
URVE	-4.9916
RAGI	-4.9916
MEOT	-4.9916
LOYE	-4.9916
GRAD	-4.9916
TAFR	-4.9916
CHGO	-4.9916
DIOU	-4.9916
UROP	-4.9916
WNSE	-4.9916
DEOU	-4.9916
SSNE	-4.9916
OFDR	-4.9916
LASI	-4.9916
BESP	-4.9916
LAFT	-4.9916
LEPT	-4.9916
RSIR	-4.9916
YWAR	-4.9916
LASA	-4.9916
RYPA	-4.9916
DRUM	-4.9916
CEYE	-4.9916
SBOA	-4.9916
MAYI	-4.9916
HOFF	-4.9916
ESOB	-4.9916
TWRI	-4.9916
EABI	-4.9916
IMOR	-4.9916
NACH	-4.9916
NJUR	-4.9916
FFRI	-4.9916
RDAG	-4.9916
ENRA	-4.9916
NSLE	-4.9916
ASSM	-4.9916
ASOL	-4.9916
OUSR	-4.9916
NFAI	-4.9916
OBUR	-4.9916
DBER	-4.9916
ISHD	-4.9916
LLIH	-4.9916
FMEA	-4.9916
OLDU	-4.9916
DIDB	-4.9916
SRIS	-4.9916
AMHE	-4.9916
DDAN	-4.9916
TOFU	-4.9916
ORKM	-4.9916
IDCO	-4.9916
IPER	-4.9916
TRAG	-4.9916
ENBA	-4.9916
SPIE	-4.9916
BEER	-4.9916
CKBE	-4.9916
LONI	-4.9916
NBOA	-4.9916
EYEW	-4.9916
MANG	-4.9916
CUNN	-4.9916
IRWO	-4.9916
RABU	-4.9916
AMBO	-4.9916
RDLI	-4.9916
OFPH	-4.9916
EUBE	-4.9916
IAHW	-4.9916
BUCH	-4.9916
YGHO	-4.9916
GEBE	-4.9964
ANKA	-4.9964
WEDD	-4.9964
LFAM	-4.9964
UTAC	-4.9964
ENEN	-4.9964
ANOB	-4.9964
ESGO	-4.9964
CEDB	-4.9964
DACH	-4.9964
URGR	-4.9964
IREB	-4.9964
LLAW	-4.9964
MMAH	-4.9964
GERN	-4.9964
GSUC	-4.9964
ONDM	-4.9964
CHAH	-4.9964
HAPL	-4.9964
RCEA	-4.9964
OUTP	-4.9964
RSTP	-4.9964
MBIN	-4.9964
DWON	-4.9964
SSAM	-4.9964
LHAN	-4.9964
UTID	-4.9964
AFLO	-4.9964
NELS	-4.9964
ETSS	-4.9964
OIDE	-4.9964
LDYE	-4.9964
DLAS	-4.9964
DFIG	-4.9964
ULLH	-4.9964
DAFF	-4.9964
YILL	-4.9964
GEOR	-4.9964
NICO	-4.9964
RMYO	-4.9964
RLYS	-4.9964
ODRA	-4.9964
LERT	-4.9964
FTAL	-4.9964
INPO	-4.9964
RAMI	-4.9964
URFE	-4.9964
EETL	-4.9964
VEOR	-4.9964
REIC	-4.9964
STTE	-4.9964
USAW	-4.9964
OBEN	-4.9964
NSFR	-4.9964
NAFE	-4.9964
ISOB	-4.9964
ERPU	-4.9964
DSME	-4.9964
DWEH	-4.9964
HADY	-4.9964
PERN	-4.9964
TEVI	-4.9964
NEAG	-4.9964
DQUE	-4.9964
HPRE	-4.9964
AYBY	-4.9964
YOFI	-4.9964
IRDI	-4.9964
AMPB	-4.9964
ERCL	-4.9964
RAWE	-4.9964
ZEDA	-4.9964
SINJ	-4.9964
ELBU	-4.9964
FMER	-4.9964
TBUR	-4.9964
IPTI	-4.9964
RMAL	-4.9964
OCES	-4.9964
HBEE	-4.9964
RSTU	-4.9964
EESI	-4.9964
EYGA	-4.9964
WMAN	-4.9964
LDGE	-4.9964
LIBR	-4.9964
ELIM	-4.9964
HAMP	-4.9964
ODAR	-4.9964
DOMT	-4.9964
CKHI	-4.9964
OLYO	-4.9964
CEBY	-4.9964
GONS	-4.9964
MWIL	-4.9964
NEUP	-4.9964
AOHS	-4.9964
EPOU	-4.9964
NSAM	-4.9964
GGOD	-4.9964
POTT	-4.9964
SIMO	-4.9964
IFTU	-4.9964
RCIT	-4.9964
LYGH	-4.9964
AUES	-4.9964
HINC	-5.0013
IDAT	-5.0013
TYIT	-5.0013
TIMU	-5.0013
ASPU	-5.0013
UTMR	-5.0013
HMYS	-5.0013
NNON	-5.0013
RMAK	-5.0013
NBES	-5.0013
PERB	-5.0013
YAWA	-5.0013
USWO	-5.0013
TOOH	-5.0013
HOWF	-5.0013
SONN	-5.0013
LSMI	-5.0013
DPOW	-5.0013
NVIC	-5.0013
ROFW	-5.0013
EAKW	-5.0013
ELDH	-5.0013
UNGW	-5.0013
LLAF	-5.0013
EPTW	-5.0013
THNE	-5.0013
LDUP	-5.0013
DGEI	-5.0013
RYAS	-5.0013
OTFE	-5.0013
TIMM	-5.0013
EYEB	-5.0013
REXP	-5.0013
ONMR	-5.0013
ODMO	-5.0013
FABR	-5.0013
KOFM	-5.0013
LDAG	-5.0013
ARYH	-5.0013
TSFR	-5.0013
ANLO	-5.0013
LPAS	-5.0013
ATBO	-5.0013
OMUS	-5.0013
LSAT	-5.0013
WREC	-5.0013
ECOT	-5.0013
OPIC	-5.0013
LFFR	-5.0013
RYCA	-5.0013
SSLA	-5.0013
NEDL	-5.0013
SAWE	-5.0013
OOKD	-5.0013
DMIL	-5.0013
ASFU	-5.0013
IRPA	-5.0013
EHUR	-5.0013
IMAK	-5.0013
IPLI	-5.0013
LSOC	-5.0013
MIAM	-5.0013
JOYF	-5.0013
ESCU	-5.0013
CART	-5.0013
KINA	-5.0013
PSAL	-5.0013
PEDF	-5.0013
DDRO	-5.0013
DBYE	-5.0013
AITO	-5.0013
OUFI	-5.0013
CKLI	-5.0013
SNEE	-5.0013
LLRA	-5.0013
MONO	-5.0013
TDAR	-5.0013
DBOU	-5.0013
ESBR	-5.0013
BTLE	-5.0013
RWAT	-5.0013
MMYS	-5.0013
SURF	-5.0013
LOVI	-5.0013
UNWA	-5.0013
NOAH	-5.0013
NEGY	-5.0013
BUKE	-5.0013
EGIO	-5.0013
SMAC	-5.0013
FDAR	-5.0013
SIAN	-5.0013
DARC	-5.0013
MACD	-5.0013
LIUE	-5.0013
SSIU	-5.0013
ILDH	-5.0062
LYCH	-5.0062
PLEC	-5.0062
TYWE	-5.0062
YPOO	-5.0062
YRAT	-5.0062
AHOR	-5.0062
REMM	-5.0062
KOFS	-5.0062
RATA	-5.0062
IMWA	-5.0062
ERMS	-5.0062
ESSG	-5.0062
OALI	-5.0062
RODI	-5.0062
LYAB	-5.0062
NGAD	-5.0062
HYOF	-5.0062
ITEP	-5.0062
EASL	-5.0062
DEAF	-5.0062
RMLY	-5.0062
FLOV	-5.0062
FULB	-5.0062
NBAT	-5.0062
MORY	-5.0062
GENI	-5.0062
SHHE	-5.0062
SROO	-5.0062
THTA	-5.0062
YDEL	-5.0062
CHDE	-5.0062
CAPI	-5.0062
NALW	-5.0062
EIRK	-5.0062
CTHI	-5.0062
SETE	-5.0062
EMYP	-5.0062
EMOD	-5.0062
ERIW	-5.0062
IAMI	-5.0062
IPST	-5.0062
OTAP	-5.0062
TORC	-5.0062
PLYT	-5.0062
TTOY	-5.0062
BEUP	-5.0062
OLEI	-5.0062
IBED	-5.0062
AYET	-5.0062
RTBE	-5.0062
RLEY	-5.0062
LKTO	-5.0062
LSER	-5.0062
SLYT	-5.0062
ANYN	-5.0062
ELLP	-5.0062
OGOA	-5.0062
LLTI	-5.0062
AWEE	-5.0062
BEFR	-5.0062
ENAP	-5.0062
NTAC	-5.0062
PBEL	-5.0062
WSTO	-5.0062
LOFC	-5.0062
PATC	-5.0062
ELHE	-5.0062
DSIM	-5.0062
FHEL	-5.0062
NONH	-5.0062
WNBY	-5.0062
AMMY	-5.0062
MEIH	-5.0062
RSCL	-5.0062
ASIW	-5.0062
RGRO	-5.0062
BYFA	-5.0062
ARQU	-5.0062
TESF	-5.0062
NYWA	-5.0062
NCUR	-5.0062
EADN	-5.0062
RMSO	-5.0062
FBRA	-5.0062
URSC	-5.0062
TREL	-5.0062
MTOW	-5.0062
OFVA	-5.0062
WHYA	-5.0062
RLYB	-5.0062
NMYB	-5.0062
SGUI	-5.0062
CKSH	-5.0062
TUSS	-5.0062
OMAB	-5.0062
NEGR	-5.0062
VEHU	-5.0062
NFAL	-5.0062
IEFP	-5.0062
EHEF	-5.0062
TANN	-5.0062
UTER	-5.0062
ROOP	-5.0062
ENNY	-5.0062
YDIC	-5.0062
HYLI	-5.0062
GODG	-5.0062
AHOL	-5.0062
CKCL	-5.0062
IELT	-5.0062
LEWT	-5.0062
AZIA	-5.0062
OLUM	-5.0111
UITA	-5.0111
OOTI	-5.0111
EMEO	-5.0111
MISA	-5.0111
EACA	-5.0111
RVIS	-5.0111
UIRI	-5.0111
GBYT	-5.0111
ENOH	-5.0111
DUCA	-5.0111
UCAT	-5.0111
EATY	-5.0111
HELU	-5.0111
ADYE	-5.0111
ENMR	-5.0111
CAKE	-5.0111
POTS	-5.0111
NGAV	-5.0111
YANO	-5.0111
LYEA	-5.0111
MALO	-5.0111
RREG	-5.0111
RINM	-5.0111
SOAR	-5.0111
ELLK	-5.0111
IRLW	-5.0111
FLEW	-5.0111
HOSP	-5.0111
BATI	-5.0111
TSYO	-5.0111
ASOB	-5.0111
LREP	-5.0111
AINN	-5.0111
OADE	-5.0111
SEIA	-5.0111
USDI	-5.0111
RYNE	-5.0111
IETI	-5.0111
GUST	-5.0111
AQUI	-5.0111
NTPR	-5.0111
IMAW	-5.0111
YPUT	-5.0111
LTOM	-5.0111
LEPO	-5.0111
SELD	-5.0111
ENOL	-5.0111
GONH	-5.0111
MEWO	-5.0111
TPRI	-5.0111
EIWO	-5.0111
MESM	-5.0111
RAGR	-5.0111
TYRE	-5.0111
ONIF	-5.0111
ULWH	-5.0111
OUPO	-5.0111
PPYI	-5.0111
OMIC	-5.0111
FERS	-5.0111
SGLA	-5.0111
SETM	-5.0111
TROP	-5.0111
UTAK	-5.0111
AMBU	-5.0111
LINI	-5.0111
CLAS	-5.0111
HTOD	-5.0111
ILYH	-5.0111
ATIG	-5.0111
MESF	-5.0111
TWOY	-5.0111
TLYE	-5.0111
ESFI	-5.0111
MYAN	-5.0111
RYPO	-5.0111
ONDW	-5.0111
AYMA	-5.0111
EEXE	-5.0111
EIZE	-5.0111
TSCR	-5.0111
ENCR	-5.0111
HTSE	-5.0111
OOFA	-5.0111
SYAN	-5.0111
ASDA	-5.0111
ASBA	-5.0111
RASW	-5.0111
VILW	-5.0111
ROMJ	-5.0111
ULEA	-5.0111
SSOI	-5.0111
NTSM	-5.0111
KSHA	-5.0111
OKIL	-5.0111
UTLA	-5.0111
RTMY	-5.0111
MNEY	-5.0111
HEOV	-5.0111
IDSI	-5.0111
NAIL	-5.0111
HEYI	-5.0111
DHAI	-5.0111
IDFA	-5.0111
USFA	-5.0111
STUF	-5.0111
TUFF	-5.0111
LILE	-5.0111
UNIF	-5.0111
TLIF	-5.0111
HIDD	-5.0111
AHAT	-5.0111
ALTM	-5.0111
ETHG	-5.0111
AHTO	-5.0111
DPHA	-5.0111
WTHY	-5.0111
LIJA	-5.0111
PHON	-5.0111
ALIL	-5.0111
AMOT	-5.0162
OIMP	-5.0162
NYRE	-5.0162
ASUS	-5.0162
OUPA	-5.0162
RHOR	-5.0162
TEFR	-5.0162
ASHU	-5.0162
RTYS	-5.0162
TBOT	-5.0162
LWEN	-5.0162
EFEW	-5.0162
HOEV	-5.0162
TOEM	-5.0162
LYEV	-5.0162
JOYT	-5.0162
TCHF	-5.0162
VEDR	-5.0162
YONL	-5.0162
MTOM	-5.0162
ARSM	-5.0162
MOFA	-5.0162
TYRA	-5.0162
HANB	-5.0162
EEDM	-5.0162
EAYE	-5.0162
URHU	-5.0162
GALA	-5.0162
EASD	-5.0162
ULSH	-5.0162
SATU	-5.0162
EYEO	-5.0162
ELLC	-5.0162
EYSO	-5.0162
ADMO	-5.0162
MASO	-5.0162
EYFE	-5.0162
SAYB	-5.0162
LDOM	-5.0162
IALO	-5.0162
LSFO	-5.0162
TOAV	-5.0162
NOSO	-5.0162
VEAT	-5.0162
RSDE	-5.0162
ASIE	-5.0162
CESF	-5.0162
OYES	-5.0162
BIDD	-5.0162
YSWH	-5.0162
LECR	-5.0162
ALFR	-5.0162
ASSB	-5.0162
TACO	-5.0162
OPAY	-5.0162
RALW	-5.0162
GONA	-5.0162
OADT	-5.0162
NTAF	-5.0162
SASC	-5.0162
HODI	-5.0162
ULSO	-5.0162
SEBY	-5.0162
HHED	-5.0162
KNIF	-5.0162
RBOR	-5.0162
RTNE	-5.0162
VEMI	-5.0162
STOI	-5.0162
HOWY	-5.0162
EESW	-5.0162
RTNO	-5.0162
NYHO	-5.0162
ENAD	-5.0162
NHEM	-5.0162
NSAW	-5.0162
YORT	-5.0162
ACOR	-5.0162
SOFU	-5.0162
LPAR	-5.0162
MIDN	-5.0162
LYFA	-5.0162
DWAI	-5.0162
TEER	-5.0162
SFOO	-5.0162
LTSA	-5.0162
HTAT	-5.0162
RYYO	-5.0162
NEBA	-5.0162
RECL	-5.0162
NOWG	-5.0162
APOR	-5.0162
SASP	-5.0162
OSAV	-5.0162
CARI	-5.0162
TAYE	-5.0162
RYME	-5.0162
ECEP	-5.0162
MYCA	-5.0162
WFRO	-5.0162
TSTU	-5.0162
LSIT	-5.0162
NETI	-5.0162
HHET	-5.0162
LISS	-5.0162
EPST	-5.0162
AHSH	-5.0162
UNBE	-5.0162
EPOE	-5.0162
MAYK	-5.0162
TGOE	-5.0162
AHWE	-5.0162
RSMO	-5.0162
HDRA	-5.0162
CRUS	-5.0162
EPAC	-5.0162
DENB	-5.0162
ODSW	-5.0162
LEAU	-5.0162
SDRI	-5.0162
LYRO	-5.0162
ANOA	-5.0162
MWHY	-5.0162
DAHW	-5.0162
KCLO	-5.0162
THYV	-5.0162
TCIT	-5.0162
TURT	-5.0162
POLE	-5.0162
REEK	-5.0162
YOFE	-5.0212
SEFU	-5.0212
RUET	-5.0212
ITSR	-5.0212
INKM	-5.0212
ITIA	-5.0212
WSIN	-5.0212
UNCT	-5.0212
RESB	-5.0212
STKN	-5.0212
IALT	-5.0212
CTSA	-5.0212
OMFR	-5.0212
IRBU	-5.0212
IESM	-5.0212
RMST	-5.0212
ADYF	-5.0212
OITH	-5.0212
TEXT	-5.0212
ORAI	-5.0212
SASE	-5.0212
RJUD	-5.0212
NIAL	-5.0212
MAYP	-5.0212
ITSD	-5.0212
MEQU	-5.0212
ILLK	-5.0212
LCHR	-5.0212
WHOP	-5.0212
LENI	-5.0212
FLEA	-5.0212
HSPE	-5.0212
ICTH	-5.0212
INSM	-5.0212
SICO	-5.0212
HHAS	-5.0212
NORP	-5.0212
VEBO	-5.0212
EITE	-5.0212
TUST	-5.0212
NDOP	-5.0212
KEDR	-5.0212
OUDL	-5.0212
TSIL	-5.0212
TCHH	-5.0212
HOFI	-5.0212
ZETH	-5.0212
IREH	-5.0212
SLAV	-5.0212
RVAT	-5.0212
EIBE	-5.0212
ITIF	-5.0212
MONP	-5.0212
YJUS	-5.0212
YCOL	-5.0212
RECU	-5.0212
WAYE	-5.0212
STMI	-5.0212
EORC	-5.0212
NGOL	-5.0212
CALI	-5.0212
IPSO	-5.0212
HAMS	-5.0212
YEDH	-5.0212
PIES	-5.0212
VEKN	-5.0212
IDNI	-5.0212
FSTA	-5.0212
VENC	-5.0212
LLKI	-5.0212
OVEB	-5.0212
NBRI	-5.0212
DSEL	-5.0212
TESB	-5.0212
OISO	-5.0212
CEAB	-5.0212
LFEA	-5.0212
UPOF	-5.0212
NARO	-5.0212
ARTC	-5.0212
ONTD	-5.0212
ETRY	-5.0212
GEOU	-5.0212
ARWE	-5.0212
GELI	-5.0212
HAMW	-5.0212
DHEG	-5.0212
MEDF	-5.0212
LMON	-5.0212
TTES	-5.0212
DGEM	-5.0212
UDTH	-5.0212
OPHY	-5.0212
ILTA	-5.0212
DAGG	-5.0212
YPTT	-5.0212
LOTS	-5.0212
NMAC	-5.0212
OALS	-5.0212
ANAH	-5.0212
OBYD	-5.0212
SLID	-5.0212
UCKS	-5.0212
ELIJ	-5.0212
PTIZ	-5.0212
OOLO	-5.0264
OATO	-5.0264
WNBU	-5.0264
EITU	-5.0264
TISV	-5.0264
TWOE	-5.0264
ECTB	-5.0264
ITTA	-5.0264
PERL	-5.0264
URME	-5.0264
LEEN	-5.0264
NESF	-5.0264
LYPU	-5.0264
FCAP	-5.0264
LIAT	-5.0264
DSEC	-5.0264
RWAN	-5.0264
ONSN	-5.0264
EITC	-5.0264
DNEW	-5.0264
CESB	-5.0264
EDOI	-5.0264
YALI	-5.0264
ETAC	-5.0264
NDOI	-5.0264
UTPE	-5.0264
GROS	-5.0264
ULUN	-5.0264
NDEF	-5.0264
LDIH	-5.0264
FEBU	-5.0264
RBLO	-5.0264
MHAD	-5.0264
UCKA	-5.0264
NWAT	-5.0264
SFIL	-5.0264
TCOR	-5.0264
TEXA	-5.0264
ORPA	-5.0264
LPED	-5.0264
ONPE	-5.0264
YTHU	-5.0264
SIFY	-5.0264
EKIL	-5.0264
LONH	-5.0264
IRPL	-5.0264
TMYH	-5.0264
TSST	-5.0264
RODE	-5.0264
WHYW	-5.0264
EHOO	-5.0264
LLAI	-5.0264
YASK	-5.0264
BODE	-5.0264
EMWA	-5.0264
NILL	-5.0264
GSAS	-5.0264
PONW	-5.0264
OABR	-5.0264
EANU	-5.0264
NTMI	-5.0264
SADO	-5.0264
ANEI	-5.0264
ABRE	-5.0264
ANFI	-5.0264
EGOV	-5.0264
TEOR	-5.0264
REWN	-5.0264
DSWO	-5.0264
ELFN	-5.0264
OVEF	-5.0264
CTAC	-5.0264
ISGI	-5.0264
RDHO	-5.0264
AVIL	-5.0264
PEAL	-5.0264
OELI	-5.0264
BYCO	-5.0264
ARKL	-5.0264
YTER	-5.0264
MBAN	-5.0264
WNER	-5.0264
PIAN	-5.0264
RIMI	-5.0264
TRYO	-5.0264
DMYH	-5.0264
MIDI	-5.0264
ABST	-5.0264
NACE	-5.0264
SEFA	-5.0264
NMYP	-5.0264
RAMP	-5.0264
HOIN	-5.0264
WBEI	-5.0264
IDCA	-5.0264
ISHL	-5.0264
LOTT	-5.0264
LABA	-5.0264
SEDR	-5.0264
NESB	-5.0264
KICK	-5.0264
BYDA	-5.0264
BRUI	-5.0264
ATCL	-5.0264
BBIN	-5.0264
AILW	-5.0264
AGOD	-5.0264
ENHU	-5.0264
COIN	-5.0264
POTE	-5.0264
DHUN	-5.0264
YFLO	-5.0264
UBIM	-5.0264
FSAM	-5.0264
HOUI	-5.0264
OFEP	-5.0264
OISR	-5.0264
BRAK	-5.0264
FFLE	-5.0264
WARS	-5.0264
MOBY	-5.0264
AUST	-5.0316
GONL	-5.0316
YALO	-5.0316
ISTM	-5.0316
SASL	-5.0316
RBAN	-5.0316
OESO	-5.0316
UTAM	-5.0316
AFRE	-5.0316
NNEX	-5.0316
PONU	-5.0316
MMAA	-5.0316
ASRA	-5.0316
DDIT	-5.0316
TOVI	-5.0316
MEME	-5.0316
IUND	-5.0316
GSEA	-5.0316
LABL	-5.0316
NASE	-5.0316
PULA	-5.0316
DBOA	-5.0316
RALD	-5.0316
OART	-5.0316
BUSY	-5.0316
DCHO	-5.0316
ULSI	-5.0316
COWA	-5.0316
TAGO	-5.0316
ORID	-5.0316
MEIM	-5.0316
DADA	-5.0316
GHWI	-5.0316
NISN	-5.0316
OODG	-5.0316
LDUN	-5.0316
ETEE	-5.0316
LYGI	-5.0316
EORF	-5.0316
SATR	-5.0316
OFCR	-5.0316
TSPI	-5.0316
EORG	-5.0316
DEYO	-5.0316
PACK	-5.0316
DEDE	-5.0316
GHAR	-5.0316
OWRI	-5.0316
EEWA	-5.0316
TOOI	-5.0316
TDEP	-5.0316
STFE	-5.0316
RIAT	-5.0316
MEAP	-5.0316
TOTU	-5.0316
TESE	-5.0316
EEHU	-5.0316
UGHY	-5.0316
OBAC	-5.0316
ILEM	-5.0316
AMAH	-5.0316
ARKW	-5.0316
HINO	-5.0316
HTSW	-5.0316
OTHF	-5.0316
EGLE	-5.0316
EMGO	-5.0316
OWMO	-5.0316
IGUE	-5.0316
OTNE	-5.0316
GAMO	-5.0316
AMAG	-5.0316
GPER	-5.0316
SOPI	-5.0316
MUTT	-5.0316
GLIG	-5.0316
NSLI	-5.0316
DULL	-5.0316
IALA	-5.0316
TABR	-5.0316
WNSA	-5.0316
EECO	-5.0316
FREA	-5.0316
NKEN	-5.0316
OINH	-5.0316
ROST	-5.0316
OTOR	-5.0316
YSSH	-5.0316
UOUT	-5.0316
EPTS	-5.0316
DSOH	-5.0316
IQUE	-5.0316
SSMO	-5.0316
ASKT	-5.0316
LIZE	-5.0316
LYLA	-5.0316
EADC	-5.0316
OBST	-5.0316
RBAC	-5.0316
AHHE	-5.0316
OMST	-5.0316
ANSM	-5.0316
OSEG	-5.0316
EYGO	-5.0316
HIPM	-5.0316
OUHO	-5.0316
HOMY	-5.0316
NKEY	-5.0316
BECU	-5.0316
CKBU	-5.0316
HSPO	-5.0316
LWAR	-5.0316
ENCL	-5.0316
ABAR	-5.0316
VEEA	-5.0316
CROF	-5.0316
NCOR	-5.0316
FTEE	-5.0316
NWIC	-5.0316
OATW	-5.0316
HYBE	-5.0316
RBSA	-5.0316
DGLO	-5.0316
YHAT	-5.0316
APHT	-5.0316
OJOU	-5.0316
AHOF	-5.0316
SOCK	-5.0316
RIEL	-5.0316
ROES	-5.0316
RIOD	-5.0368
SADV	-5.0368
GERH	-5.0368
NGGE	-5.0368
UREE	-5.0368
TACT	-5.0368
FULH	-5.0368
GEWA	-5.0368
SABS	-5.0368
AMAF	-5.0368
MWEL	-5.0368
RATU	-5.0368
RBES	-5.0368
NYPE	-5.0368
NGID	-5.0368
GBET	-5.0368
DATO	-5.0368
ETEC	-5.0368
VEAC	-5.0368
HTOA	-5.0368
UTNE	-5.0368
NTMO	-5.0368
EAFE	-5.0368
FTHR	-5.0368
OFSC	-5.0368
EBIT	-5.0368
ELDW	-5.0368
JOYI	-5.0368
LTAT	-5.0368
INSS	-5.0368
NDDW	-5.0368
NASW	-5.0368
KETT	-5.0368
UBTT	-5.0368
CTIT	-5.0368
IETA	-5.0368
ELNO	-5.0368
PUZZ	-5.0368
DWAN	-5.0368
ILDB	-5.0368
VESM	-5.0368
ITAK	-5.0368
VEAB	-5.0368
NGIM	-5.0368
YWAN	-5.0368
EYEI	-5.0368
AYPR	-5.0368
OLEL	-5.0368
TFRI	-5.0368
SMYL	-5.0368
RTES	-5.0368
SDEP	-5.0368
OISH	-5.0368
FESH	-5.0368
SIRT	-5.0368
ORSP	-5.0368
OTEH	-5.0368
OTVE	-5.0368
NADE	-5.0368
FARI	-5.0368
YTOR	-5.0368
OMYL	-5.0368
TAYI	-5.0368
AQUE	-5.0368
ENVI	-5.0368
MPOF	-5.0368
LEAC	-5.0368
BEME	-5.0368
NNEL	-5.0368
COLE	-5.0368
RAYY	-5.0368
NEAF	-5.0368
OKON	-5.0368
POVE	-5.0368
RCES	-5.0368
RIFL	-5.0368
RIFE	-5.0368
ALLV	-5.0368
RDEL	-5.0368
DIAL	-5.0368
EYMO	-5.0368
XAMP	-5.0368
MPBE	-5.0368
BYAS	-5.0368
ISBY	-5.0368
OWGO	-5.0368
OWUN	-5.0368
LDBY	-5.0368
ESIF	-5.0368
PEAS	-5.0368
LAWF	-5.0368
ARSF	-5.0368
SLOU	-5.0368
TOJA	-5.0368
UREG	-5.0368
EFUT	-5.0368
CHNE	-5.0368
LTEN	-5.0368
RSSE	-5.0368
YGAV	-5.0368
SDAN	-5.0368
FWOR	-5.0368
INCU	-5.0368
NCOL	-5.0368
LETY	-5.0368
MRSF	-5.0368
TRIS	-5.0368
ROPS	-5.0368
MAFT	-5.0368
ZEBU	-5.0368
BEFU	-5.0368
MPIN	-5.0368
YEND	-5.0368
ACEC	-5.0368
IEWI	-5.0368
OLYA	-5.0368
AYME	-5.0368
NCAS	-5.0368
UNGS	-5.0368
OLYT	-5.0368
DRIS	-5.0368
SOFK	-5.0368
ODSI	-5.0368
FOUL	-5.0368
ARAH	-5.0368
LLNI	-5.0368
ILDL	-5.0368
LTSE	-5.0368
LSPR	-5.0368
HTHU	-5.0368
ACOV	-5.0368
FEPH	-5.0368
ESYR	-5.0368
AHKI	-5.0368
MOFG	-5.0368
EXEU	-5.0368
XEUN	-5.0368
ELFD	-5.0422
TMEE	-5.0422
FEWI	-5.0422
ORIM	-5.0422
GCHA	-5.0422
GINO	-5.0422
OINA	-5.0422
BEAG	-5.0422
DHOP	-5.0422
GPRE	-5.0422
TREG	-5.0422
UCHG	-5.0422
OMUN	-5.0422
BOAS	-5.0422
RAPA	-5.0422
YTRI	-5.0422
OTMU	-5.0422
FPAR	-5.0422
ICAS	-5.0422
RNEV	-5.0422
RMAI	-5.0422
NSSA	-5.0422
ADEG	-5.0422
STOY	-5.0422
RSOO	-5.0422
UALW	-5.0422
DPOS	-5.0422
TYCO	-5.0422
ADIC	-5.0422
UREP	-5.0422
HTDO	-5.0422
USDE	-5.0422
DALE	-5.0422
DOAS	-5.0422
ONLO	-5.0422
NDIB	-5.0422
MADN	-5.0422
PEYO	-5.0422
KTHI	-5.0422
RITM	-5.0422
ANFA	-5.0422
DNOB	-5.0422
INTY	-5.0422
ELLG	-5.0422
OABS	-5.0422
YSPR	-5.0422
DORN	-5.0422
RRID	-5.0422
XPOS	-5.0422
EBYS	-5.0422
NUSA	-5.0422
TITD	-5.0422
HOWG	-5.0422
SATE	-5.0422
AIRC	-5.0422
OORB	-5.0422
SSFU	-5.0422
IRSU	-5.0422
NSAF	-5.0422
WRAP	-5.0422
TYSO	-5.0422
YNEV	-5.0422
DASP	-5.0422
SIRO	-5.0422
RENB	-5.0422
MSOR	-5.0422
ALCU	-5.0422
UROU	-5.0422
RSUS	-5.0422
TDRE	-5.0422
LLOT	-5.0422
SFLA	-5.0422
PUTM	-5.0422
AAMA	-5.0422
ITLI	-5.0422
PARS	-5.0422
DBYI	-5.0422
ONTL	-5.0422
DHEE	-5.0422
DBOW	-5.0422
AMPO	-5.0422
GEYO	-5.0422
FDAN	-5.0422
UNSH	-5.0422
SWEH	-5.0422
TEDG	-5.0422
YETF	-5.0422
LSCA	-5.0422
YECA	-5.0422
OWLA	-5.0422
FFAT	-5.0422
IFER	-5.0422
NGVO	-5.0422
SWAI	-5.0422
ORSS	-5.0422
SETS	-5.0422
EETF	-5.0422
UPLI	-5.0422
DHID	-5.0422
MYFO	-5.0422
LBYT	-5.0422
RLAI	-5.0422
AHBE	-5.0422
TILH	-5.0422
YOKE	-5.0422
YEKN	-5.0422
STAV	-5.0422
SOFZ	-5.0422
LAWR	-5.0422
OLTE	-5.0422
FSAU	-5.0422
BILD	-5.0422
NLIV	-5.0476
NYME	-5.0476
OFIL	-5.0476
LFSO	-5.0476
RDOI	-5.0476
NEXI	-5.0476
LDDI	-5.0476
KONT	-5.0476
RTME	-5.0476
EAWO	-5.0476
GTOY	-5.0476
TMYD	-5.0476
OGEN	-5.0476
NOCH	-5.0476
RANN	-5.0476
OSEY	-5.0476
EYLE	-5.0476
DYSH	-5.0476
OMBI	-5.0476
BOIL	-5.0476
ITEE	-5.0476
ITAP	-5.0476
DSSO	-5.0476
LYRI	-5.0476
BEDR	-5.0476
NSTY	-5.0476
LPRA	-5.0476
TBYH	-5.0476
GEDS	-5.0476
NOSU	-5.0476
SESM	-5.0476
BEAP	-5.0476
LYAP	-5.0476
RAPT	-5.0476
SIES	-5.0476
IKEB	-5.0476
KEBU	-5.0476
NVEY	-5.0476
OPRA	-5.0476
ESYM	-5.0476
THPL	-5.0476
LYNE	-5.0476
OWSU	-5.0476
AKEE	-5.0476
MGOI	-5.0476
RACO	-5.0476
DMYM	-5.0476
ZARD	-5.0476
OREJ	-5.0476
GHUN	-5.0476
MYFI	-5.0476
YWHY	-5.0476
WHEW	-5.0476
KELO	-5.0476
ARAM	-5.0476
ILOO	-5.0476
ONAP	-5.0476
IDAB	-5.0476
DABL	-5.0476
LIGA	-5.0476
EESE	-5.0476
ESEH	-5.0476
NFLA	-5.0476
NDIE	-5.0476
ATVE	-5.0476
GGOO	-5.0476
RMYP	-5.0476
EAKN	-5.0476
ROML	-5.0476
OEND	-5.0476
NEEV	-5.0476
OWNG	-5.0476
PWAS	-5.0476
LFSA	-5.0476
SARR	-5.0476
WITS	-5.0476
EUPP	-5.0476
NTLO	-5.0476
HHEC	-5.0476
NETE	-5.0476
YHEC	-5.0476
IKEF	-5.0476
XTHE	-5.0476
NAPL	-5.0476
ARSP	-5.0476
OILS	-5.0476
SKNE	-5.0476
LEBY	-5.0476
UNDN	-5.0476
EDTA	-5.0476
BAKE	-5.0476
SSIA	-5.0476
DBAL	-5.0476
HTEA	-5.0476
ABOA	-5.0476
EKEY	-5.0476
IMLI	-5.0476
PETS	-5.0476
SEFI	-5.0476
TEGO	-5.0476
SBED	-5.0476
OMYE	-5.0476
ILTY	-5.0476
OULW	-5.0476
HWAT	-5.0476
YMEI	-5.0476
MORS	-5.0476
OFTY	-5.0476
THLY	-5.0476
BOWL	-5.0476
MUSC	-5.0476
VORY	-5.0476
ILWH	-5.0476
OABI	-5.0476
COBS	-5.0476
YCIT	-5.0476
DULT	-5.0476
EJES	-5.0476
TARL	-5.0476
OUER	-5.0476
NLIT	-5.0530
NYTI	-5.0530
GSTI	-5.0530
AKNO	-5.0530
APAB	-5.0530
AWIF	-5.0530
RFER	-5.0530
OPOR	-5.0530
TEMO	-5.0530
YPRI	-5.0530
FULE	-5.0530
ROFL	-5.0530
LFCO	-5.0530
SSOW	-5.0530
RKAB	-5.0530
SLYI	-5.0530
EEON	-5.0530
REID	-5.0530
SOGR	-5.0530
NNUM	-5.0530
BLUS	-5.0530
OUVE	-5.0530
LLYU	-5.0530
YUSE	-5.0530
HEIT	-5.0530
TMAT	-5.0530
MMAI	-5.0530
BMIT	-5.0530
NIDO	-5.0530
MSEE	-5.0530
NBYA	-5.0530
NBAC	-5.0530
DOFN	-5.0530
ISTB	-5.0530
LFRE	-5.0530
SMOM	-5.0530
TDOU	-5.0530
EJEC	-5.0530
RANH	-5.0530
LLTU	-5.0530
SIAS	-5.0530
OSHI	-5.0530
DSAC	-5.0530
HICO	-5.0530
TEON	-5.0530
LTAS	-5.0530
OFIM	-5.0530
ETAG	-5.0530
WEDB	-5.0530
YSIT	-5.0530
EORO	-5.0530
HYYO	-5.0530
UTEO	-5.0530
NODD	-5.0530
LFHA	-5.0530
OTPE	-5.0530
AHHA	-5.0530
HBEG	-5.0530
YSPA	-5.0530
STTR	-5.0530
IRFI	-5.0530
HLON	-5.0530
LLGE	-5.0530
RDIA	-5.0530
TFRE	-5.0530
IONG	-5.0530
URUN	-5.0530
UTOR	-5.0530
YSIC	-5.0530
RSYO	-5.0530
ONEK	-5.0530
YASW	-5.0530
LIAB	-5.0530
KSWH	-5.0530
SETF	-5.0530
TFRA	-5.0530
GONI	-5.0530
GESI	-5.0530
DORI	-5.0530
THQU	-5.0530
ENDY	-5.0530
NTAW	-5.0530
EELY	-5.0530
ODLO	-5.0530
EVIR	-5.0530
RDIF	-5.0530
HBEL	-5.0530
MPUT	-5.0530
GATO	-5.0530
OWAB	-5.0530
TLAD	-5.0530
ECKT	-5.0530
FPUR	-5.0530
LLBO	-5.0530
CKHA	-5.0530
IBRA	-5.0530
DMEW	-5.0530
TODW	-5.0530
NANN	-5.0530
UPST	-5.0530
NTOK	-5.0530
HYDI	-5.0530
DAYM	-5.0530
EPPE	-5.0530
DOUN	-5.0530
DSUD	-5.0530
RDSC	-5.0530
OGAT	-5.0530
NGGL	-5.0530
RESL	-5.0530
NETS	-5.0530
ATAG	-5.0530
RAYS	-5.0530
MACE	-5.0530
EFPR	-5.0530
PURI	-5.0530
TSIS	-5.0530
WHEL	-5.0530
TBLA	-5.0530
IOTA	-5.0530
SABR	-5.0530
SIXH	-5.0530
OILO	-5.0530
LLCU	-5.0530
OEMS	-5.0530
DRIE	-5.0530
ATSF	-5.0530
HOUE	-5.0530
IGER	-5.0530
ROSA	-5.0530
JERI	-5.0530
EPLU	-5.0530
DFIS	-5.0530
TIGE	-5.0530
OTBY	-5.0586
RSLO	-5.0586
USFR	-5.0586
OEAC	-5.0586
ALOR	-5.0586
DINL	-5.0586
NISS	-5.0586
AMVE	-5.0586
RNST	-5.0586
EYAS	-5.0586
ITRA	-5.0586
SEIF	-5.0586
YAGR	-5.0586
ORMU	-5.0586
TIBE	-5.0586
RDSU	-5.0586
DOAL	-5.0586
DARA	-5.0586
TEGR	-5.0586
EEBL	-5.0586
NERG	-5.0586
YEAS	-5.0586
ARYF	-5.0586
OYOF	-5.0586
RRYS	-5.0586
FANI	-5.0586
NOHA	-5.0586
ARDR	-5.0586
CQUI	-5.0586
ALHO	-5.0586
YOFW	-5.0586
ORKW	-5.0586
GSSO	-5.0586
ETSM	-5.0586
CKAT	-5.0586
DSFR	-5.0586
EDOY	-5.0586
LLEG	-5.0586
OSTN	-5.0586
DSUF	-5.0586
IETW	-5.0586
DAYN	-5.0586
RQUE	-5.0586
LSEH	-5.0586
EMYC	-5.0586
YOFP	-5.0586
USTY	-5.0586
NLYG	-5.0586
ONCH	-5.0586
SSFR	-5.0586
ADAP	-5.0586
UEYO	-5.0586
WCOU	-5.0586
USAT	-5.0586
OORD	-5.0586
LOWF	-5.0586
WNIT	-5.0586
EBEW	-5.0586
EMEW	-5.0586
UNAW	-5.0586
NSUS	-5.0586
ENDB	-5.0586
RUEA	-5.0586
HMIG	-5.0586
TSUB	-5.0586
TSOI	-5.0586
DIDW	-5.0586
TESP	-5.0586
MALA	-5.0586
IAMW	-5.0586
TORD	-5.0586
LDPA	-5.0586
SECH	-5.0586
UTOT	-5.0586
OOKB	-5.0586
UBTI	-5.0586
OINC	-5.0586
LKTH	-5.0586
NATL	-5.0586
DCRO	-5.0586
THYA	-5.0586
IEFT	-5.0586
NGOI	-5.0586
MRWI	-5.0586
LDOU	-5.0586
OTTI	-5.0586
OWIH	-5.0586
OANE	-5.0586
ESIA	-5.0586
ARIC	-5.0586
NNAM	-5.0586
NEPA	-5.0586
QUIL	-5.0586
DGLA	-5.0586
OKEH	-5.0586
UNKE	-5.0586
CKAS	-5.0586
ICKH	-5.0586
NEPR	-5.0586
GIOU	-5.0586
RPEA	-5.0586
REEZ	-5.0586
ONRO	-5.0586
GLIT	-5.0586
NGUL	-5.0586
RDPA	-5.0586
MBET	-5.0586
ONJE	-5.0586
ADUN	-5.0586
CALS	-5.0586
PLER	-5.0586
EWEI	-5.0586
DEBE	-5.0586
EMYW	-5.0586
UNAC	-5.0586
SEOU	-5.0586
DBOD	-5.0586
TFOO	-5.0586
DMAS	-5.0586
OTHM	-5.0586
EETB	-5.0586
ELFL	-5.0586
OTOS	-5.0586
MORD	-5.0586
NKER	-5.0586
TROK	-5.0586
BOWA	-5.0586
RIER	-5.0586
DUNG	-5.0586
ISSL	-5.0586
ACKL	-5.0586
ATFL	-5.0586
LTEA	-5.0586
UEBE	-5.0586
IRNA	-5.0586
PHTH	-5.0586
IEIN	-5.0586
AANI	-5.0586
MMEA	-5.0586
TEPH	-5.0586
EPOT	-5.0586
OETO	-5.0586
GELY	-5.0586
IAHK	-5.0586
DALA	-5.0642
KEVE	-5.0642
ALHA	-5.0642
EANB	-5.0642
BYSU	-5.0642
NACT	-5.0642
RYFE	-5.0642
CEEV	-5.0642
REMR	-5.0642
IORI	-5.0642
GSEN	-5.0642
LDAT	-5.0642
ARFU	-5.0642
GINM	-5.0642
TAPE	-5.0642
GASS	-5.0642
ODYC	-5.0642
RHOL	-5.0642
EMYO	-5.0642
ONMU	-5.0642
GHEW	-5.0642
CHEV	-5.0642
TIFA	-5.0642
LOWC	-5.0642
CEHO	-5.0642
NYHA	-5.0642
ODCA	-5.0642
MEFA	-5.0642
EALR	-5.0642
SNOD	-5.0642
HTOG	-5.0642
ESAP	-5.0642
TOWR	-5.0642
WNAS	-5.0642
OFTL	-5.0642
RABS	-5.0642
UROR	-5.0642
DSLI	-5.0642
OURK	-5.0642
SLIN	-5.0642
MBIT	-5.0642
ISTC	-5.0642
ETSU	-5.0642
HOLO	-5.0642
TTRO	-5.0642
TOBO	-5.0642
RSBR	-5.0642
MBEI	-5.0642
STOV	-5.0642
DORD	-5.0642
ISOP	-5.0642
LOFI	-5.0642
RROO	-5.0642
OWEN	-5.0642
RJOY	-5.0642
URKI	-5.0642
AWWH	-5.0642
EBEY	-5.0642
REDG	-5.0642
NGOT	-5.0642
PORA	-5.0642
STAP	-5.0642
OITT	-5.0642
EAFI	-5.0642
UTFA	-5.0642
TYPE	-5.0642
OTHN	-5.0642
HAWK	-5.0642
HMAR	-5.0642
YPOW	-5.0642
NEDR	-5.0642
FPEN	-5.0642
UWHE	-5.0642
OWFR	-5.0642
ENNA	-5.0642
SIFS	-5.0642
NAWH	-5.0642
SSCR	-5.0642
EACR	-5.0642
CANP	-5.0642
ANTG	-5.0642
ARTU	-5.0642
CALP	-5.0642
EPUN	-5.0642
DERD	-5.0642
SEMO	-5.0642
ENCU	-5.0642
YFUR	-5.0642
BERG	-5.0642
OFCL	-5.0642
MONK	-5.0642
DSHU	-5.0642
EAGU	-5.0642
BBED	-5.0642
RGLO	-5.0642
SUPR	-5.0642
GSHI	-5.0642
THJE	-5.0642
HYNE	-5.0642
TLOU	-5.0642
LOWD	-5.0642
BOYW	-5.0642
OBAR	-5.0642
BRAT	-5.0642
IZIN	-5.0642
LICK	-5.0642
OBUI	-5.0642
RGAN	-5.0642
AGOG	-5.0642
MAEL	-5.0642
TOEG	-5.0642
ALTD	-5.0642
UKES	-5.0642
DUMB	-5.0642
FOIL	-5.0642
SBRU	-5.0642
ARBL	-5.0642
HULL	-5.0642
DULG	-5.0698
YLES	-5.0698
NOMI	-5.0698
WOFA	-5.0698
SLOS	-5.0698
EERA	-5.0698
OONF	-5.0698
LDSP	-5.0698
ODYH	-5.0698
INYE	-5.0698
DMAT	-5.0698
GETS	-5.0698
TYMA	-5.0698
BLYT	-5.0698
AYDE	-5.0698
AKEP	-5.0698
UDOF	-5.0698
YLEF	-5.0698
APAI	-5.0698
SCHU	-5.0698
RNWH	-5.0698
OEXC	-5.0698
HMRS	-5.0698
OOLE	-5.0698
ECTM	-5.0698
HMOS	-5.0698
TUNC	-5.0698
OUTG	-5.0698
NEWB	-5.0698
RACQ	-5.0698
RCIS	-5.0698
WMOR	-5.0698
LFWA	-5.0698
NTDI	-5.0698
NEFL	-5.0698
ORTN	-5.0698
CEIF	-5.0698
EFLU	-5.0698
ELLR	-5.0698
GOTI	-5.0698
RDNE	-5.0698
SAPA	-5.0698
TOQU	-5.0698
NCYT	-5.0698
ONAD	-5.0698
ESMU	-5.0698
LADA	-5.0698
OHES	-5.0698
FFAL	-5.0698
BEPE	-5.0698
VEFA	-5.0698
SICI	-5.0698
OFAA	-5.0698
DASY	-5.0698
GERF	-5.0698
UGHP	-5.0698
HOSA	-5.0698
IKEP	-5.0698
EDIH	-5.0698
MAYL	-5.0698
AMGO	-5.0698
GANS	-5.0698
NDSY	-5.0698
DLYH	-5.0698
RSBY	-5.0698
KEAD	-5.0698
DISD	-5.0698
WITA	-5.0698
EAMB	-5.0698
ENIL	-5.0698
KTHR	-5.0698
NAPO	-5.0698
DBOY	-5.0698
NGEF	-5.0698
LGRE	-5.0698
RLDO	-5.0698
LDOR	-5.0698
ISYE	-5.0698
NASK	-5.0698
TNEA	-5.0698
INDY	-5.0698
LEDC	-5.0698
SREG	-5.0698
RISK	-5.0698
ROWW	-5.0698
SONR	-5.0698
GICA	-5.0698
AITF	-5.0698
OMYF	-5.0698
IRLE	-5.0698
THTW	-5.0698
OFCU	-5.0698
LAYO	-5.0698
TANH	-5.0698
IAMH	-5.0698
RDOW	-5.0698
HDID	-5.0698
OKOU	-5.0698
LHEW	-5.0698
SKTH	-5.0698
GEND	-5.0698
ACEM	-5.0698
MASK	-5.0698
FSAI	-5.0698
VENN	-5.0698
AYTE	-5.0698
WTOT	-5.0698
LLSC	-5.0698
TISY	-5.0698
CHRO	-5.0698
URPE	-5.0698
IPAS	-5.0698
LSWI	-5.0698
ATSM	-5.0698
GANO	-5.0698
BULK	-5.0698
OOTE	-5.0698
YPOC	-5.0698
RMEL	-5.0698
TNOO	-5.0698
UTHU	-5.0698
OBLA	-5.0698
DENH	-5.0698
NRIE	-5.0698
ERUI	-5.0698
LACC	-5.0698
BSHA	-5.0698
ORNB	-5.0698
DPAU	-5.0698
DMYG	-5.0698
AHIS	-5.0698
ABIS	-5.0698
ALTP	-5.0698
HYDA	-5.0698
CAVE	-5.0698
DAHS	-5.0698
AELC	-5.0698
YERE	-5.0698
LEAZ	-5.0698
EAZA	-5.0698
NAIA	-5.0698
DJON	-5.0698
SIAH	-5.0698
CRUC	-5.0698
RUCI	-5.0698
BLAZ	-5.0698
IEFL	-5.0756
IRDT	-5.0756
NOFU	-5.0756
VOTE	-5.0756
OWIC	-5.0756
AYSL	-5.0756
URDO	-5.0756
DBUS	-5.0756
LTWI	-5.0756
CHFR	-5.0756
UNEV	-5.0756
IEDC	-5.0756
DECO	-5.0756
LHOU	-5.0756
LHEC	-5.0756
DSOD	-5.0756
UASI	-5.0756
UANT	-5.0756
NTIV	-5.0756
GORO	-5.0756
URAS	-5.0756
ODYB	-5.0756
MPTO	-5.0756
RTMA	-5.0756
TRAS	-5.0756
OLUN	-5.0756
RCRE	-5.0756
EMCO	-5.0756
DASE	-5.0756
THEX	-5.0756
IAMM	-5.0756
SDOI	-5.0756
NWIS	-5.0756
UTMI	-5.0756
OSAL	-5.0756
ANGA	-5.0756
IASK	-5.0756
GPRO	-5.0756
HASG	-5.0756
TONB	-5.0756
MMAR	-5.0756
IFON	-5.0756
DLYB	-5.0756
UNGI	-5.0756
EORE	-5.0756
NALE	-5.0756
CHLO	-5.0756
YITA	-5.0756
OLIF	-5.0756
ACHW	-5.0756
DTEA	-5.0756
ICKC	-5.0756
DIDM	-5.0756
NLAR	-5.0756
REUS	-5.0756
LKIL	-5.0756
MONW	-5.0756
EPLO	-5.0756
DTON	-5.0756
ANWO	-5.0756
RESM	-5.0756
FICO	-5.0756
TITF	-5.0756
ITPR	-5.0756
TEQU	-5.0756
URDI	-5.0756
IMLO	-5.0756
KLIK	-5.0756
SIBE	-5.0756
GLOV	-5.0756
ZEAL	-5.0756
OSPA	-5.0756
GLON	-5.0756
MEEX	-5.0756
UMUL	-5.0756
NSWA	-5.0756
DITN	-5.0756
DGEH	-5.0756
WOAN	-5.0756
RAYI	-5.0756
EEHA	-5.0756
TOSC	-5.0756
NEWC	-5.0756
NAPA	-5.0756
LLAY	-5.0756
DUNC	-5.0756
UEWH	-5.0756
RSOT	-5.0756
EYCR	-5.0756
ERIB	-5.0756
OARI	-5.0756
SHWI	-5.0756
HSTH	-5.0756
AYKN	-5.0756
DEIG	-5.0756
AYBR	-5.0756
SSBY	-5.0756
AYUP	-5.0756
FSTO	-5.0756
TEEP	-5.0756
BREW	-5.0756
TOCE	-5.0756
INBL	-5.0756
HJOY	-5.0756
SCOA	-5.0756
YNCH	-5.0756
RTSI	-5.0756
DITU	-5.0756
NPUT	-5.0756
FBLO	-5.0756
EEPF	-5.0756
KERO	-5.0756
POTA	-5.0756
TSLA	-5.0756
EAGL	-5.0756
ORPS	-5.0756
HONA	-5.0756
SHID	-5.0756
USLE	-5.0756
ROWL	-5.0756
DENM	-5.0756
UEME	-5.0756
PULC	-5.0756
AFIE	-5.0756
BANO	-5.0756
SLEG	-5.0756
HABT	-5.0756
OFSY	-5.0756
PILE	-5.0756
ALFP	-5.0756
FLUN	-5.0756
OHOL	-5.0814
MMAD	-5.0814
LSOL	-5.0814
URYT	-5.0814
RIMP	-5.0814
EITN	-5.0814
BECH	-5.0814
EDPL	-5.0814
AHOU	-5.0814
DPOO	-5.0814
TESU	-5.0814
GIHA	-5.0814
CIFU	-5.0814
OWEA	-5.0814
YSAC	-5.0814
HTOC	-5.0814
FEFO	-5.0814
YPUR	-5.0814
ZEDE	-5.0814
DUET	-5.0814
SUNR	-5.0814
GINC	-5.0814
SWOM	-5.0814
NEWM	-5.0814
ATCI	-5.0814
NTEV	-5.0814
MRSB	-5.0814
YWOM	-5.0814
OLTH	-5.0814
YCRE	-5.0814
NIDE	-5.0814
UTHB	-5.0814
LLBA	-5.0814
UELA	-5.0814
ALKW	-5.0814
TCLE	-5.0814
INNU	-5.0814
OIDO	-5.0814
YNEA	-5.0814
DMRE	-5.0814
OFUL	-5.0814
BTTH	-5.0814
ICAC	-5.0814
NYWO	-5.0814
PLYI	-5.0814
EMEB	-5.0814
TENF	-5.0814
CEFU	-5.0814
USUP	-5.0814
RVEH	-5.0814
PROG	-5.0814
FLIT	-5.0814
RSAF	-5.0814
MMOD	-5.0814
ATEY	-5.0814
VEAP	-5.0814
ESGR	-5.0814
ALFH	-5.0814
AQUA	-5.0814
YDOE	-5.0814
OFBI	-5.0814
BEEA	-5.0814
RADA	-5.0814
AMAD	-5.0814
WERH	-5.0814
PTLY	-5.0814
NSMO	-5.0814
TEDY	-5.0814
IDIC	-5.0814
DMYD	-5.0814
YCAU	-5.0814
LYCR	-5.0814
EINJ	-5.0814
ULDK	-5.0814
EDOG	-5.0814
DAIR	-5.0814
GSBU	-5.0814
SEEV	-5.0814
LBOW	-5.0814
DTER	-5.0814
GEDB	-5.0814
BLOC	-5.0814
TRIO	-5.0814
EROV	-5.0814
UEIN	-5.0814
ILIK	-5.0814
EURO	-5.0814
MIXE	-5.0814
REOP	-5.0814
NEYW	-5.0814
ATBL	-5.0814
YROU	-5.0814
MYEA	-5.0814
KSAI	-5.0814
YBAC	-5.0814
MEFI	-5.0814
IGEO	-5.0814
LESL	-5.0814
AMMI	-5.0814
FASA	-5.0814
ABHO	-5.0814
ORMT	-5.0814
RNWI	-5.0814
UFRO	-5.0814
ILWA	-5.0814
HDES	-5.0814
KELL	-5.0814
LYNC	-5.0814
REBA	-5.0814
RDDA	-5.0814
UELL	-5.0814
HRIC	-5.0814
UNGB	-5.0814
ORIZ	-5.0814
UITF	-5.0814
OEGY	-5.0814
AOHA	-5.0814
AWSA	-5.0814
RRAY	-5.0814
GROA	-5.0814
LHAT	-5.0814
ECUB	-5.0814
ZART	-5.0814
EROE	-5.0814
UBBA	-5.0814
YNAG	-5.0814
SARS	-5.0814
VILO	-5.0873
GBEE	-5.0873
ELDB	-5.0873
GTOP	-5.0873
SHNE	-5.0873
IAMV	-5.0873
URTS	-5.0873
ISUS	-5.0873
OALA	-5.0873
FFTO	-5.0873
LYAG	-5.0873
DMRK	-5.0873
THID	-5.0873
ASKH	-5.0873
UNSU	-5.0873
MESC	-5.0873
NUPT	-5.0873
HTEE	-5.0873
MRFR	-5.0873
OWUP	-5.0873
WNLI	-5.0873
NBLA	-5.0873
NINV	-5.0873
CTWH	-5.0873
HNOR	-5.0873
FEWA	-5.0873
DSCR	-5.0873
PATE	-5.0873
LYCL	-5.0873
SOSU	-5.0873
SHOS	-5.0873
FWIN	-5.0873
NSMI	-5.0873
BLEG	-5.0873
CIAT	-5.0873
TLAY	-5.0873
WAFT	-5.0873
GYET	-5.0873
BEPL	-5.0873
SNOO	-5.0873
YONH	-5.0873
EYME	-5.0873
YAFF	-5.0873
PSHA	-5.0873
SURA	-5.0873
VEPE	-5.0873
DMYP	-5.0873
EDEG	-5.0873
SMYF	-5.0873
OSON	-5.0873
RCRI	-5.0873
TPRA	-5.0873
TCOA	-5.0873
RSIL	-5.0873
NOAN	-5.0873
SGOT	-5.0873
LLYG	-5.0873
YTOE	-5.0873
ESOE	-5.0873
OEAR	-5.0873
WDOY	-5.0873
NFAT	-5.0873
INOW	-5.0873
OTTR	-5.0873
NERH	-5.0873
YSOL	-5.0873
NSCR	-5.0873
NPAS	-5.0873
EOBL	-5.0873
PPLA	-5.0873
ODIT	-5.0873
OEVI	-5.0873
HABR	-5.0873
SOAL	-5.0873
TOAG	-5.0873
ATHY	-5.0873
PEDU	-5.0873
OFET	-5.0873
DEXT	-5.0873
VESC	-5.0873
GUME	-5.0873
NPRA	-5.0873
ANAI	-5.0873
UNSA	-5.0873
ISBI	-5.0873
WIHA	-5.0873
RALM	-5.0873
FABO	-5.0873
MRGR	-5.0873
SITB	-5.0873
DDEE	-5.0873
WEDU	-5.0873
RSEH	-5.0873
OSMA	-5.0873
AMST	-5.0873
PATR	-5.0873
UMPT	-5.0873
HTBY	-5.0873
SUBD	-5.0873
DCOV	-5.0873
FFRA	-5.0873
GEHI	-5.0873
IRFE	-5.0873
NUNC	-5.0873
RLDH	-5.0873
RYAL	-5.0873
TGRO	-5.0873
ABAL	-5.0873
YBOW	-5.0873
YTEL	-5.0873
WDOW	-5.0873
ULLB	-5.0873
YSMO	-5.0873
MRSH	-5.0873
MENL	-5.0873
MKIN	-5.0873
NOLE	-5.0873
OMWA	-5.0873
RLTO	-5.0873
BEMY	-5.0873
HIPH	-5.0873
STIG	-5.0873
RNIC	-5.0873
USOU	-5.0873
PPET	-5.0873
SETR	-5.0873
DMYC	-5.0873
TIMB	-5.0873
LFAC	-5.0873
PTWI	-5.0873
ULST	-5.0873
OAMO	-5.0873
YETU	-5.0873
VEIL	-5.0873
TOCU	-5.0873
HTYE	-5.0873
HWIN	-5.0873
MOOD	-5.0873
DENP	-5.0873
LUEA	-5.0873
LNOM	-5.0873
TIFF	-5.0873
RILS	-5.0873
ECAI	-5.0873
NCUB	-5.0873
EHOB	-5.0873
HMAE	-5.0873
AELD	-5.0873
REUE	-5.0873
THPU	-5.0873
EOIL	-5.0873
ABNE	-5.0873
FILT	-5.0873
TLAW	-5.0873
LOAD	-5.0873
ELIX	-5.0873
YPHO	-5.0873
TRAL	-5.0873
MARQ	-5.0873
HVER	-5.0933
TFAT	-5.0933
RTOI	-5.0933
DLOS	-5.0933
ACKM	-5.0933
DDEV	-5.0933
RLYW	-5.0933
NARI	-5.0933
ATOP	-5.0933
DBYN	-5.0933
NUSE	-5.0933
OLOS	-5.0933
DDIV	-5.0933
OHAP	-5.0933
MEPE	-5.0933
YSSO	-5.0933
LUNA	-5.0933
EYLA	-5.0933
VEFE	-5.0933
NYYE	-5.0933
MTOO	-5.0933
RSEF	-5.0933
LOSI	-5.0933
RTEA	-5.0933
LUDI	-5.0933
ADRI	-5.0933
LIDA	-5.0933
NTEE	-5.0933
LEMU	-5.0933
HYET	-5.0933
EMAW	-5.0933
TBEY	-5.0933
HOBO	-5.0933
UBTO	-5.0933
GIND	-5.0933
OOKY	-5.0933
RBUS	-5.0933
ASKN	-5.0933
OESS	-5.0933
IGAV	-5.0933
HTAK	-5.0933
ECTR	-5.0933
RUNG	-5.0933
ENVY	-5.0933
RSME	-5.0933
SERO	-5.0933
ATGI	-5.0933
CRYO	-5.0933
BEES	-5.0933
OHIG	-5.0933
EXED	-5.0933
LEAB	-5.0933
ISJO	-5.0933
SIMM	-5.0933
NDDU	-5.0933
IKEC	-5.0933
WNAL	-5.0933
ARYC	-5.0933
AYEV	-5.0933
YESM	-5.0933
EMYA	-5.0933
HIWI	-5.0933
RGUM	-5.0933
LOFB	-5.0933
NKST	-5.0933
LIFF	-5.0933
LWIL	-5.0933
TMOV	-5.0933
NAVO	-5.0933
DDOA	-5.0933
NBER	-5.0933
EGLI	-5.0933
LEFE	-5.0933
VEDU	-5.0933
SORO	-5.0933
BEJU	-5.0933
EONW	-5.0933
SRUN	-5.0933
FROS	-5.0933
NGKI	-5.0933
NKEE	-5.0933
IRAS	-5.0933
NMEI	-5.0933
UTFE	-5.0933
HISQ	-5.0933
EWSW	-5.0933
EKIT	-5.0933
OWAI	-5.0933
BRIS	-5.0933
HADU	-5.0933
TNAM	-5.0933
EONI	-5.0933
ONCU	-5.0933
NWAI	-5.0933
AHMI	-5.0933
MYET	-5.0933
SOFV	-5.0933
DEMP	-5.0933
BENC	-5.0933
YINM	-5.0933
BARO	-5.0933
ATEU	-5.0933
DAFA	-5.0933
NEMP	-5.0933
LLCL	-5.0933
YEWE	-5.0933
OWSS	-5.0933
HEJA	-5.0933
TOAH	-5.0933
OFGL	-5.0933
IUSA	-5.0933
NETW	-5.0933
LLEL	-5.0933
ARUS	-5.0933
ICKB	-5.0933
THBA	-5.0933
ABOO	-5.0933
SPLI	-5.0933
ODSS	-5.0933
RSIA	-5.0933
YDWE	-5.0933
IRDD	-5.0933
DCIT	-5.0933
SIME	-5.0933
AANA	-5.0933
DTAR	-5.0933
ABIM	-5.0933
SHTE	-5.0933
HYBO	-5.0933
ACBE	-5.0933
IGHU	-5.0933
AGIC	-5.0933
FAAR	-5.0933
QUAK	-5.0933
RADO	-5.0933
DJOA	-5.0933
DRBU	-5.0933
AUET	-5.0933
ASKS	-5.0994
TDRA	-5.0994
DIME	-5.0994
IEVO	-5.0994
LISE	-5.0994
DISU	-5.0994
ANMO	-5.0994
TAFE	-5.0994
OMWE	-5.0994
ALSU	-5.0994
NWIN	-5.0994
YFRE	-5.0994
NTDA	-5.0994
LART	-5.0994
CKBY	-5.0994
YMIL	-5.0994
OLEB	-5.0994
NGTW	-5.0994
MQUI	-5.0994
ANUP	-5.0994
NODI	-5.0994
TOMS	-5.0994
REGE	-5.0994
IDIO	-5.0994
EMDO	-5.0994
EADR	-5.0994
GLYA	-5.0994
FTOB	-5.0994
TSDO	-5.0994
CANW	-5.0994
NOHE	-5.0994
ERSK	-5.0994
RINW	-5.0994
RESF	-5.0994
YHON	-5.0994
LACI	-5.0994
TSAF	-5.0994
LYEM	-5.0994
TMYP	-5.0994
KEAR	-5.0994
NADV	-5.0994
LHEL	-5.0994
ITIM	-5.0994
IBEH	-5.0994
SEER	-5.0994
UATE	-5.0994
ITYM	-5.0994
YTOF	-5.0994
EDJU	-5.0994
MYES	-5.0994
TOOC	-5.0994
OSOL	-5.0994
TPOO	-5.0994
WOFH	-5.0994
OYSA	-5.0994
SEMP	-5.0994
CABL	-5.0994
DLYW	-5.0994
LFPE	-5.0994
ESFL	-5.0994
LROU	-5.0994
OOKL	-5.0994
RPAL	-5.0994
KAFT	-5.0994
UNGP	-5.0994
OTHG	-5.0994
RHEB	-5.0994
GEDM	-5.0994
NWEW	-5.0994
IFTL	-5.0994
IRFR	-5.0994
RFAL	-5.0994
VENP	-5.0994
LCUL	-5.0994
NGIA	-5.0994
AMRE	-5.0994
LEVA	-5.0994
THFE	-5.0994
NOSI	-5.0994
RLIG	-5.0994
DEDN	-5.0994
ONEX	-5.0994
THAU	-5.0994
LSTI	-5.0994
NMYM	-5.0994
UNOW	-5.0994
CKES	-5.0994
SWEW	-5.0994
OYFU	-5.0994
GLIM	-5.0994
BERW	-5.0994
INUP	-5.0994
INEU	-5.0994
OHOU	-5.0994
QUET	-5.0994
IKEY	-5.0994
HOPP	-5.0994
GFIR	-5.0994
EEWE	-5.0994
MIWI	-5.0994
SEBO	-5.0994
NEGA	-5.0994
XPLO	-5.0994
RCOR	-5.0994
CEAR	-5.0994
USSP	-5.0994
HOTA	-5.0994
KEHO	-5.0994
YSUN	-5.0994
MEFE	-5.0994
YESY	-5.0994
LINK	-5.0994
IDYE	-5.0994
RTHC	-5.0994
MFRE	-5.0994
GHOL	-5.0994
SDRO	-5.0994
YDIE	-5.0994
DAWN	-5.0994
NSTJ	-5.0994
MNOR	-5.0994
ARBY	-5.0994
LDRO	-5.0994
IDDI	-5.0994
RGAT	-5.0994
REYA	-5.0994
FPHA	-5.0994
AMBA	-5.0994
IEGE	-5.0994
BLAD	-5.0994
SYNA	-5.0994
WEED	-5.0994
NTFA	-5.1056
OCHE	-5.1056
URVI	-5.1056
CKFR	-5.1056
HIAM	-5.1056
LMIS	-5.1056
KSFO	-5.1056
OTMI	-5.1056
CHPA	-5.1056
RYFR	-5.1056
WNOR	-5.1056
SSSA	-5.1056
YDOY	-5.1056
UPRO	-5.1056
OINI	-5.1056
MTOC	-5.1056
RELU	-5.1056
EOBJ	-5.1056
YSEV	-5.1056
SAWS	-5.1056
FEIT	-5.1056
YSEC	-5.1056
YOFR	-5.1056
MHAV	-5.1056
NYSU	-5.1056
BYMR	-5.1056
HOMW	-5.1056
TITN	-5.1056
UNGH	-5.1056
ODIG	-5.1056
CHPL	-5.1056
DYHA	-5.1056
NINL	-5.1056
FAPP	-5.1056
HADV	-5.1056
TQUE	-5.1056
MAYO	-5.1056
EROM	-5.1056
ULAS	-5.1056
BLYB	-5.1056
SORC	-5.1056
ADHO	-5.1056
RBRA	-5.1056
YOFO	-5.1056
NLYN	-5.1056
ACHU	-5.1056
AFAC	-5.1056
ESEX	-5.1056
UNJU	-5.1056
REXC	-5.1056
ULHA	-5.1056
FSIG	-5.1056
INIM	-5.1056
DEAG	-5.1056
DBLU	-5.1056
RTOE	-5.1056
ICIS	-5.1056
NTPE	-5.1056
ZEDT	-5.1056
IAMP	-5.1056
DINR	-5.1056
ULIS	-5.1056
ATPU	-5.1056
TPUR	-5.1056
KERA	-5.1056
ERTS	-5.1056
THOT	-5.1056
DSIG	-5.1056
STPU	-5.1056
PAGE	-5.1056
SEAH	-5.1056
YEOF	-5.1056
SSRE	-5.1056
MAYW	-5.1056
LDAR	-5.1056
OOPI	-5.1056
FTRU	-5.1056
OMSI	-5.1056
BOYI	-5.1056
ORJO	-5.1056
ETOV	-5.1056
AINR	-5.1056
DESS	-5.1056
PINH	-5.1056
EEIF	-5.1056
RDOR	-5.1056
HADK	-5.1056
XCES	-5.1056
KOFI	-5.1056
NTAM	-5.1056
HRAT	-5.1056
EHAB	-5.1056
OSAN	-5.1056
TLYL	-5.1056
AING	-5.1056
OWFA	-5.1056
OADM	-5.1056
AFFR	-5.1056
KEEN	-5.1056
HABL	-5.1056
FAGA	-5.1056
ILYF	-5.1056
NMAS	-5.1056
BEBL	-5.1056
TUES	-5.1056
RHON	-5.1056
SPOL	-5.1056
DINJ	-5.1056
AWSO	-5.1056
DPOI	-5.1056
CONJ	-5.1056
RLIE	-5.1056
AWON	-5.1056
LSOD	-5.1056
NHEF	-5.1056
TUSG	-5.1056
LIQU	-5.1056
SBOU	-5.1056
SEDN	-5.1056
DSID	-5.1056
GWAT	-5.1056
UTIL	-5.1056
CEUP	-5.1056
YWIF	-5.1056
UPBE	-5.1056
EMEH	-5.1056
IANH	-5.1056
TOSW	-5.1056
BORA	-5.1056
IPIN	-5.1056
KETI	-5.1056
HENN	-5.1056
HOTO	-5.1056
OFTS	-5.1056
GTRE	-5.1056
EAPT	-5.1056
AGLE	-5.1056
MBOL	-5.1056
LERW	-5.1056
INRI	-5.1056
GCLO	-5.1056
LAWI	-5.1056
LSHI	-5.1056
IZON	-5.1056
RDDE	-5.1056
ELIP	-5.1056
UAKE	-5.1056
EFUG	-5.1056
AKIM	-5.1056
ABIG	-5.1056
DCRA	-5.1056
ILKI	-5.1056
GOGU	-5.1056
ASNT	-5.1056
EOCE	-5.1056
SITF	-5.1118
EAHO	-5.1118
RTYW	-5.1118
LYVE	-5.1118
UPIE	-5.1118
LFON	-5.1118
OCHI	-5.1118
CRUP	-5.1118
ERNW	-5.1118
ADOP	-5.1118
GITH	-5.1118
RORO	-5.1118
BBEY	-5.1118
RSBA	-5.1118
NYDA	-5.1118
ODLE	-5.1118
KOFG	-5.1118
OTHU	-5.1118
RHEM	-5.1118
OHYE	-5.1118
NDOO	-5.1118
LPIT	-5.1118
NGSY	-5.1118
PTOM	-5.1118
KEYE	-5.1118
TINL	-5.1118
GLAR	-5.1118
UBTF	-5.1118
NCYO	-5.1118
ETMA	-5.1118
NMER	-5.1118
OMBU	-5.1118
APSH	-5.1118
RSUR	-5.1118
ROMN	-5.1118
UTTW	-5.1118
ATOL	-5.1118
MAMA	-5.1118
EWEM	-5.1118
FETY	-5.1118
ADEX	-5.1118
LFEE	-5.1118
RADU	-5.1118
OPEY	-5.1118
HCAL	-5.1118
TASE	-5.1118
MYIN	-5.1118
SISM	-5.1118
YUNC	-5.1118
WNDO	-5.1118
OTIV	-5.1118
ONSR	-5.1118
FSEE	-5.1118
DBEO	-5.1118
SSOP	-5.1118
UEDH	-5.1118
SEKE	-5.1118
ONIW	-5.1118
ELAC	-5.1118
RSFA	-5.1118
AYAG	-5.1118
OUBY	-5.1118
EARG	-5.1118
CTST	-5.1118
TICL	-5.1118
RAHM	-5.1118
OFNI	-5.1118
DOOM	-5.1118
ILEB	-5.1118
FESA	-5.1118
NTPA	-5.1118
KISH	-5.1118
FEAC	-5.1118
EVIV	-5.1118
IGOT	-5.1118
NGSN	-5.1118
GMYS	-5.1118
RRAS	-5.1118
NFEL	-5.1118
LYGA	-5.1118
UBDU	-5.1118
GLYT	-5.1118
RSDO	-5.1118
FPRE	-5.1118
FMYM	-5.1118
MACC	-5.1118
KTHO	-5.1118
FCOL	-5.1118
RIKN	-5.1118
NETA	-5.1118
OTRI	-5.1118
SDAI	-5.1118
RJUS	-5.1118
TENG	-5.1118
GLEC	-5.1118
DROV	-5.1118
PTFO	-5.1118
NOFK	-5.1118
LADS	-5.1118
URIF	-5.1118
ITYN	-5.1118
LYTE	-5.1118
MIDT	-5.1118
RNFR	-5.1118
ITAF	-5.1118
CKSW	-5.1118
BARS	-5.1118
ADWE	-5.1118
BEKI	-5.1118
NOGO	-5.1118
ARTR	-5.1118
YLAD	-5.1118
FABL	-5.1118
SINY	-5.1118
UENO	-5.1118
STEW	-5.1118
SLAW	-5.1118
HOFO	-5.1118
WILI	-5.1118
PIGE	-5.1118
OLDR	-5.1118
ORNF	-5.1118
GHWA	-5.1118
ANNY	-5.1118
TTAN	-5.1118
NTTA	-5.1118
ORSC	-5.1118
ODIL	-5.1118
DEFR	-5.1118
CLAP	-5.1118
RCAT	-5.1118
RIZO	-5.1118
GAHA	-5.1118
RONW	-5.1118
RPIL	-5.1118
UBBL	-5.1118
DEKI	-5.1118
EBAP	-5.1118
TMAC	-5.1118
TAYL	-5.1182
INMR	-5.1182
LDFE	-5.1182
DASC	-5.1182
SMEE	-5.1182
ANGS	-5.1182
RUNS	-5.1182
ASEB	-5.1182
WOPE	-5.1182
WSHO	-5.1182
NASP	-5.1182
ELFP	-5.1182
FMAT	-5.1182
SSIP	-5.1182
TLEE	-5.1182
BYIN	-5.1182
DOGO	-5.1182
RKSH	-5.1182
FFWI	-5.1182
DBEY	-5.1182
HACH	-5.1182
LDAC	-5.1182
ANKT	-5.1182
NKWI	-5.1182
OJUS	-5.1182
OAWA	-5.1182
KELI	-5.1182
AIRB	-5.1182
OMNO	-5.1182
UTYA	-5.1182
HYNO	-5.1182
FABI	-5.1182
ETEV	-5.1182
BOYA	-5.1182
OFAV	-5.1182
UTPR	-5.1182
ANMI	-5.1182
KESM	-5.1182
GSAT	-5.1182
AIRH	-5.1182
OCTR	-5.1182
OHNA	-5.1182
NXIE	-5.1182
XIET	-5.1182
NGGI	-5.1182
RIKI	-5.1182
OOFS	-5.1182
REPI	-5.1182
NOFY	-5.1182
RSLI	-5.1182
NKSH	-5.1182
EEIS	-5.1182
NEXA	-5.1182
LICO	-5.1182
KTOM	-5.1182
DDOE	-5.1182
NESM	-5.1182
UEIT	-5.1182
OUAT	-5.1182
ILEY	-5.1182
SASK	-5.1182
RCUR	-5.1182
ADUA	-5.1182
OTOM	-5.1182
ATIL	-5.1182
CHHO	-5.1182
HICA	-5.1182
TPOI	-5.1182
LEDL	-5.1182
OBAD	-5.1182
NOBS	-5.1182
ASHH	-5.1182
IZET	-5.1182
ITLA	-5.1182
TASC	-5.1182
TASL	-5.1182
DPOL	-5.1182
YMPA	-5.1182
STSB	-5.1182
YTIL	-5.1182
TFLA	-5.1182
PIDL	-5.1182
FHUM	-5.1182
ATEX	-5.1182
SIFA	-5.1182
SFIV	-5.1182
CHIA	-5.1182
ULCO	-5.1182
MILA	-5.1182
RNOO	-5.1182
RSEY	-5.1182
OANG	-5.1182
FKNO	-5.1182
OGAN	-5.1182
EKSA	-5.1182
GKIN	-5.1182
NROU	-5.1182
ANLE	-5.1182
LFNO	-5.1182
TMEH	-5.1182
SURG	-5.1182
RPHA	-5.1182
TIGA	-5.1182
CURA	-5.1182
NABS	-5.1182
LIER	-5.1182
TWOG	-5.1182
NIMM	-5.1182
RDAM	-5.1182
ALHI	-5.1182
GUEW	-5.1182
VEPU	-5.1182
SHOM	-5.1182
SUNG	-5.1182
KWHA	-5.1182
IRSW	-5.1182
EEPB	-5.1182
RDRO	-5.1182
OKFO	-5.1182
DIDC	-5.1182
ALEC	-5.1182
DSUB	-5.1182
IPHA	-5.1182
EYDR	-5.1182
ALFW	-5.1182
LDOT	-5.1182
ENSS	-5.1182
RBOU	-5.1182
LCHI	-5.1182
KTUR	-5.1182
NBUR	-5.1182
SSHU	-5.1182
YBLE	-5.1182
BHOR	-5.1182
ILSH	-5.1182
SDIV	-5.1182
TARM	-5.1182
ATKE	-5.1182
YBLO	-5.1182
IDLA	-5.1182
OFTT	-5.1182
ECKL	-5.1182
TGAT	-5.1182
GUEO	-5.1182
STIE	-5.1182
FTYA	-5.1182
HYCA	-5.1182
CROO	-5.1182
HARO	-5.1182
AHWA	-5.1182
DROL	-5.1182
LNOI	-5.1182
IXHU	-5.1182
XHUN	-5.1182
TMOU	-5.1182
DKIL	-5.1182
BRAM	-5.1182
PUNT	-5.1182
FLEV	-5.1182
IRDL	-5.1182
JEHU	-5.1182
SAIA	-5.1182
PEER	-5.1182
UERY	-5.1182
EEUE	-5.1182
NGJU	-5.1246
UNEX	-5.1246
BEFE	-5.1246
BTOF	-5.1246
NINW	-5.1246
SUSE	-5.1246
ERYK	-5.1246
SHSH	-5.1246
EWEW	-5.1246
RRYW	-5.1246
YSSA	-5.1246
EKAN	-5.1246
TECH	-5.1246
WSOM	-5.1246
TTLI	-5.1246
OHEW	-5.1246
YDRA	-5.1246
FEWD	-5.1246
AOFT	-5.1246
TPAI	-5.1246
FINC	-5.1246
NEVO	-5.1246
ADLA	-5.1246
SOPR	-5.1246
SOBU	-5.1246
ARFA	-5.1246
XERC	-5.1246
CYIN	-5.1246
SSOA	-5.1246
DMYB	-5.1246
UCKH	-5.1246
RCEO	-5.1246
LHAR	-5.1246
YESU	-5.1246
RYBA	-5.1246
VEPA	-5.1246
NEAB	-5.1246
RGLA	-5.1246
LADD	-5.1246
NGNA	-5.1246
EEPY	-5.1246
DOHI	-5.1246
HINW	-5.1246
ONJU	-5.1246
LDBR	-5.1246
EPAU	-5.1246
DEDY	-5.1246
ITMY	-5.1246
CHMU	-5.1246
ANGT	-5.1246
CEMY	-5.1246
EMYT	-5.1246
NERY	-5.1246
DAFE	-5.1246
ERBI	-5.1246
ALFE	-5.1246
EUTM	-5.1246
ICEY	-5.1246
ANMY	-5.1246
HYRE	-5.1246
KITI	-5.1246
SPAP	-5.1246
WINK	-5.1246
ORGR	-5.1246
RUNC	-5.1246
ULEO	-5.1246
SEIH	-5.1246
ANAW	-5.1246
EPON	-5.1246
RPUR	-5.1246
HLOO	-5.1246
USPR	-5.1246
TICH	-5.1246
KDOW	-5.1246
STGR	-5.1246
HRIG	-5.1246
LANO	-5.1246
RORW	-5.1246
LIOU	-5.1246
NEBR	-5.1246
SOHI	-5.1246
SLAD	-5.1246
SMYB	-5.1246
VIDU	-5.1246
DOFR	-5.1246
IRGE	-5.1246
OONO	-5.1246
ELTS	-5.1246
GETY	-5.1246
ENFE	-5.1246
ALOG	-5.1246
ILBE	-5.1246
LSEL	-5.1246
GATS	-5.1246
UNNA	-5.1246
ITFA	-5.1246
GHSO	-5.1246
NSAC	-5.1246
MEDD	-5.1246
UTSP	-5.1246
SISO	-5.1246
ADYH	-5.1246
YWON	-5.1246
EDIG	-5.1246
EDCL	-5.1246
DCLA	-5.1246
AWLI	-5.1246
EXHA	-5.1246
LDLO	-5.1246
HHAN	-5.1246
TPAU	-5.1246
OOKM	-5.1246
ONTU	-5.1246
EVAS	-5.1246
HUTU	-5.1246
LTOA	-5.1246
EHEG	-5.1246
HHOL	-5.1246
DIBL	-5.1246
ELPL	-5.1246
MORO	-5.1246
EAMT	-5.1246
LOTO	-5.1246
AMSH	-5.1246
SAWW	-5.1246
UMOR	-5.1246
NISC	-5.1246
IOTH	-5.1246
WRIN	-5.1246
WDER	-5.1246
RACY	-5.1246
ISVA	-5.1246
ALIZ	-5.1246
FWOO	-5.1246
IRKI	-5.1246
FERN	-5.1246
SIED	-5.1246
LLGA	-5.1246
GODE	-5.1246
OCAS	-5.1246
ITRO	-5.1246
GRAY	-5.1246
BIMS	-5.1246
TYCU	-5.1246
YCUB	-5.1246
BIME	-5.1246
GTHY	-5.1246
APHI	-5.1246
SPIL	-5.1246
DREI	-5.1246
IRFL	-5.1246
DEPT	-5.1246
HGOL	-5.1246
HYTE	-5.1246
EEFE	-5.1246
LEMW	-5.1246
OSIA	-5.1246
EPIS	-5.1246
MACY	-5.1311
UTDI	-5.1311
NWAY	-5.1311
ONYA	-5.1311
SBYN	-5.1311
CHAG	-5.1311
SLAR	-5.1311
RYGL	-5.1311
OUOR	-5.1311
ATAH	-5.1311
DBEP	-5.1311
EIFH	-5.1311
MBRE	-5.1311
ILYC	-5.1311
IMSI	-5.1311
DSOC	-5.1311
NEBO	-5.1311
PURC	-5.1311
URCE	-5.1311
EDJO	-5.1311
USPA	-5.1311
MENM	-5.1311
RYEV	-5.1311
FPEO	-5.1311
AFAM	-5.1311
ONIM	-5.1311
NSLO	-5.1311
ESHR	-5.1311
LFAR	-5.1311
HOAL	-5.1311
IDHO	-5.1311
LFIT	-5.1311
AWNI	-5.1311
RDLO	-5.1311
BTFU	-5.1311
YHIG	-5.1311
RDRA	-5.1311
LONL	-5.1311
RIGA	-5.1311
PTIT	-5.1311
WNFA	-5.1311
SOEA	-5.1311
AITA	-5.1311
NENC	-5.1311
TSDE	-5.1311
MBLA	-5.1311
BEAH	-5.1311
SITC	-5.1311
DAYC	-5.1311
SIHO	-5.1311
ISHP	-5.1311
LEOU	-5.1311
OFVE	-5.1311
ADFR	-5.1311
NSRE	-5.1311
ETLE	-5.1311
UPBY	-5.1311
OTRY	-5.1311
HRAS	-5.1311
DICU	-5.1311
PLOR	-5.1311
ARAW	-5.1311
TMEB	-5.1311
CANF	-5.1311
DGRI	-5.1311
URSP	-5.1311
HSEA	-5.1311
TKIL	-5.1311
ESIH	-5.1311
EORW	-5.1311
RIWA	-5.1311
NSIR	-5.1311
ENPO	-5.1311
ADDL	-5.1311
DGEB	-5.1311
NIFT	-5.1311
DEBU	-5.1311
UTAP	-5.1311
EBYM	-5.1311
OATE	-5.1311
DOLE	-5.1311
STBA	-5.1311
NABR	-5.1311
YREF	-5.1311
SLYS	-5.1311
EIFE	-5.1311
YBON	-5.1311
ELLL	-5.1311
UNKA	-5.1311
BYWA	-5.1311
EONM	-5.1311
RONB	-5.1311
TDEF	-5.1311
YCOR	-5.1311
TSIM	-5.1311
SOND	-5.1311
IMYE	-5.1311
UGHD	-5.1311
NOPL	-5.1311
CESU	-5.1311
AAMS	-5.1311
MEDL	-5.1311
EUPR	-5.1311
NGPI	-5.1311
KEBE	-5.1311
TUPW	-5.1311
SEDL	-5.1311
IRBA	-5.1311
WOUT	-5.1311
USAG	-5.1311
FMYC	-5.1311
TFLO	-5.1311
DEWO	-5.1311
TSYM	-5.1311
APOF	-5.1311
NBOR	-5.1311
GUEI	-5.1311
OLIE	-5.1311
SFUR	-5.1311
OPSA	-5.1311
RCHW	-5.1311
IMBS	-5.1311
EAIN	-5.1311
FALO	-5.1311
DLIE	-5.1311
RIGG	-5.1311
ACIF	-5.1311
SSYE	-5.1311
NCOV	-5.1311
RDAV	-5.1311
BOLT	-5.1311
HTYA	-5.1311
UPUN	-5.1311
SWRA	-5.1311
AELO	-5.1311
HYFO	-5.1311
IDJE	-5.1311
DEVA	-5.1311
CBET	-5.1311
LYTW	-5.1377
GGEN	-5.1377
SSAD	-5.1377
HUSF	-5.1377
OWID	-5.1377
ARYM	-5.1377
LYOB	-5.1377
DYWA	-5.1377
TMEF	-5.1377
HMAK	-5.1377
FPLE	-5.1377
SSCH	-5.1377
FREC	-5.1377
GEHA	-5.1377
DJOY	-5.1377
SBEY	-5.1377
NFRE	-5.1377
ICAR	-5.1377
DTEM	-5.1377
CKSI	-5.1377
AMBL	-5.1377
OCOL	-5.1377
OBUS	-5.1377
ONPU	-5.1377
MERW	-5.1377
AWAT	-5.1377
RISS	-5.1377
EBAD	-5.1377
USUR	-5.1377
ALPO	-5.1377
MEPO	-5.1377
WESE	-5.1377
NKNI	-5.1377
NASC	-5.1377
OESW	-5.1377
MEEN	-5.1377
OTOW	-5.1377
TONF	-5.1377
ESOG	-5.1377
KSOM	-5.1377
CKIT	-5.1377
RAPR	-5.1377
LFOU	-5.1377
GMAR	-5.1377
RITF	-5.1377
LNOR	-5.1377
DABA	-5.1377
ITPO	-5.1377
NFAR	-5.1377
LEDN	-5.1377
ACTA	-5.1377
ALWO	-5.1377
CERI	-5.1377
UPTL	-5.1377
ELPT	-5.1377
TOBS	-5.1377
NSAB	-5.1377
PROL	-5.1377
RYCH	-5.1377
BEMU	-5.1377
OABO	-5.1377
UIRY	-5.1377
AVEJ	-5.1377
ASKW	-5.1377
ESGA	-5.1377
NBAR	-5.1377
SKYO	-5.1377
ACAL	-5.1377
UTBL	-5.1377
HOFS	-5.1377
ARDU	-5.1377
MYME	-5.1377
MSWI	-5.1377
MNES	-5.1377
EYSW	-5.1377
DBAT	-5.1377
IAMB	-5.1377
AISI	-5.1377
HTOL	-5.1377
DGOI	-5.1377
ACOL	-5.1377
HINF	-5.1377
EHOA	-5.1377
LTOW	-5.1377
USLO	-5.1377
GTOF	-5.1377
DWEE	-5.1377
IMEV	-5.1377
HMES	-5.1377
UNST	-5.1377
CURL	-5.1377
ETMO	-5.1377
YOFL	-5.1377
REER	-5.1377
ROGA	-5.1377
ODOS	-5.1377
HLAN	-5.1377
FBAT	-5.1377
TOHU	-5.1377
OFPI	-5.1377
RBRI	-5.1377
IERA	-5.1377
ANKO	-5.1377
ONBR	-5.1377
DOWT	-5.1377
IRNE	-5.1377
CUMB	-5.1377
IRNO	-5.1377
STAW	-5.1377
OOME	-5.1377
BLEU	-5.1377
LOFW	-5.1377
ZAND	-5.1377
RPOI	-5.1377
AMDE	-5.1377
FRAG	-5.1377
INAI	-5.1377
RSHU	-5.1377
FROW	-5.1377
RFLE	-5.1377
OUPT	-5.1377
TRAM	-5.1377
OUFA	-5.1377
YARM	-5.1377
ONKE	-5.1377
OTAR	-5.1377
OLOF	-5.1377
NEYC	-5.1377
ILER	-5.1377
OPEL	-5.1377
HBOR	-5.1377
LUMS	-5.1377
DOGS	-5.1377
RSNA	-5.1377
GNET	-5.1377
EGIA	-5.1377
PANE	-5.1377
RUMB	-5.1377
LISM	-5.1377
TORR	-5.1377
NGFU	-5.1377
EPSA	-5.1377
MSOT	-5.1377
PLUN	-5.1377
ADSI	-5.1377
DISW	-5.1377
OAFT	-5.1377
ARIM	-5.1377
CALF	-5.1377
RDDO	-5.1377
LWIN	-5.1377
SHBO	-5.1377
HURA	-5.1377
LGOD	-5.1377
JAHA	-5.1377
ALIO	-5.1377
UZZI	-5.1377
OLLU	-5.1377
HUAT	-5.1377
ALAA	-5.1377
SIEG	-5.1377
UTJE	-5.1377
RKSC	-5.1377
OULN	-5.1377
IPTU	-5.1377
CKTU	-5.1377
EVOT	-5.1445
HASF	-5.1445
LINF	-5.1445
UTEM	-5.1445
SVIL	-5.1445
TSSE	-5.1445
CILE	-5.1445
KITW	-5.1445
VERK	-5.1445
LIFI	-5.1445
ILYE	-5.1445
HTOP	-5.1445
UEHE	-5.1445
CHBR	-5.1445
RTWE	-5.1445
AWEL	-5.1445
ESOD	-5.1445
YCUR	-5.1445
OFCE	-5.1445
SUNF	-5.1445
ERYV	-5.1445
RAMB	-5.1445
LARC	-5.1445
RCLA	-5.1445
BYSI	-5.1445
FEHE	-5.1445
YATA	-5.1445
AGLA	-5.1445
GQUI	-5.1445
FTAS	-5.1445
MRMA	-5.1445
SEBA	-5.1445
NYPA	-5.1445
ELPI	-5.1445
USYO	-5.1445
DYIS	-5.1445
YSAF	-5.1445
HEYU	-5.1445
INPL	-5.1445
LDPE	-5.1445
EIHE	-5.1445
GNEA	-5.1445
OOMO	-5.1445
ERGL	-5.1445
OTEM	-5.1445
ETSF	-5.1445
MHET	-5.1445
ETAU	-5.1445
ETSP	-5.1445
ROFY	-5.1445
EINR	-5.1445
TUDY	-5.1445
IWER	-5.1445
UTWO	-5.1445
OWPR	-5.1445
EROH	-5.1445
OMRE	-5.1445
OUIF	-5.1445
ODEF	-5.1445
SREF	-5.1445
DBEB	-5.1445
NALC	-5.1445
OILL	-5.1445
MATO	-5.1445
FSEN	-5.1445
YOFY	-5.1445
ACKY	-5.1445
RRYB	-5.1445
PUTU	-5.1445
OTBR	-5.1445
DARR	-5.1445
KECO	-5.1445
TOUG	-5.1445
LFHO	-5.1445
YIDO	-5.1445
YESP	-5.1445
AHIT	-5.1445
LLAH	-5.1445
SAFI	-5.1445
DMEF	-5.1445
OOND	-5.1445
USEK	-5.1445
FASI	-5.1445
RYLE	-5.1445
DERP	-5.1445
NDOM	-5.1445
YESC	-5.1445
GTAK	-5.1445
OOLL	-5.1445
LSUC	-5.1445
ULLF	-5.1445
OURJ	-5.1445
DICE	-5.1445
NODE	-5.1445
EHEP	-5.1445
GPEO	-5.1445
YINV	-5.1445
STSM	-5.1445
HEOW	-5.1445
ELOD	-5.1445
DFAN	-5.1445
BADE	-5.1445
EVEM	-5.1445
IMEC	-5.1445
PLAU	-5.1445
EWSH	-5.1445
TREB	-5.1445
CUSA	-5.1445
SSLO	-5.1445
PINA	-5.1445
CLER	-5.1445
FARB	-5.1445
DABS	-5.1445
SHBU	-5.1445
AMWI	-5.1445
IBRO	-5.1445
BINA	-5.1445
WUNG	-5.1445
POFA	-5.1445
RSEP	-5.1445
UATH	-5.1445
UESE	-5.1445
BDUE	-5.1445
LBLE	-5.1445
EBOX	-5.1445
FATO	-5.1445
ALSW	-5.1445
CRES	-5.1445
FMYB	-5.1445
OUMO	-5.1445
FBAR	-5.1445
OMDE	-5.1445
RRIS	-5.1445
VAGU	-5.1445
SKIR	-5.1445
RPSE	-5.1445
NDZE	-5.1445
FHEB	-5.1445
OPSO	-5.1445
LRIS	-5.1445
ELME	-5.1445
WAIS	-5.1445
IUST	-5.1445
NFLO	-5.1445
LOON	-5.1445
PTHO	-5.1445
HESB	-5.1445
PITS	-5.1445
EFOW	-5.1445
MYFL	-5.1445
ALTC	-5.1445
FHAM	-5.1445
NAPH	-5.1445
MELS	-5.1445
EDEK	-5.1445
DIGG	-5.1445
LCAS	-5.1445
ZARI	-5.1445
LAAM	-5.1445
ATSL	-5.1445
IADA	-5.1445
ESYN	-5.1445
VAPO	-5.1445
WIMM	-5.1445
HYWH	-5.1445
EOTT	-5.1445
ROWB	-5.1513
NAHO	-5.1513
NGVI	-5.1513
DLEW	-5.1513
IMEM	-5.1513
SWIC	-5.1513
SEGR	-5.1513
EDDR	-5.1513
NYRA	-5.1513
OKEW	-5.1513
LEYW	-5.1513
OSIR	-5.1513
CHSU	-5.1513
ALUN	-5.1513
SAYM	-5.1513
RNFO	-5.1513
RAPO	-5.1513
NGIL	-5.1513
MONC	-5.1513
EWDA	-5.1513
FEEB	-5.1513
ILEG	-5.1513
AYAF	-5.1513
MRSG	-5.1513
NENA	-5.1513
OOKC	-5.1513
SSSM	-5.1513
OYST	-5.1513
DACT	-5.1513
OMCO	-5.1513
KINH	-5.1513
NAHU	-5.1513
AHUR	-5.1513
CRAP	-5.1513
YBEP	-5.1513
ERNT	-5.1513
FFEA	-5.1513
ELSI	-5.1513
FSTE	-5.1513
ATQU	-5.1513
EAWE	-5.1513
LGRO	-5.1513
ETIE	-5.1513
TDOI	-5.1513
CHOB	-5.1513
RALB	-5.1513
OUGI	-5.1513
SORH	-5.1513
NSWO	-5.1513
RIAS	-5.1513
AFRO	-5.1513
UNFA	-5.1513
GDIS	-5.1513
SOPA	-5.1513
OWIA	-5.1513
OUUP	-5.1513
BANI	-5.1513
SREL	-5.1513
NISO	-5.1513
MAYF	-5.1513
SAPI	-5.1513
RTHN	-5.1513
IRYO	-5.1513
NYSH	-5.1513
DREF	-5.1513
TIFE	-5.1513
RHOP	-5.1513
IMAB	-5.1513
GNSA	-5.1513
ENEF	-5.1513
DYCO	-5.1513
OTWR	-5.1513
LYIF	-5.1513
IGHH	-5.1513
RDME	-5.1513
GHYO	-5.1513
TMYW	-5.1513
YHOP	-5.1513
PHEW	-5.1513
SGAV	-5.1513
EMHI	-5.1513
OJOI	-5.1513
RDUP	-5.1513
BYNA	-5.1513
LFLO	-5.1513
ENKN	-5.1513
WHON	-5.1513
OESH	-5.1513
TCHR	-5.1513
WWIL	-5.1513
LYOR	-5.1513
GABR	-5.1513
GSTT	-5.1513
HOBE	-5.1513
DERG	-5.1513
STOK	-5.1513
ITGO	-5.1513
SUIN	-5.1513
RKER	-5.1513
OAMI	-5.1513
TTAS	-5.1513
MSHO	-5.1513
EMPO	-5.1513
FYEA	-5.1513
CHEC	-5.1513
TLYU	-5.1513
TYFR	-5.1513
KYTH	-5.1513
SWEP	-5.1513
ESEY	-5.1513
EONB	-5.1513
WHOO	-5.1513
KESU	-5.1513
PHIN	-5.1513
FLOR	-5.1513
CLET	-5.1513
PONO	-5.1513
EDCI	-5.1513
YGOI	-5.1513
AIMI	-5.1513
DGOA	-5.1513
YSUB	-5.1513
HOFG	-5.1513
SEPE	-5.1513
ENRO	-5.1513
ARYB	-5.1513
OHSA	-5.1513
SLUM	-5.1513
KMEN	-5.1513
STSC	-5.1513
IBRI	-5.1513
AYMO	-5.1513
EUST	-5.1513
YBEN	-5.1513
YDAR	-5.1513
IMID	-5.1513
ENSL	-5.1513
UILE	-5.1513
PUTF	-5.1513
SHBE	-5.1513
ARPS	-5.1513
ENEL	-5.1513
MPRI	-5.1513
EMIR	-5.1513
OHNW	-5.1513
PEDS	-5.1513
CKCO	-5.1513
GOBE	-5.1513
RYPH	-5.1513
NEAH	-5.1513
NEPO	-5.1513
EGUA	-5.1513
ADRU	-5.1513
SAFO	-5.1513
ADEP	-5.1513
RMYL	-5.1513
ALIM	-5.1513
EINU	-5.1513
URTT	-5.1513
FMON	-5.1513
HESQ	-5.1513
CRUI	-5.1513
GRAI	-5.1513
UGAR	-5.1513
EDJE	-5.1513
BWAS	-5.1513
LGAT	-5.1513
FREU	-5.1513
HAZI	-5.1513
EEOL	-5.1513
BNER	-5.1513
APOU	-5.1513
ISNT	-5.1513
SWUN	-5.1513
ARLT	-5.1513
NEUE	-5.1513
WODA	-5.1583
GMIS	-5.1583
OSLE	-5.1583
EVAR	-5.1583
FULG	-5.1583
RASC	-5.1583
YHAL	-5.1583
UGHC	-5.1583
YMAT	-5.1583
SMYD	-5.1583
GINW	-5.1583
NMYD	-5.1583
RLYC	-5.1583
LEYT	-5.1583
NINN	-5.1583
BLYS	-5.1583
DTRO	-5.1583
RYAG	-5.1583
UCAL	-5.1583
RMAY	-5.1583
LYAW	-5.1583
ERNM	-5.1583
OTAD	-5.1583
AHIG	-5.1583
BEMI	-5.1583
ULEN	-5.1583
NTGE	-5.1583
NEWL	-5.1583
RYOR	-5.1583
ALDA	-5.1583
LYRA	-5.1583
OOLT	-5.1583
VEEN	-5.1583
LLOP	-5.1583
EWWO	-5.1583
RVEN	-5.1583
UABL	-5.1583
GIDE	-5.1583
RYAT	-5.1583
NDIK	-5.1583
WONE	-5.1583
RONH	-5.1583
OANI	-5.1583
ESIW	-5.1583
STAD	-5.1583
YHEI	-5.1583
STID	-5.1583
UERE	-5.1583
CEIH	-5.1583
HYTO	-5.1583
LLIW	-5.1583
SSOH	-5.1583
LFUL	-5.1583
VETE	-5.1583
YSWA	-5.1583
ROGR	-5.1583
NOBE	-5.1583
DERY	-5.1583
NEAW	-5.1583
DLEN	-5.1583
NORN	-5.1583
WAYY	-5.1583
SSIF	-5.1583
UCON	-5.1583
AMNE	-5.1583
MYLE	-5.1583
SATS	-5.1583
KBEF	-5.1583
EENJ	-5.1583
AWEA	-5.1583
DADD	-5.1583
PAVE	-5.1583
EWYO	-5.1583
HCAN	-5.1583
SGET	-5.1583
DUSA	-5.1583
OKTO	-5.1583
DREJ	-5.1583
USAB	-5.1583
CANR	-5.1583
GHOF	-5.1583
FULP	-5.1583
IRRO	-5.1583
SASF	-5.1583
SSEX	-5.1583
RUES	-5.1583
HEDN	-5.1583
OPAN	-5.1583
ASKY	-5.1583
CANM	-5.1583
RATC	-5.1583
FEVI	-5.1583
GHOM	-5.1583
OGOI	-5.1583
UTIE	-5.1583
IMEE	-5.1583
EDUL	-5.1583
ELBO	-5.1583
ATKN	-5.1583
ODEP	-5.1583
FDAY	-5.1583
YFAL	-5.1583
RMYF	-5.1583
EDGI	-5.1583
TOFN	-5.1583
ITYC	-5.1583
OANN	-5.1583
NTYS	-5.1583
DOMW	-5.1583
OMYM	-5.1583
OOKN	-5.1583
EUNS	-5.1583
YPEA	-5.1583
CERO	-5.1583
TEIS	-5.1583
EORB	-5.1583
FMUS	-5.1583
IDIH	-5.1583
DHEO	-5.1583
IDOU	-5.1583
EFIX	-5.1583
NCEG	-5.1583
ABES	-5.1583
IDDA	-5.1583
YEDB	-5.1583
BFOR	-5.1583
INSL	-5.1583
YETC	-5.1583
SCEP	-5.1583
FWIL	-5.1583
TBYS	-5.1583
ILIV	-5.1583
NATC	-5.1583
AYIA	-5.1583
WNSH	-5.1583
EATJ	-5.1583
SUNN	-5.1583
SMOV	-5.1583
MYTR	-5.1583
PEIN	-5.1583
USBR	-5.1583
SPOC	-5.1583
TFRU	-5.1583
THEZ	-5.1583
DORM	-5.1583
TSEC	-5.1583
TGAV	-5.1583
NPAI	-5.1583
OLST	-5.1583
EORN	-5.1583
IOTW	-5.1583
UEAT	-5.1583
CESP	-5.1583
HURS	-5.1583
ADSW	-5.1583
CORK	-5.1583
GRYP	-5.1583
ALEE	-5.1583
FTRE	-5.1583
FAHI	-5.1583
HBLO	-5.1583
LEOV	-5.1583
KSCR	-5.1583
EXPA	-5.1583
THYK	-5.1583
WAXE	-5.1583
OUDV	-5.1583
SNAP	-5.1583
IASA	-5.1583
OFOI	-5.1583
MEEK	-5.1583
FIRO	-5.1583
DBUL	-5.1583
IPES	-5.1583
SUER	-5.1583
THFL	-5.1583
PORC	-5.1583
THPO	-5.1583
HIAH	-5.1583
AULW	-5.1583
HABW	-5.1583
JOLL	-5.1583
LUME	-5.1653
YFON	-5.1653
UNES	-5.1653
DEBT	-5.1653
VALE	-5.1653
TVIS	-5.1653
RYKI	-5.1653
AYSD	-5.1653
NWES	-5.1653
ITVE	-5.1653
STDR	-5.1653
DIRT	-5.1653
TCAT	-5.1653
AVAS	-5.1653
MTOP	-5.1653
TULA	-5.1653
AYIF	-5.1653
NEMM	-5.1653
AHER	-5.1653
GEIS	-5.1653
RASK	-5.1653
SEDC	-5.1653
NVIE	-5.1653
UNTW	-5.1653
DLYD	-5.1653
GPAR	-5.1653
LYDA	-5.1653
DAWO	-5.1653
IALC	-5.1653
DIGI	-5.1653
RKWH	-5.1653
TSCH	-5.1653
DEXA	-5.1653
RBEG	-5.1653
MEDN	-5.1653
WOVE	-5.1653
OZEN	-5.1653
MEAW	-5.1653
ULTU	-5.1653
DMEE	-5.1653
ILYP	-5.1653
SEIW	-5.1653
NOPP	-5.1653
PYIN	-5.1653
KITA	-5.1653
IPRE	-5.1653
DPAT	-5.1653
ZLED	-5.1653
OPEW	-5.1653
TFIG	-5.1653
ARMW	-5.1653
EPMY	-5.1653
UNKI	-5.1653
DEAM	-5.1653
YSOT	-5.1653
SSMY	-5.1653
EITD	-5.1653
HONL	-5.1653
WOSO	-5.1653
ORSB	-5.1653
ANME	-5.1653
PYAN	-5.1653
ALFI	-5.1653
ETSE	-5.1653
RUSE	-5.1653
SONY	-5.1653
DYWI	-5.1653
NYCH	-5.1653
IEWS	-5.1653
EOFV	-5.1653
YETL	-5.1653
LEKI	-5.1653
IDOT	-5.1653
DLYE	-5.1653
UPID	-5.1653
TSWO	-5.1653
VESL	-5.1653
SFAV	-5.1653
RMEM	-5.1653
ORYB	-5.1653
EDIB	-5.1653
IMCA	-5.1653
NSSE	-5.1653
OSAT	-5.1653
OSMI	-5.1653
TAPA	-5.1653
DIMI	-5.1653
BYAC	-5.1653
TAYA	-5.1653
TIFO	-5.1653
DASL	-5.1653
ULOO	-5.1653
EIRJ	-5.1653
TYSE	-5.1653
HTSU	-5.1653
LSES	-5.1653
TOCC	-5.1653
TBYM	-5.1653
CHGR	-5.1653
HINN	-5.1653
HACC	-5.1653
NPOS	-5.1653
YREV	-5.1653
RSTL	-5.1653
NFRA	-5.1653
DIEI	-5.1653
CCEN	-5.1653
LFUN	-5.1653
SEBR	-5.1653
USMO	-5.1653
DESW	-5.1653
KERE	-5.1653
AKEL	-5.1653
OCKW	-5.1653
NTHM	-5.1653
DFUR	-5.1653
HTAR	-5.1653
AALA	-5.1653
LMYL	-5.1653
STCR	-5.1653
LSAL	-5.1653
NERB	-5.1653
YOPE	-5.1653
WEDS	-5.1653
EWSP	-5.1653
OONC	-5.1653
YALT	-5.1653
SHUM	-5.1653
NBYH	-5.1653
ARSU	-5.1653
EAPL	-5.1653
LCAR	-5.1653
DADE	-5.1653
AITT	-5.1653
WENO	-5.1653
NDEI	-5.1653
FBUS	-5.1653
NEHU	-5.1653
ADRO	-5.1653
ROLI	-5.1653
CEDW	-5.1653
HARB	-5.1653
GBEC	-5.1653
OYSO	-5.1653
URFI	-5.1653
DRAM	-5.1653
ISHC	-5.1653
PLEL	-5.1653
POCR	-5.1653
LADN	-5.1653
OOTT	-5.1653
OVEY	-5.1653
EDOL	-5.1653
ELOT	-5.1653
PRUN	-5.1653
COTC	-5.1653
HYCH	-5.1653
NISL	-5.1653
PLOU	-5.1653
PINS	-5.1653
TUSI	-5.1653
IPLY	-5.1653
DBRU	-5.1653
MENG	-5.1653
NYAR	-5.1653
ECUP	-5.1653
ESBO	-5.1653
RNME	-5.1653
ISNI	-5.1653
RCHT	-5.1653
LCUT	-5.1653
SELU	-5.1653
MALC	-5.1653
FEDO	-5.1653
ARAI	-5.1653
EEOU	-5.1653
BSAI	-5.1653
HEOA	-5.1653
ORPI	-5.1653
COAL	-5.1653
LEMS	-5.1653
DNEZ	-5.1653
NEZZ	-5.1653
DUEL	-5.1653
GORG	-5.1653
FOAM	-5.1653
URIC	-5.1653
EVOY	-5.1653
UODS	-5.1653
GAGO	-5.1725
ORSL	-5.1725
IDEP	-5.1725
NOPR	-5.1725
YEDW	-5.1725
GEDE	-5.1725
ERJA	-5.1725
TTYS	-5.1725
MECR	-5.1725
LYMY	-5.1725
LOYM	-5.1725
WHAR	-5.1725
GCRE	-5.1725
DJOI	-5.1725
BABI	-5.1725
SSUF	-5.1725
OWFU	-5.1725
DPAI	-5.1725
CIED	-5.1725
ASSC	-5.1725
RHIG	-5.1725
WEDM	-5.1725
AFOU	-5.1725
DDET	-5.1725
SEEO	-5.1725
HAPI	-5.1725
UYES	-5.1725
LHEB	-5.1725
EUSU	-5.1725
TORH	-5.1725
FACH	-5.1725
OLAS	-5.1725
OHNK	-5.1725
HNKN	-5.1725
OMHO	-5.1725
INRA	-5.1725
INIA	-5.1725
ITDE	-5.1725
ALNO	-5.1725
DIWO	-5.1725
YTOU	-5.1725
ATIR	-5.1725
SUNB	-5.1725
YADV	-5.1725
EGED	-5.1725
RSIM	-5.1725
NDOE	-5.1725
RDSL	-5.1725
HPAS	-5.1725
DEQU	-5.1725
OTPU	-5.1725
IDME	-5.1725
DEMY	-5.1725
TREV	-5.1725
SLEN	-5.1725
ALCA	-5.1725
LCAN	-5.1725
OTHC	-5.1725
AWOU	-5.1725
RDMO	-5.1725
IFIW	-5.1725
NSEY	-5.1725
GLIF	-5.1725
HYAN	-5.1725
DREL	-5.1725
KHOW	-5.1725
EYBO	-5.1725
YCRO	-5.1725
ACHB	-5.1725
IMEP	-5.1725
GYES	-5.1725
UESH	-5.1725
TEWE	-5.1725
INKB	-5.1725
UDIC	-5.1725
SARC	-5.1725
TCUT	-5.1725
ELSS	-5.1725
ASEF	-5.1725
DATR	-5.1725
TDEV	-5.1725
WAYU	-5.1725
ATCU	-5.1725
RRYF	-5.1725
LYOV	-5.1725
YDRI	-5.1725
SLAM	-5.1725
NVAR	-5.1725
NINP	-5.1725
HECK	-5.1725
AYDI	-5.1725
OTEI	-5.1725
ODET	-5.1725
VILD	-5.1725
REBL	-5.1725
EERO	-5.1725
WWOR	-5.1725
ATPI	-5.1725
WABO	-5.1725
OKWH	-5.1725
GEMA	-5.1725
WTOB	-5.1725
SIMU	-5.1725
OMCA	-5.1725
TFAC	-5.1725
ORYH	-5.1725
FSER	-5.1725
EWME	-5.1725
VOLT	-5.1725
GWOU	-5.1725
NTSL	-5.1725
DUPF	-5.1725
ULLM	-5.1725
YDRO	-5.1725
YHAI	-5.1725
FEDW	-5.1725
DHAU	-5.1725
CURV	-5.1725
BLOS	-5.1725
ILON	-5.1725
TITR	-5.1725
ATGA	-5.1725
TBUS	-5.1725
YEGO	-5.1725
IRAM	-5.1725
EELL	-5.1725
TKEP	-5.1725
TSBR	-5.1725
AFAT	-5.1725
ERKE	-5.1725
VILY	-5.1725
EBOL	-5.1725
SUSH	-5.1725
CRAW	-5.1725
LBEY	-5.1725
IPSS	-5.1725
OCTA	-5.1725
MMET	-5.1725
ARTG	-5.1725
SKYA	-5.1725
UBEA	-5.1725
RFRU	-5.1725
EPFO	-5.1725
UDVO	-5.1725
MTRE	-5.1725
THOI	-5.1725
IREU	-5.1725
ELEE	-5.1725
FUGE	-5.1725
DRON	-5.1725
WOEU	-5.1725
OEUN	-5.1725
SODA	-5.1725
RIUS	-5.1725
PILA	-5.1725
OMNI	-5.1725
TDAN	-5.1798
ILBU	-5.1798
EALH	-5.1798
HTIL	-5.1798
PEDB	-5.1798
ETSB	-5.1798
UALC	-5.1798
BLYW	-5.1798
NITC	-5.1798
MREA	-5.1798
RFLA	-5.1798
WVER	-5.1798
FACO	-5.1798
FITE	-5.1798
OADW	-5.1798
YSMI	-5.1798
AIMT	-5.1798
MAZI	-5.1798
TCHW	-5.1798
FEBE	-5.1798
YSLO	-5.1798
TUNL	-5.1798
OPIT	-5.1798
TTEA	-5.1798
UTHH	-5.1798
SYST	-5.1798
BEOU	-5.1798
THAI	-5.1798
THSC	-5.1798
LGRA	-5.1798
SIDI	-5.1798
LLVE	-5.1798
UNUS	-5.1798
GWEL	-5.1798
LSEB	-5.1798
IVIS	-5.1798
FULD	-5.1798
YMON	-5.1798
VISA	-5.1798
TADM	-5.1798
DNOO	-5.1798
TLOS	-5.1798
GTOI	-5.1798
APAT	-5.1798
NYDE	-5.1798
RYPE	-5.1798
HTLI	-5.1798
LLCE	-5.1798
LYYE	-5.1798
DREG	-5.1798
ESHS	-5.1798
UEHI	-5.1798
BLYH	-5.1798
LYFL	-5.1798
YFLA	-5.1798
ENDN	-5.1798
HMAY	-5.1798
YINW	-5.1798
YETE	-5.1798
DOHE	-5.1798
SOSE	-5.1798
IETO	-5.1798
INTU	-5.1798
ASSL	-5.1798
TMYB	-5.1798
ETLI	-5.1798
OLEP	-5.1798
HHAL	-5.1798
LDIA	-5.1798
RALE	-5.1798
NTMY	-5.1798
VECU	-5.1798
IXON	-5.1798
ELPM	-5.1798
BEWO	-5.1798
AGEC	-5.1798
GEAC	-5.1798
SASY	-5.1798
ROWH	-5.1798
ETAP	-5.1798
CEDS	-5.1798
YTEN	-5.1798
AYSR	-5.1798
MYJU	-5.1798
VEHO	-5.1798
IKEE	-5.1798
EIRU	-5.1798
ENDC	-5.1798
WAYN	-5.1798
MIDA	-5.1798
DGIR	-5.1798
MDEA	-5.1798
YSFO	-5.1798
PWHI	-5.1798
EGAI	-5.1798
EMHO	-5.1798
RVEA	-5.1798
RABI	-5.1798
ALML	-5.1798
LYBO	-5.1798
OESC	-5.1798
DIMU	-5.1798
SKEE	-5.1798
ATTU	-5.1798
YDOT	-5.1798
SHRE	-5.1798
UILL	-5.1798
NLYE	-5.1798
HMUC	-5.1798
WAYD	-5.1798
SURD	-5.1798
HELT	-5.1798
HIVE	-5.1798
LFUP	-5.1798
RNAW	-5.1798
EPSO	-5.1798
TESM	-5.1798
AVIT	-5.1798
HBEH	-5.1798
UDAS	-5.1798
DAVO	-5.1798
PALS	-5.1798
LALO	-5.1798
ONFL	-5.1798
CTWI	-5.1798
USTU	-5.1798
DGEW	-5.1798
OLEF	-5.1798
NITO	-5.1798
TERK	-5.1798
LPTH	-5.1798
NTBA	-5.1798
OBLO	-5.1798
LDEC	-5.1798
NECH	-5.1798
MAIA	-5.1798
OMYH	-5.1798
LFOL	-5.1798
LTSO	-5.1798
OHNS	-5.1798
MINW	-5.1798
INPU	-5.1798
OFLU	-5.1798
DINY	-5.1798
LTRA	-5.1798
RALP	-5.1798
SREV	-5.1798
IRGR	-5.1798
BERM	-5.1798
ORPU	-5.1798
UTHY	-5.1798
USLA	-5.1798
WEGO	-5.1798
MNEI	-5.1798
RDOT	-5.1798
EHOT	-5.1798
OTSW	-5.1798
SDEF	-5.1798
URNW	-5.1798
TUSH	-5.1798
GOFR	-5.1798
NGSG	-5.1798
RINO	-5.1798
RNNO	-5.1798
LIEN	-5.1798
GHLA	-5.1798
DUNS	-5.1798
FORK	-5.1798
PITT	-5.1798
TLEV	-5.1798
YMEH	-5.1798
EUPF	-5.1798
COGN	-5.1798
RINN	-5.1798
UEWI	-5.1798
DFOO	-5.1798
HBYS	-5.1798
SRED	-5.1798
AURA	-5.1798
RCIF	-5.1798
IGNT	-5.1798
VIDI	-5.1798
WHIP	-5.1798
SUGA	-5.1798
DREV	-5.1798
UFFL	-5.1798
LSLA	-5.1798
AACA	-5.1798
HTIE	-5.1798
UZZA	-5.1798
YEAA	-5.1798
FGIL	-5.1798
BARI	-5.1798
EDUK	-5.1798
MBTH	-5.1798
CUTD	-5.1798
ROSY	-5.1798
THGL	-5.1798
OAMT	-5.1798
SKUL	-5.1798
SJES	-5.1798
EKET	-5.1798
FZIO	-5.1798
NKES	-5.1798
ISTJ	-5.1798
NAFR	-5.1872
FBOT	-5.1872
DYHE	-5.1872
ONDH	-5.1872
LORT	-5.1872
NOPA	-5.1872
NAHT	-5.1872
ANUS	-5.1872
TASP	-5.1872
TIHO	-5.1872
YSUS	-5.1872
OWVE	-5.1872
UPMY	-5.1872
SBLE	-5.1872
EYSU	-5.1872
BEAV	-5.1872
OOKP	-5.1872
DUED	-5.1872
SALR	-5.1872
ACAP	-5.1872
RYYE	-5.1872
WDAY	-5.1872
ONIU	-5.1872
STIB	-5.1872
NDCI	-5.1872
SESL	-5.1872
TNER	-5.1872
UCHU	-5.1872
DAHO	-5.1872
GIES	-5.1872
FWOM	-5.1872
FVER	-5.1872
HTFR	-5.1872
OMMR	-5.1872
EETN	-5.1872
BLYC	-5.1872
YENG	-5.1872
UNGF	-5.1872
LTOD	-5.1872
NGGA	-5.1872
DABE	-5.1872
OBEU	-5.1872
RHED	-5.1872
DYBU	-5.1872
TGON	-5.1872
UCKW	-5.1872
IRIS	-5.1872
ODOE	-5.1872
FITO	-5.1872
NADD	-5.1872
AWES	-5.1872
AYSG	-5.1872
OAVE	-5.1872
MGLA	-5.1872
SMES	-5.1872
SABA	-5.1872
IAMR	-5.1872
VEEX	-5.1872
EETM	-5.1872
THSM	-5.1872
LAIS	-5.1872
SADI	-5.1872
NGOH	-5.1872
DOER	-5.1872
NTCH	-5.1872
TSOA	-5.1872
UBTS	-5.1872
EPTM	-5.1872
IDOR	-5.1872
HSUR	-5.1872
TFIV	-5.1872
AMEY	-5.1872
NNOM	-5.1872
NOMY	-5.1872
LEXC	-5.1872
CEWO	-5.1872
WNAG	-5.1872
NSCH	-5.1872
STEF	-5.1872
URHI	-5.1872
KEDC	-5.1872
ARKH	-5.1872
UALB	-5.1872
OREX	-5.1872
IEWO	-5.1872
OVAL	-5.1872
HUMP	-5.1872
NYSO	-5.1872
ISFY	-5.1872
OMYB	-5.1872
RDOE	-5.1872
INDC	-5.1872
DCAT	-5.1872
TASU	-5.1872
IRTA	-5.1872
INRO	-5.1872
RALH	-5.1872
OADI	-5.1872
ABAT	-5.1872
RMSW	-5.1872
LECL	-5.1872
LDTE	-5.1872
ONFA	-5.1872
ROCU	-5.1872
UNTL	-5.1872
DWRO	-5.1872
RSOP	-5.1872
UEDI	-5.1872
DJAN	-5.1872
MESL	-5.1872
SBYA	-5.1872
NERC	-5.1872
SPRU	-5.1872
ETFR	-5.1872
BEPO	-5.1872
GARI	-5.1872
NLEF	-5.1872
RLED	-5.1872
OFKN	-5.1872
UERA	-5.1872
RROG	-5.1872
RSSI	-5.1872
HTPR	-5.1872
ONUP	-5.1872
NUIN	-5.1872
IESR	-5.1872
THOD	-5.1872
EXTI	-5.1872
URSD	-5.1872
CHLA	-5.1872
OUAG	-5.1872
EORH	-5.1872
ESBA	-5.1872
GCAN	-5.1872
RTYF	-5.1872
NFEA	-5.1872
OMAG	-5.1872
ADYB	-5.1872
YSCA	-5.1872
ENEG	-5.1872
TSGO	-5.1872
GADA	-5.1872
HFAI	-5.1872
HAIS	-5.1872
SHLY	-5.1872
EESP	-5.1872
RBEN	-5.1872
OFKE	-5.1872
JURY	-5.1872
GPRA	-5.1872
OOTM	-5.1872
ODRO	-5.1872
OAGA	-5.1872
USAR	-5.1872
RKTO	-5.1872
NTGR	-5.1872
CKUP	-5.1872
HLIF	-5.1872
MYGR	-5.1872
TYAL	-5.1872
ARGO	-5.1872
DKNE	-5.1872
NINO	-5.1872
EITY	-5.1872
ROUP	-5.1872
LYBA	-5.1872
CETI	-5.1872
OFSM	-5.1872
DROA	-5.1872
RRIF	-5.1872
OTDR	-5.1872
YCHO	-5.1872
SCAB	-5.1872
SSEI	-5.1872
NDLU	-5.1872
OWRO	-5.1872
NTLA	-5.1872
ALSP	-5.1872
ESCI	-5.1872
GODY	-5.1872
TICT	-5.1872
EESS	-5.1872
EMLI	-5.1872
GREC	-5.1872
RBON	-5.1872
USCR	-5.1872
SHRO	-5.1872
OFUR	-5.1872
YEWH	-5.1872
OGNI	-5.1872
PLAS	-5.1872
LMED	-5.1872
NORY	-5.1872
CHIP	-5.1872
GAZI	-5.1872
ALEL	-5.1872
ICEU	-5.1872
SEEB	-5.1872
KETE	-5.1872
YROS	-5.1872
DIRO	-5.1872
ALTG	-5.1872
HEEE	-5.1872
SETB	-5.1872
PTIS	-5.1872
ALTW	-5.1872
OAAR	-5.1872
DLAW	-5.1872
ELOA	-5.1872
CARV	-5.1872
HYTR	-5.1872
IAKI	-5.1872
JOSI	-5.1872
GSWO	-5.1948
UDEW	-5.1948
AVAL	-5.1948
TSOC	-5.1948
RAWO	-5.1948
FGEN	-5.1948
RAWB	-5.1948
HAFA	-5.1948
CHMY	-5.1948
AWID	-5.1948
YOCC	-5.1948
ASOM	-5.1948
REAW	-5.1948
FAGR	-5.1948
UNET	-5.1948
APOO	-5.1948
HAFF	-5.1948
ISUR	-5.1948
ETYT	-5.1948
OAVO	-5.1948
SACA	-5.1948
OLED	-5.1948
SNOL	-5.1948
YVIS	-5.1948
NTNE	-5.1948
RDBR	-5.1948
DHOM	-5.1948
CTSH	-5.1948
VIAL	-5.1948
MERL	-5.1948
FEWS	-5.1948
SOSP	-5.1948
HOLA	-5.1948
RYEN	-5.1948
RLYF	-5.1948
TECA	-5.1948
NCYI	-5.1948
LGAR	-5.1948
SAWN	-5.1948
IRER	-5.1948
HGEN	-5.1948
IORT	-5.1948
IEDN	-5.1948
SFIG	-5.1948
TIAT	-5.1948
DIDF	-5.1948
TMRE	-5.1948
LEMR	-5.1948
ZEME	-5.1948
RQUA	-5.1948
REBI	-5.1948
LYNA	-5.1948
KATH	-5.1948
MBOT	-5.1948
ELFY	-5.1948
ELSF	-5.1948
LDCH	-5.1948
NMYO	-5.1948
NWAN	-5.1948
NTFI	-5.1948
ASYT	-5.1948
ETLO	-5.1948
RTOY	-5.1948
NBYM	-5.1948
YNEC	-5.1948
DPEO	-5.1948
ROPT	-5.1948
FERO	-5.1948
HIFT	-5.1948
LWOU	-5.1948
KHEA	-5.1948
RMEO	-5.1948
EERR	-5.1948
CTFO	-5.1948
VEXE	-5.1948
IPHE	-5.1948
NATR	-5.1948
TEMI	-5.1948
SSKI	-5.1948
YETD	-5.1948
GARR	-5.1948
CELA	-5.1948
AHEN	-5.1948
NYPR	-5.1948
BERH	-5.1948
SSOD	-5.1948
GART	-5.1948
NITM	-5.1948
DORW	-5.1948
ECEL	-5.1948
LERY	-5.1948
LYTI	-5.1948
ALAB	-5.1948
FATR	-5.1948
EIDI	-5.1948
DEAW	-5.1948
SDIR	-5.1948
OADO	-5.1948
LLSS	-5.1948
RANQ	-5.1948
LINM	-5.1948
IRDR	-5.1948
TACR	-5.1948
UEDM	-5.1948
DLYC	-5.1948
IDUA	-5.1948
ARYD	-5.1948
ANOV	-5.1948
SORF	-5.1948
EWNE	-5.1948
FLIE	-5.1948
THSL	-5.1948
ELHI	-5.1948
IRSC	-5.1948
RDDI	-5.1948
LSPO	-5.1948
OTOP	-5.1948
JURE	-5.1948
ORKB	-5.1948
EYNE	-5.1948
DIHE	-5.1948
MSTR	-5.1948
UTJU	-5.1948
TSSU	-5.1948
GELE	-5.1948
DOMY	-5.1948
RISN	-5.1948
TMYC	-5.1948
HBEN	-5.1948
UNPR	-5.1948
YKEE	-5.1948
ADSM	-5.1948
ULLG	-5.1948
DWOO	-5.1948
DIDL	-5.1948
WHES	-5.1948
IRPE	-5.1948
RSQU	-5.1948
OWDA	-5.1948
KITS	-5.1948
EDCU	-5.1948
EFTB	-5.1948
PICE	-5.1948
ADAF	-5.1948
TMEO	-5.1948
WETO	-5.1948
AMWA	-5.1948
RPAN	-5.1948
ROYI	-5.1948
IPSW	-5.1948
ODAM	-5.1948
APEL	-5.1948
TSAW	-5.1948
OOPS	-5.1948
IEVI	-5.1948
YANG	-5.1948
LTRU	-5.1948
BYSA	-5.1948
OGRO	-5.1948
LLUM	-5.1948
ALBA	-5.1948
BALD	-5.1948
RKSW	-5.1948
DLAB	-5.1948
CATA	-5.1948
AGGO	-5.1948
BEDW	-5.1948
NOFV	-5.1948
MPIR	-5.1948
THIL	-5.1948
WLAN	-5.1948
WAGE	-5.1948
YECO	-5.1948
GNAL	-5.1948
LPOS	-5.1948
YBRA	-5.1948
RION	-5.1948
HAUG	-5.1948
GODR	-5.1948
NAZA	-5.1948
BAAN	-5.1948
FSAL	-5.1948
MBSO	-5.1948
OJAC	-5.1948
CRYA	-5.1948
DBIL	-5.1948
EPHT	-5.1948
ZERA	-5.1948
UERS	-5.1948
KERI	-5.1948
MPES	-5.1948
IGAR	-5.1948
MAUR	-5.1948
SANW	-5.1948
GLID	-5.1948
HTEG	-5.1948
MEIC	-5.2025
THVE	-5.2025
TOIM	-5.2025
LASM	-5.2025
ANER	-5.2025
NDAU	-5.2025
NKHI	-5.2025
YSTU	-5.2025
WELI	-5.2025
SEEF	-5.2025
OTOH	-5.2025
LOFP	-5.2025
LPHI	-5.2025
LSAS	-5.2025
UNGC	-5.2025
ESEO	-5.2025
PEDW	-5.2025
TPEO	-5.2025
EDTE	-5.2025
LEQU	-5.2025
LUMP	-5.2025
CEDC	-5.2025
CYWH	-5.2025
UNEE	-5.2025
OSSH	-5.2025
UMMO	-5.2025
ALUA	-5.2025
VEJU	-5.2025
RASO	-5.2025
OKST	-5.2025
ORSM	-5.2025
NINB	-5.2025
AREQ	-5.2025
LTYO	-5.2025
ODSP	-5.2025
FCAR	-5.2025
BLUN	-5.2025
OPIE	-5.2025
WCON	-5.2025
USMI	-5.2025
FELE	-5.2025
LCER	-5.2025
EUNF	-5.2025
PENO	-5.2025
MPTT	-5.2025
LTTO	-5.2025
LWES	-5.2025
GELA	-5.2025
LLHU	-5.2025
RVIE	-5.2025
ONSY	-5.2025
MNAT	-5.2025
BYST	-5.2025
ADGR	-5.2025
LDEX	-5.2025
NFLI	-5.2025
TFAN	-5.2025
LMAR	-5.2025
ETID	-5.2025
BSTI	-5.2025
ARYP	-5.2025
YMOM	-5.2025
SWEM	-5.2025
TCRO	-5.2025
OBSC	-5.2025
WARW	-5.2025
EAKB	-5.2025
SOEX	-5.2025
NOPO	-5.2025
RRIC	-5.2025
EEKH	-5.2025
OLSA	-5.2025
XTER	-5.2025
SDOE	-5.2025
OHOW	-5.2025
UALO	-5.2025
RTRO	-5.2025
TYAT	-5.2025
ADPU	-5.2025
CHBY	-5.2025
COAC	-5.2025
ENFL	-5.2025
IFEN	-5.2025
RTAR	-5.2025
ISTF	-5.2025
NGKN	-5.2025
DPAL	-5.2025
ITRU	-5.2025
ELAF	-5.2025
IRWE	-5.2025
ROWM	-5.2025
YTEA	-5.2025
SAUN	-5.2025
LDSC	-5.2025
USEV	-5.2025
LSNO	-5.2025
RNHI	-5.2025
VIVE	-5.2025
RNIG	-5.2025
ITYD	-5.2025
BYMI	-5.2025
DEDP	-5.2025
TOTI	-5.2025
BEEV	-5.2025
RNAS	-5.2025
SFRA	-5.2025
GASA	-5.2025
WREA	-5.2025
FNEW	-5.2025
HESF	-5.2025
EMEC	-5.2025
RSNE	-5.2025
EYTU	-5.2025
FSPR	-5.2025
YGOT	-5.2025
NNAN	-5.2025
TFUR	-5.2025
EGUE	-5.2025
AROR	-5.2025
OANA	-5.2025
OLAD	-5.2025
ALEP	-5.2025
RCYO	-5.2025
INUS	-5.2025
METT	-5.2025
VEFI	-5.2025
RGEB	-5.2025
SABU	-5.2025
UFIN	-5.2025
EMYM	-5.2025
OMIH	-5.2025
EEMB	-5.2025
WHOU	-5.2025
RFAV	-5.2025
REAH	-5.2025
IFTT	-5.2025
TOSM	-5.2025
SBIR	-5.2025
TSDI	-5.2025
SIHE	-5.2025
NTSN	-5.2025
ASAY	-5.2025
IMLE	-5.2025
IPMA	-5.2025
ITSG	-5.2025
EMCA	-5.2025
ANEP	-5.2025
TCOV	-5.2025
MYTO	-5.2025
UMOF	-5.2025
IDLI	-5.2025
NDUE	-5.2025
DMEL	-5.2025
CHDO	-5.2025
GINF	-5.2025
ENAK	-5.2025
LRIG	-5.2025
UCTE	-5.2025
NCHT	-5.2025
TIQU	-5.2025
BYDE	-5.2025
ADUP	-5.2025
BYOU	-5.2025
SBON	-5.2025
UNNY	-5.2025
YERA	-5.2025
KEND	-5.2025
IDNE	-5.2025
LIUS	-5.2025
CEDU	-5.2025
HAMH	-5.2025
XPAN	-5.2025
RBOW	-5.2025
OMDA	-5.2025
OUEA	-5.2025
WLSO	-5.2025
TFLE	-5.2025
ELKI	-5.2025
EKAH	-5.2025
ULED	-5.2025
RCYA	-5.2025
PHTA	-5.2025
TOAA	-5.2025
WEAV	-5.2025
FBAA	-5.2025
IMOT	-5.2025
MOUL	-5.2025
TUMU	-5.2025
MPIO	-5.2025
OIAD	-5.2025
BARK	-5.2025
EMPI	-5.2025
DFIE	-5.2025
SWAM	-5.2025
AURI	-5.2025
AUEA	-5.2025
ECOI	-5.2025
IXTE	-5.2103
RNFU	-5.2103
RKFO	-5.2103
NRAT	-5.2103
LAYF	-5.2103
MATR	-5.2103
OLYC	-5.2103
IGHO	-5.2103
ARHO	-5.2103
IKEG	-5.2103
LSBE	-5.2103
NGIR	-5.2103
FJOY	-5.2103
OEMM	-5.2103
EDEI	-5.2103
UITH	-5.2103
ELPH	-5.2103
ODED	-5.2103
CUPA	-5.2103
SDET	-5.2103
LSWA	-5.2103
GANE	-5.2103
URYI	-5.2103
LHAS	-5.2103
DMEO	-5.2103
ERGY	-5.2103
FEWW	-5.2103
TUPH	-5.2103
NYWE	-5.2103
ETYI	-5.2103
TUNF	-5.2103
SESD	-5.2103
CESC	-5.2103
LEED	-5.2103
TATR	-5.2103
TLYG	-5.2103
IORS	-5.2103
MINC	-5.2103
RGUE	-5.2103
TADV	-5.2103
LFAG	-5.2103
BERY	-5.2103
LSBU	-5.2103
CTAS	-5.2103
WOOL	-5.2103
OWAF	-5.2103
RYAR	-5.2103
TAFA	-5.2103
GSIL	-5.2103
BADT	-5.2103
SSAB	-5.2103
GSOR	-5.2103
YADD	-5.2103
NALP	-5.2103
PSYO	-5.2103
UTOB	-5.2103
LCHO	-5.2103
AFFI	-5.2103
THIA	-5.2103
VEPL	-5.2103
APTH	-5.2103
OMSE	-5.2103
HNAN	-5.2103
NCYA	-5.2103
NART	-5.2103
NEDP	-5.2103
DDEF	-5.2103
YSAR	-5.2103
MYEY	-5.2103
USEC	-5.2103
EGYO	-5.2103
ORCI	-5.2103
STEO	-5.2103
YCHE	-5.2103
HWEL	-5.2103
OEAS	-5.2103
ENOA	-5.2103
RPUT	-5.2103
NREI	-5.2103
AYAM	-5.2103
FHOW	-5.2103
UNWE	-5.2103
EUPI	-5.2103
STEI	-5.2103
IESE	-5.2103
SHFR	-5.2103
ICAB	-5.2103
AUTU	-5.2103
RCAU	-5.2103
ADCH	-5.2103
TDEN	-5.2103
LARK	-5.2103
WOYE	-5.2103
ASSS	-5.2103
LDGR	-5.2103
AFUL	-5.2103
MBRO	-5.2103
LDSW	-5.2103
JUDI	-5.2103
ITMO	-5.2103
RDOO	-5.2103
ROMR	-5.2103
UMES	-5.2103
HWEA	-5.2103
EASN	-5.2103
GIAM	-5.2103
LANY	-5.2103
NFIE	-5.2103
KENN	-5.2103
VEFR	-5.2103
GHSA	-5.2103
UNDC	-5.2103
ECLU	-5.2103
LSAR	-5.2103
IDEU	-5.2103
ETCA	-5.2103
KEFR	-5.2103
YTRO	-5.2103
ARDP	-5.2103
DAYY	-5.2103
ARDD	-5.2103
MSWH	-5.2103
TPIT	-5.2103
ANLA	-5.2103
ONCR	-5.2103
OSWE	-5.2103
ONPL	-5.2103
HODO	-5.2103
RUSI	-5.2103
EDVI	-5.2103
CALT	-5.2103
RCHH	-5.2103
RAUG	-5.2103
YSIL	-5.2103
IHON	-5.2103
HEDD	-5.2103
SKAN	-5.2103
OSUB	-5.2103
ULBE	-5.2103
PLEP	-5.2103
OWSB	-5.2103
NEMU	-5.2103
GSID	-5.2103
GMEA	-5.2103
AWNE	-5.2103
LEDY	-5.2103
KLET	-5.2103
CEAM	-5.2103
AMFO	-5.2103
OCAM	-5.2103
EIFO	-5.2103
LLIL	-5.2103
WEDE	-5.2103
RTAT	-5.2103
UELS	-5.2103
DANU	-5.2103
OKAL	-5.2103
ESHW	-5.2103
RDPR	-5.2103
RDIW	-5.2103
NBLO	-5.2103
CKMA	-5.2103
MTAK	-5.2103
EMAF	-5.2103
GSPA	-5.2103
SMAI	-5.2103
SGRI	-5.2103
OROR	-5.2103
PHAS	-5.2103
JEWE	-5.2103
WNLA	-5.2103
KSWI	-5.2103
DISF	-5.2103
MREP	-5.2103
OLYM	-5.2103
GGLI	-5.2103
ESHF	-5.2103
ALMT	-5.2103
KANA	-5.2103
SAHE	-5.2103
ATBI	-5.2103
BIDT	-5.2103
SABI	-5.2103
ESBL	-5.2103
TCHD	-5.2103
WARB	-5.2103
CHAO	-5.2103
TLOR	-5.2103
HCHI	-5.2103
XENA	-5.2103
NGBI	-5.2103
HDWE	-5.2103
CHDW	-5.2103
GODN	-5.2103
ALAK	-5.2103
DEER	-5.2103
JAWS	-5.2103
RBRU	-5.2103
PIOU	-5.2103
UEGS	-5.2103
XTEE	-5.2183
MUTU	-5.2183
UTUA	-5.2183
IEFI	-5.2183
VILB	-5.2183
YETR	-5.2183
FHAN	-5.2183
YCIR	-5.2183
JOKE	-5.2183
PYTO	-5.2183
NSEW	-5.2183
USEU	-5.2183
FEDE	-5.2183
ULLC	-5.2183
WNSI	-5.2183
TADI	-5.2183
LEPL	-5.2183
RMUC	-5.2183
LDLA	-5.2183
DNOI	-5.2183
LSPI	-5.2183
FTRI	-5.2183
DGAR	-5.2183
SAPL	-5.2183
EWSI	-5.2183
SBYH	-5.2183
AIRM	-5.2183
RSOC	-5.2183
LDIM	-5.2183
RBAD	-5.2183
SEMM	-5.2183
DBEU	-5.2183
ACEE	-5.2183
DADO	-5.2183
NASU	-5.2183
CHBO	-5.2183
HWIS	-5.2183
RTNI	-5.2183
ABOY	-5.2183
HINY	-5.2183
FEIS	-5.2183
FEIG	-5.2183
NKWE	-5.2183
IRLY	-5.2183
NMUC	-5.2183
PWHE	-5.2183
MULA	-5.2183
OWCR	-5.2183
LIWI	-5.2183
UITW	-5.2183
ONBA	-5.2183
RNSH	-5.2183
IANB	-5.2183
HMYL	-5.2183
IPUT	-5.2183
MISI	-5.2183
EYEM	-5.2183
USIR	-5.2183
RORI	-5.2183
FFUS	-5.2183
GIBL	-5.2183
RSRO	-5.2183
WIAM	-5.2183
GSUP	-5.2183
ILLJ	-5.2183
OUAM	-5.2183
WSTR	-5.2183
UEFO	-5.2183
CHTI	-5.2183
OARA	-5.2183
ULHE	-5.2183
FMYO	-5.2183
PTIB	-5.2183
RLWI	-5.2183
HBEA	-5.2183
VESN	-5.2183
RYRO	-5.2183
ODHI	-5.2183
CHAW	-5.2183
LPEO	-5.2183
NWEH	-5.2183
GOBA	-5.2183
OHNT	-5.2183
HIMK	-5.2183
YTOI	-5.2183
NYTO	-5.2183
RGOI	-5.2183
RPAT	-5.2183
YPAT	-5.2183
HASD	-5.2183
DEIS	-5.2183
ERTT	-5.2183
ISAU	-5.2183
DITD	-5.2183
DDOY	-5.2183
TTWE	-5.2183
HTRA	-5.2183
RBAT	-5.2183
OKAS	-5.2183
LSEC	-5.2183
HMEW	-5.2183
LCOL	-5.2183
EEKN	-5.2183
FENO	-5.2183
NSUF	-5.2183
EFFO	-5.2183
ASYL	-5.2183
LLRU	-5.2183
OSEV	-5.2183
RITC	-5.2183
DRIF	-5.2183
EWFO	-5.2183
BADI	-5.2183
MEID	-5.2183
RHEN	-5.2183
GSNO	-5.2183
YDEE	-5.2183
ILHA	-5.2183
LSTE	-5.2183
ISDU	-5.2183
SDOU	-5.2183
MEOV	-5.2183
NLUC	-5.2183
TLUC	-5.2183
NHUM	-5.2183
LATA	-5.2183
TNEW	-5.2183
BSOR	-5.2183
VEAR	-5.2183
URAR	-5.2183
NASF	-5.2183
SRAI	-5.2183
YETY	-5.2183
RCUL	-5.2183
FREP	-5.2183
CEAF	-5.2183
RTCO	-5.2183
HFEA	-5.2183
SKOF	-5.2183
IESN	-5.2183
SISC	-5.2183
IFSO	-5.2183
TDIV	-5.2183
ONKI	-5.2183
YEVI	-5.2183
SHNO	-5.2183
LALI	-5.2183
MENN	-5.2183
LTFO	-5.2183
LADW	-5.2183
USHT	-5.2183
OOBS	-5.2183
TLAU	-5.2183
GTHW	-5.2183
UNDY	-5.2183
GONY	-5.2183
SEIR	-5.2183
FTBE	-5.2183
NSDE	-5.2183
MPTU	-5.2183
UINS	-5.2183
VEPO	-5.2183
NFLE	-5.2183
TJOY	-5.2183
LLIP	-5.2183
ERDU	-5.2183
ENPI	-5.2183
GANG	-5.2183
NMYN	-5.2183
BYFO	-5.2183
TAGG	-5.2183
RMYW	-5.2183
VEAF	-5.2183
HCAS	-5.2183
NARA	-5.2183
NNEB	-5.2183
ESEG	-5.2183
EGIF	-5.2183
IOTT	-5.2183
SOMS	-5.2183
SILI	-5.2183
ARSC	-5.2183
ETHC	-5.2183
FDES	-5.2183
TIGH	-5.2183
RSBO	-5.2183
MONB	-5.2183
HOOF	-5.2183
TSCE	-5.2183
OBBI	-5.2183
CEOU	-5.2183
OBUY	-5.2183
SBUI	-5.2183
FUME	-5.2183
SSAU	-5.2183
SCUL	-5.2183
HDOW	-5.2183
DHIL	-5.2183
PUTS	-5.2183
FIRT	-5.2183
OBAL	-5.2183
ALEK	-5.2183
HLEH	-5.2183
PHOD	-5.2183
EOBE	-5.2183
EPHS	-5.2183
ZARA	-5.2183
GOYE	-5.2183
FGAD	-5.2183
KINO	-5.2183
FROG	-5.2183
HUAA	-5.2183
HOIL	-5.2183
YLIP	-5.2183
ILOU	-5.2183
ILOT	-5.2183
FSYR	-5.2183
UTTL	-5.2183
FIEN	-5.2183
LAZE	-5.2183
ESNT	-5.2183
IGGI	-5.2183
EPIG	-5.2183
IUES	-5.2183
FTOS	-5.2264
ENAV	-5.2264
OUSV	-5.2264
NEAM	-5.2264
NTEX	-5.2264
MITO	-5.2264
FARR	-5.2264
TEHO	-5.2264
DAMP	-5.2264
DDIR	-5.2264
ITPA	-5.2264
PILY	-5.2264
UTOM	-5.2264
IPIT	-5.2264
OMYP	-5.2264
NYLI	-5.2264
USTK	-5.2264
AYIH	-5.2264
YLAU	-5.2264
TYCA	-5.2264
FEHA	-5.2264
ARMH	-5.2264
OINF	-5.2264
EALB	-5.2264
ITEG	-5.2264
ERYY	-5.2264
ANIR	-5.2264
KEWA	-5.2264
CHEX	-5.2264
DAPA	-5.2264
OREK	-5.2264
SSOB	-5.2264
ESFE	-5.2264
NGPU	-5.2264
HHEM	-5.2264
AHEL	-5.2264
HTFI	-5.2264
DDAU	-5.2264
KENC	-5.2264
IDMO	-5.2264
ATSB	-5.2264
FHEC	-5.2264
ULGA	-5.2264
BEBA	-5.2264
PTWH	-5.2264
DEDC	-5.2264
TIHE	-5.2264
UTEX	-5.2264
DADV	-5.2264
EFAV	-5.2264
IARI	-5.2264
HNEI	-5.2264
LEEL	-5.2264
HOFB	-5.2264
LEIM	-5.2264
OADD	-5.2264
YEBR	-5.2264
ADEY	-5.2264
NERR	-5.2264
ASKM	-5.2264
ORTB	-5.2264
SEDG	-5.2264
RTYE	-5.2264
OMPT	-5.2264
LMEW	-5.2264
SAPO	-5.2264
OIAM	-5.2264
ETIG	-5.2264
GISA	-5.2264
PEHE	-5.2264
ABED	-5.2264
GISH	-5.2264
RNOU	-5.2264
GMET	-5.2264
IAMF	-5.2264
ALEX	-5.2264
UDLY	-5.2264
ESAK	-5.2264
NSFA	-5.2264
REPH	-5.2264
OUAB	-5.2264
OWPE	-5.2264
EYRO	-5.2264
ESTK	-5.2264
MSPE	-5.2264
AMWE	-5.2264
HABB	-5.2264
MEDC	-5.2264
FIMP	-5.2264
RYCI	-5.2264
GUET	-5.2264
SOIM	-5.2264
LMAS	-5.2264
CLEW	-5.2264
TUSB	-5.2264
IRUN	-5.2264
PAYT	-5.2264
OOMF	-5.2264
UTUM	-5.2264
TUMN	-5.2264
THSS	-5.2264
APSS	-5.2264
LMLY	-5.2264
AFAL	-5.2264
UELI	-5.2264
EMIF	-5.2264
RYAB	-5.2264
TSOH	-5.2264
LOFY	-5.2264
NANH	-5.2264
ILSW	-5.2264
ABSU	-5.2264
LESN	-5.2264
LLOB	-5.2264
DATM	-5.2264
YMEE	-5.2264
OWSM	-5.2264
ULIT	-5.2264
LYMU	-5.2264
LSAF	-5.2264
IEFS	-5.2264
GESS	-5.2264
STFU	-5.2264
AZEM	-5.2264
RPAI	-5.2264
SLED	-5.2264
RRIT	-5.2264
NGEH	-5.2264
HTRU	-5.2264
RFAN	-5.2264
TUPF	-5.2264
GENU	-5.2264
LYOP	-5.2264
NORG	-5.2264
NGSR	-5.2264
DNOC	-5.2264
YTEM	-5.2264
WTOM	-5.2264
SITL	-5.2264
SROS	-5.2264
NOND	-5.2264
HLYA	-5.2264
OWSP	-5.2264
TDOO	-5.2264
SOAM	-5.2264
BYSE	-5.2264
ENPU	-5.2264
OWWO	-5.2264
LIAL	-5.2264
VILF	-5.2264
KSWE	-5.2264
DOWW	-5.2264
NBED	-5.2264
IRTI	-5.2264
DIFE	-5.2264
YISI	-5.2264
FENG	-5.2264
OUDH	-5.2264
SDWE	-5.2264
IESL	-5.2264
MTOE	-5.2264
VELS	-5.2264
DBYO	-5.2264
TMEW	-5.2264
DDOU	-5.2264
UNIO	-5.2264
FANG	-5.2264
FBEF	-5.2264
GECO	-5.2264
HHOR	-5.2264
ELUS	-5.2264
MHEN	-5.2264
LSAV	-5.2264
YLIN	-5.2264
EDPI	-5.2264
UEMA	-5.2264
EDEY	-5.2264
OCUT	-5.2264
OMLE	-5.2264
REWD	-5.2264
LAUN	-5.2264
MEBR	-5.2264
YRIS	-5.2264
HSOU	-5.2264
TPOW	-5.2264
HSPA	-5.2264
ECOG	-5.2264
DJEM	-5.2264
ANKN	-5.2264
MBEG	-5.2264
ITGR	-5.2264
EBIL	-5.2264
SKEL	-5.2264
UEIS	-5.2264
DCRY	-5.2264
HBAR	-5.2264
PIKE	-5.2264
SCOW	-5.2264
MBSA	-5.2264
THIO	-5.2264
IOPI	-5.2264
SNAK	-5.2264
DIEB	-5.2264
BRIM	-5.2264
OCKB	-5.2264
YGAR	-5.2264
AULI	-5.2264
WSER	-5.2264
YPTW	-5.2264
MYOF	-5.2264
HEOI	-5.2264
WAIL	-5.2264
JESH	-5.2264
PURG	-5.2264
ZADO	-5.2264
ADOK	-5.2264
PLIT	-5.2264
EGRY	-5.2264
COIL	-5.2264
URND	-5.2264
BOUL	-5.2264
ELUE	-5.2264
OFEM	-5.2347
ORKF	-5.2347
ASFE	-5.2347
DORB	-5.2347
RVOU	-5.2347
ILYD	-5.2347
YAMA	-5.2347
MSUC	-5.2347
FISA	-5.2347
SHUS	-5.2347
USIA	-5.2347
HNOM	-5.2347
RAYO	-5.2347
MERH	-5.2347
RGAI	-5.2347
RUPL	-5.2347
GHIG	-5.2347
NEWP	-5.2347
YAMI	-5.2347
DNOA	-5.2347
TVOI	-5.2347
LLSF	-5.2347
SUAS	-5.2347
ECUS	-5.2347
TOAW	-5.2347
AKWI	-5.2347
RDSD	-5.2347
AYNE	-5.2347
HERQ	-5.2347
KSBE	-5.2347
STJU	-5.2347
TAFO	-5.2347
ODDO	-5.2347
YPAI	-5.2347
TSIX	-5.2347
ISID	-5.2347
SURV	-5.2347
EYTA	-5.2347
OUEX	-5.2347
BRED	-5.2347
TDIF	-5.2347
ORKN	-5.2347
NIRE	-5.2347
TYSA	-5.2347
RFIG	-5.2347
YISN	-5.2347
ULTT	-5.2347
NMYC	-5.2347
SJOH	-5.2347
AISA	-5.2347
OFSW	-5.2347
HDEC	-5.2347
GCHI	-5.2347
WANY	-5.2347
TEPL	-5.2347
PALI	-5.2347
DHUR	-5.2347
ERWR	-5.2347
ANIH	-5.2347
IGIB	-5.2347
IMMY	-5.2347
AWAI	-5.2347
TDOA	-5.2347
DRAP	-5.2347
ITFI	-5.2347
VILH	-5.2347
LEMY	-5.2347
WERM	-5.2347
APSO	-5.2347
FMET	-5.2347
DSYO	-5.2347
OTOO	-5.2347
SNOP	-5.2347
FFHE	-5.2347
NGHU	-5.2347
YANA	-5.2347
ULRE	-5.2347
RIDD	-5.2347
LMAD	-5.2347
SSDE	-5.2347
SDOT	-5.2347
ONGN	-5.2347
EYHI	-5.2347
LEIW	-5.2347
MNON	-5.2347
AWER	-5.2347
EILI	-5.2347
URGL	-5.2347
EVIE	-5.2347
MINM	-5.2347
RYNA	-5.2347
YSRE	-5.2347
OORC	-5.2347
SAYF	-5.2347
NABI	-5.2347
YELE	-5.2347
TENU	-5.2347
NALR	-5.2347
CECH	-5.2347
EBAB	-5.2347
WEMI	-5.2347
ADKN	-5.2347
AMSI	-5.2347
FAXS	-5.2347
CEPE	-5.2347
OWGR	-5.2347
EROI	-5.2347
OMAF	-5.2347
DOBU	-5.2347
PPYS	-5.2347
LAYM	-5.2347
CHDA	-5.2347
GUNS	-5.2347
GRYA	-5.2347
SUMP	-5.2347
EELH	-5.2347
ACHF	-5.2347
ENAH	-5.2347
SBAL	-5.2347
ORPH	-5.2347
LLMU	-5.2347
ELAL	-5.2347
PENL	-5.2347
DAWH	-5.2347
ETIO	-5.2347
LYGL	-5.2347
NOBU	-5.2347
FCOR	-5.2347
DORO	-5.2347
NSIM	-5.2347
DEBA	-5.2347
FBRI	-5.2347
RIAB	-5.2347
YROO	-5.2347
EBYW	-5.2347
KERT	-5.2347
EORP	-5.2347
XEDA	-5.2347
XEDW	-5.2347
NAVI	-5.2347
RUNO	-5.2347
BEDH	-5.2347
GEHO	-5.2347
OUGE	-5.2347
NOAT	-5.2347
CHFA	-5.2347
WSPA	-5.2347
ODTI	-5.2347
NRUN	-5.2347
IHAT	-5.2347
UDER	-5.2347
LTOR	-5.2347
TDEE	-5.2347
LOWV	-5.2347
GRYW	-5.2347
DNEE	-5.2347
EUNA	-5.2347
IDIF	-5.2347
TELS	-5.2347
UASA	-5.2347
ABOT	-5.2347
NTTI	-5.2347
BEWR	-5.2347
IPSI	-5.2347
TSGR	-5.2347
ILNO	-5.2347
NBRA	-5.2347
AWBE	-5.2347
GHOR	-5.2347
HLIT	-5.2347
WEDW	-5.2347
EGER	-5.2347
DMUL	-5.2347
ODCH	-5.2347
LDCR	-5.2347
ODIA	-5.2347
IWIT	-5.2347
NINI	-5.2347
GGAR	-5.2347
UNGG	-5.2347
NEKI	-5.2347
ASSF	-5.2347
TAMP	-5.2347
HUDD	-5.2347
HKNO	-5.2347
EFTS	-5.2347
IAST	-5.2347
CKSM	-5.2347
OPIA	-5.2347
RDAF	-5.2347
INHU	-5.2347
ELEB	-5.2347
OUDW	-5.2347
RPLY	-5.2347
EYTR	-5.2347
BARD	-5.2347
EBAA	-5.2347
HBRE	-5.2347
EMOA	-5.2347
HHEL	-5.2347
DWEP	-5.2347
FMAC	-5.2347
IDDR	-5.2347
RDBO	-5.2347
RWIV	-5.2347
LEFL	-5.2347
EERT	-5.2347
ASHD	-5.2347
EECE	-5.2347
SPED	-5.2347
BIAH	-5.2347
JAHT	-5.2347
EHUG	-5.2347
PILO	-5.2347
AGNE	-5.2347
ATOW	-5.2431
OMSU	-5.2431
NSST	-5.2431
BRUN	-5.2431
AHAP	-5.2431
LEYI	-5.2431
PUNC	-5.2431
DAYD	-5.2431
PPIL	-5.2431
ILYM	-5.2431
NNEE	-5.2431
NTYC	-5.2431
FHIG	-5.2431
WNNO	-5.2431
DEHA	-5.2431
SAKI	-5.2431
OSTG	-5.2431
PSWI	-5.2431
UCHN	-5.2431
ETAM	-5.2431
RMLE	-5.2431
RLDF	-5.2431
TMOT	-5.2431
DLYF	-5.2431
FSEV	-5.2431
AKNE	-5.2431
MOFM	-5.2431
ELPA	-5.2431
PYTH	-5.2431
LUAB	-5.2431
NBUS	-5.2431
YLAS	-5.2431
RVEY	-5.2431
URAC	-5.2431
XPED	-5.2431
IMWO	-5.2431
HABE	-5.2431
ISTN	-5.2431
CYTO	-5.2431
GIWI	-5.2431
IMEY	-5.2431
LDPO	-5.2431
NYST	-5.2431
YWRO	-5.2431
LCRI	-5.2431
RSJO	-5.2431
YALA	-5.2431
NIBE	-5.2431
LTRY	-5.2431
DOEV	-5.2431
HIMJ	-5.2431
ONOV	-5.2431
LEXP	-5.2431
VEDY	-5.2431
TAPR	-5.2431
YIMA	-5.2431
APEN	-5.2431
VIGO	-5.2431
LYIA	-5.2431
TBEU	-5.2431
QUIV	-5.2431
OUFE	-5.2431
APOI	-5.2431
DOSA	-5.2431
NHOP	-5.2431
ANBO	-5.2431
ALCR	-5.2431
LLIR	-5.2431
SHIF	-5.2431
URNH	-5.2431
DNOD	-5.2431
YWAI	-5.2431
TMYT	-5.2431
EPAG	-5.2431
EASB	-5.2431
RUNI	-5.2431
HMYF	-5.2431
DITR	-5.2431
EMPR	-5.2431
ACEY	-5.2431
BEOV	-5.2431
RLAT	-5.2431
SKWH	-5.2431
BEDB	-5.2431
OLAU	-5.2431
OORP	-5.2431
EASG	-5.2431
NALF	-5.2431
THOV	-5.2431
RENH	-5.2431
IRCR	-5.2431
PESH	-5.2431
RVEI	-5.2431
RMSI	-5.2431
RJOU	-5.2431
OHMY	-5.2431
HARS	-5.2431
UTRI	-5.2431
WNPR	-5.2431
HPEO	-5.2431
BSUR	-5.2431
BLYI	-5.2431
RLIP	-5.2431
ENKI	-5.2431
RORD	-5.2431
IAME	-5.2431
ODNI	-5.2431
HUMI	-5.2431
RCIR	-5.2431
OSPH	-5.2431
MUPA	-5.2431
ANLY	-5.2431
ITIW	-5.2431
YSBU	-5.2431
LEUP	-5.2431
OFRU	-5.2431
RGAV	-5.2431
TTOJ	-5.2431
IAMD	-5.2431
NOLI	-5.2431
GOWN	-5.2431
UTEF	-5.2431
IMPS	-5.2431
GARO	-5.2431
THCE	-5.2431
RYTI	-5.2431
UTOS	-5.2431
TEPA	-5.2431
OALO	-5.2431
LDDA	-5.2431
ALTL	-5.2431
EYUN	-5.2431
ILEP	-5.2431
OSUS	-5.2431
CYON	-5.2431
EDUT	-5.2431
ISEC	-5.2431
NACR	-5.2431
SSGR	-5.2431
IMDE	-5.2431
GNES	-5.2431
EDSM	-5.2431
PTUO	-5.2431
OMYG	-5.2431
TUSW	-5.2431
NTSD	-5.2431
OBVI	-5.2431
ULLL	-5.2431
GSPR	-5.2431
NASL	-5.2431
MURE	-5.2431
SLOP	-5.2431
GFLO	-5.2431
FWIS	-5.2431
OSCO	-5.2431
LDET	-5.2431
BESL	-5.2431
AIDR	-5.2431
MHEL	-5.2431
AILB	-5.2431
RTHP	-5.2431
IDTA	-5.2431
STSL	-5.2431
RDAC	-5.2431
SEEL	-5.2431
POWD	-5.2431
ILTI	-5.2431
FBLU	-5.2431
IAHO	-5.2431
TGLO	-5.2431
UMMI	-5.2431
DGER	-5.2431
EORL	-5.2431
BANN	-5.2431
PEDD	-5.2431
YBOY	-5.2431
ALRY	-5.2431
DISB	-5.2431
FAWH	-5.2431
HILA	-5.2431
ORNU	-5.2431
LTHU	-5.2431
LAUD	-5.2431
EYPU	-5.2431
ABSH	-5.2431
YRED	-5.2431
PSAI	-5.2431
OLLS	-5.2431
HOAN	-5.2431
KEEL	-5.2431
FMOU	-5.2431
EDSL	-5.2431
ISKE	-5.2431
HIOP	-5.2431
BELT	-5.2431
HOUU	-5.2431
TYDA	-5.2431
FJOR	-5.2431
IMYS	-5.2431
IDBR	-5.2431
LEAH	-5.2431
RODS	-5.2431
HYEH	-5.2431
AGGI	-5.2431
EEBO	-5.2431
GBUL	-5.2431
ABUL	-5.2431
OUDR	-5.2431
UDSA	-5.2431
ZARE	-5.2431
DYEH	-5.2431
ACRA	-5.2431
PADE	-5.2431
KULL	-5.2431
UMPO	-5.2431
UELY	-5.2431
OJES	-5.2431
NICL	-5.2431
AROM	-5.2431
ASSD	-5.2431
LUKE	-5.2431
SPAD	-5.2431
PAIL	-5.2431
BRIT	-5.2431
UBBS	-5.2431
RAUE	-5.2431
OTHD	-5.2517
GJUS	-5.2517
TUTI	-5.2517
TRIM	-5.2517
TDIN	-5.2517
PAYI	-5.2517
ATUL	-5.2517
OWIM	-5.2517
MAAN	-5.2517
FHED	-5.2517
NBYS	-5.2517
TYYO	-5.2517
TONP	-5.2517
EAMU	-5.2517
ITAM	-5.2517
ADAH	-5.2517
RHOM	-5.2517
MBES	-5.2517
GAGR	-5.2517
YREG	-5.2517
TREO	-5.2517
VOLE	-5.2517
RYSM	-5.2517
LSUP	-5.2517
RLOS	-5.2517
NSOS	-5.2517
RGEF	-5.2517
REKN	-5.2517
KITC	-5.2517
GHST	-5.2517
GTWO	-5.2517
ABLU	-5.2517
EABB	-5.2517
SEDY	-5.2517
APEH	-5.2517
DBYR	-5.2517
HSOT	-5.2517
SIWO	-5.2517
COPY	-5.2517
ETBY	-5.2517
YDEF	-5.2517
ETGO	-5.2517
TENY	-5.2517
RRYM	-5.2517
NASY	-5.2517
NDGU	-5.2517
EILO	-5.2517
RMYD	-5.2517
DEUN	-5.2517
MPTH	-5.2517
XQUI	-5.2517
UGIV	-5.2517
POSA	-5.2517
HSOL	-5.2517
CESM	-5.2517
DOBS	-5.2517
FEWE	-5.2517
NEEX	-5.2517
TNOS	-5.2517
RNAG	-5.2517
ETYE	-5.2517
OWNY	-5.2517
BEGY	-5.2517
GARA	-5.2517
RREF	-5.2517
DAPO	-5.2517
OFFB	-5.2517
OIWI	-5.2517
RMEW	-5.2517
ISHG	-5.2517
ATAW	-5.2517
AILH	-5.2517
NEPE	-5.2517
HLOV	-5.2517
YHUM	-5.2517
BSCU	-5.2517
SNOG	-5.2517
LARW	-5.2517
SIER	-5.2517
MONM	-5.2517
DMYW	-5.2517
MYWH	-5.2517
GOFW	-5.2517
STNA	-5.2517
RRAI	-5.2517
SUPT	-5.2517
LORE	-5.2517
YICA	-5.2517
FPAS	-5.2517
EITL	-5.2517
MTOL	-5.2517
OWNV	-5.2517
OROL	-5.2517
SATF	-5.2517
OUAC	-5.2517
SEAP	-5.2517
LINW	-5.2517
TPAT	-5.2517
TDOS	-5.2517
FSHO	-5.2517
FATI	-5.2517
TNUM	-5.2517
DLYP	-5.2517
FACA	-5.2517
ROFR	-5.2517
TOND	-5.2517
FHET	-5.2517
NEKN	-5.2517
YBUS	-5.2517
HEXC	-5.2517
SATW	-5.2517
THCL	-5.2517
ASCI	-5.2517
SJOY	-5.2517
NKSI	-5.2517
NAUG	-5.2517
TYST	-5.2517
SESN	-5.2517
EDGA	-5.2517
DPEN	-5.2517
HEWN	-5.2517
NABU	-5.2517
POSU	-5.2517
OHOP	-5.2517
AYIW	-5.2517
LYJU	-5.2517
DTWI	-5.2517
GOOV	-5.2517
OBYT	-5.2517
SOBS	-5.2517
RYMI	-5.2517
MBAT	-5.2517
EIMU	-5.2517
MEEL	-5.2517
NDEU	-5.2517
DBYC	-5.2517
EEPU	-5.2517
ALVE	-5.2517
TREJ	-5.2517
DITL	-5.2517
HONI	-5.2517
ODLA	-5.2517
NISI	-5.2517
FPLA	-5.2517
KWHO	-5.2517
UERI	-5.2517
BEGE	-5.2517
UEDO	-5.2517
DGUI	-5.2517
USKI	-5.2517
OSIG	-5.2517
GBRE	-5.2517
BOFT	-5.2517
RKME	-5.2517
IDUP	-5.2517
FRAU	-5.2517
NTBL	-5.2517
KSLI	-5.2517
HODA	-5.2517
NHEG	-5.2517
DIPR	-5.2517
FHON	-5.2517
EWWI	-5.2517
DEBO	-5.2517
NADR	-5.2517
RBOT	-5.2517
HSIL	-5.2517
GGLA	-5.2517
NGOP	-5.2517
LGOA	-5.2517
IINT	-5.2517
LYBL	-5.2517
IFIS	-5.2517
STAU	-5.2517
TSBO	-5.2517
TSNE	-5.2517
KSON	-5.2517
CESL	-5.2517
EXTO	-5.2517
IDEG	-5.2517
LUMI	-5.2517
ANNU	-5.2517
YEME	-5.2517
HUTH	-5.2517
ERDT	-5.2517
SIDU	-5.2517
ITPL	-5.2517
FOLK	-5.2517
HREM	-5.2517
EAFL	-5.2517
ALPE	-5.2517
KMAN	-5.2517
GOGO	-5.2517
FTSO	-5.2517
TPEA	-5.2517
EYEC	-5.2517
UBBI	-5.2517
UTBU	-5.2517
UMTH	-5.2517
DSST	-5.2517
PITO	-5.2517
KERC	-5.2517
TRYM	-5.2517
BRUS	-5.2517
TARC	-5.2517
RLUC	-5.2517
YWRA	-5.2517
MFOL	-5.2517
ONTM	-5.2517
AXED	-5.2517
OULF	-5.2517
RBLA	-5.2517
TOBI	-5.2517
YEAI	-5.2517
AACH	-5.2517
BULU	-5.2517
NDZA	-5.2517
SHAU	-5.2517
RODO	-5.2517
YCRY	-5.2517
SAPH	-5.2517
OLSO	-5.2517
BARL	-5.2517
BUNC	-5.2517
SFIS	-5.2517
YEFO	-5.2517
PANS	-5.2517
HAIA	-5.2517
JEZR	-5.2517
ZERU	-5.2517
OSAU	-5.2517
ASJE	-5.2517
BIGA	-5.2517
SYMB	-5.2517
YMBO	-5.2517
MURT	-5.2517
TDIR	-5.2605
ALEV	-5.2605
SRAN	-5.2605
MEDU	-5.2605
NMIL	-5.2605
SHRU	-5.2605
NGEW	-5.2605
ADID	-5.2605
ACKG	-5.2605
SOMI	-5.2605
RTYI	-5.2605
HCOL	-5.2605
RWEH	-5.2605
RUEM	-5.2605
CTWA	-5.2605
PLEE	-5.2605
BORR	-5.2605
OFFM	-5.2605
HIRA	-5.2605
ITYY	-5.2605
EDOA	-5.2605
FAGE	-5.2605
CTON	-5.2605
NOWU	-5.2605
TICC	-5.2605
DQUA	-5.2605
PPYW	-5.2605
ESMR	-5.2605
OOMB	-5.2605
DMOV	-5.2605
DOFU	-5.2605
YINO	-5.2605
RYCL	-5.2605
SNOI	-5.2605
NOID	-5.2605
NEYH	-5.2605
OUPE	-5.2605
LYEL	-5.2605
VULG	-5.2605
TSSI	-5.2605
LSMO	-5.2605
EISV	-5.2605
ORCR	-5.2605
TYGO	-5.2605
HTDE	-5.2605
MWOU	-5.2605
CACY	-5.2605
SADM	-5.2605
LUEO	-5.2605
UPWH	-5.2605
ILLV	-5.2605
FULR	-5.2605
MYDI	-5.2605
LADO	-5.2605
EMMO	-5.2605
EAKH	-5.2605
TADD	-5.2605
ICTA	-5.2605
ALAL	-5.2605
ENMU	-5.2605
NDVO	-5.2605
TEAG	-5.2605
OOHA	-5.2605
FYES	-5.2605
FTRO	-5.2605
OTKE	-5.2605
TOOG	-5.2605
ONDB	-5.2605
HNON	-5.2605
MSWE	-5.2605
UBAN	-5.2605
DTAS	-5.2605
RDWO	-5.2605
YIFY	-5.2605
ENOV	-5.2605
EVEY	-5.2605
BEIM	-5.2605
ERIP	-5.2605
DESU	-5.2605
ABUS	-5.2605
BEKN	-5.2605
DIHO	-5.2605
RINV	-5.2605
MEXC	-5.2605
NYHE	-5.2605
SJOU	-5.2605
OOMH	-5.2605
LPME	-5.2605
NELW	-5.2605
WHYY	-5.2605
HCAP	-5.2605
OCLE	-5.2605
MYSU	-5.2605
NADI	-5.2605
SOSI	-5.2605
ATSS	-5.2605
AWLE	-5.2605
RAUN	-5.2605
OWSL	-5.2605
OADB	-5.2605
RIBB	-5.2605
GHAP	-5.2605
ANIL	-5.2605
LAWH	-5.2605
LLOS	-5.2605
SEID	-5.2605
ONYT	-5.2605
GUED	-5.2605
RSSU	-5.2605
MYTA	-5.2605
LOFD	-5.2605
USBO	-5.2605
OMDO	-5.2605
ATJA	-5.2605
AREJ	-5.2605
LEAK	-5.2605
TETE	-5.2605
LTSU	-5.2605
HTOE	-5.2605
UTKN	-5.2605
RIBA	-5.2605
CHTR	-5.2605
PTYO	-5.2605
CEIW	-5.2605
MOSP	-5.2605
DELO	-5.2605
WRES	-5.2605
ECIE	-5.2605
ANBR	-5.2605
VEAM	-5.2605
RSYE	-5.2605
OENG	-5.2605
DIXO	-5.2605
TELO	-5.2605
HIPB	-5.2605
NALB	-5.2605
SWID	-5.2605
RENF	-5.2605
LEEX	-5.2605
DBYF	-5.2605
INKF	-5.2605
LVIN	-5.2605
SOMY	-5.2605
FFAS	-5.2605
ISOV	-5.2605
YREJ	-5.2605
MPSE	-5.2605
LOBS	-5.2605
HREC	-5.2605
DYAS	-5.2605
LOQU	-5.2605
NKTO	-5.2605
FYHI	-5.2605
DAPR	-5.2605
RNUM	-5.2605
DURA	-5.2605
GSCA	-5.2605
OXAN	-5.2605
ANIG	-5.2605
MBEL	-5.2605
RODD	-5.2605
ADDA	-5.2605
ITAD	-5.2605
HBOT	-5.2605
WHYN	-5.2605
HOWP	-5.2605
NWOM	-5.2605
YMOS	-5.2605
SOMO	-5.2605
IDEE	-5.2605
EUNK	-5.2605
IESP	-5.2605
YATL	-5.2605
USME	-5.2605
ULBU	-5.2605
RTHG	-5.2605
NDIP	-5.2605
ECIP	-5.2605
SSMU	-5.2605
HDRE	-5.2605
ALFC	-5.2605
EFLI	-5.2605
OYWH	-5.2605
RDBL	-5.2605
FHAD	-5.2605
CKIS	-5.2605
HLEA	-5.2605
IARS	-5.2605
REHU	-5.2605
FFLA	-5.2605
YQUE	-5.2605
GVOI	-5.2605
RAWT	-5.2605
ULLD	-5.2605
WSHI	-5.2605
SFLU	-5.2605
EELW	-5.2605
EDFU	-5.2605
BAHA	-5.2605
TAWH	-5.2605
VENR	-5.2605
PINN	-5.2605
RKMA	-5.2605
TSPL	-5.2605
EDCE	-5.2605
ORYF	-5.2605
ROOD	-5.2605
ERBS	-5.2605
ANPA	-5.2605
TBUI	-5.2605
BYWI	-5.2605
UCYS	-5.2605
EEBY	-5.2605
THVI	-5.2605
EMYR	-5.2605
LEMB	-5.2605
IDFL	-5.2605
TRIL	-5.2605
RAMT	-5.2605
WUNT	-5.2605
UBIN	-5.2605
LKET	-5.2605
PHAH	-5.2605
AELN	-5.2605
FNEB	-5.2605
EGSA	-5.2605
HYGA	-5.2605
DERU	-5.2605
TMUL	-5.2605
ABIR	-5.2605
REYB	-5.2605
ILGA	-5.2605
MEGI	-5.2605
EZRE	-5.2605
ZREE	-5.2605
JOAS	-5.2605
JESS	-5.2605
IFOL	-5.2605
FOES	-5.2605
ROTT	-5.2605
RFIS	-5.2605
EVPO	-5.2605
IUET	-5.2605
STBL	-5.2694
ODAU	-5.2694
UTPA	-5.2694
YBYH	-5.2694
GDAY	-5.2694
IPSH	-5.2694
STKI	-5.2694
AKEV	-5.2694
RLYL	-5.2694
MATA	-5.2694
NTEA	-5.2694
YLUC	-5.2694
HALW	-5.2694
NEDD	-5.2694
BYEV	-5.2694
MMAK	-5.2694
WHAV	-5.2694
ORTM	-5.2694
NAWI	-5.2694
AYAB	-5.2694
MINB	-5.2694
WAYL	-5.2694
LFIF	-5.2694
ONPO	-5.2694
DSOV	-5.2694
FALI	-5.2694
IMER	-5.2694
NSNA	-5.2694
OAFF	-5.2694
RYEX	-5.2694
GOAW	-5.2694
DBEV	-5.2694
PONB	-5.2694
GAPP	-5.2694
GMUC	-5.2694
UNAB	-5.2694
YESL	-5.2694
SOPL	-5.2694
TYWO	-5.2694
TESL	-5.2694
SAWM	-5.2694
DALT	-5.2694
NISM	-5.2694
YASM	-5.2694
YARR	-5.2694
FLUT	-5.2694
GHTV	-5.2694
YBEM	-5.2694
LDOE	-5.2694
CHCH	-5.2694
UTYT	-5.2694
UEHA	-5.2694
EXQU	-5.2694
OIHA	-5.2694
GDON	-5.2694
NDOH	-5.2694
NAPE	-5.2694
EAKM	-5.2694
OWMR	-5.2694
EDOH	-5.2694
ARMD	-5.2694
GRAM	-5.2694
FFEE	-5.2694
FAWO	-5.2694
TENL	-5.2694
LWAI	-5.2694
SDOY	-5.2694
HTMY	-5.2694
VEGR	-5.2694
SEPL	-5.2694
GERC	-5.2694
EILE	-5.2694
UTEI	-5.2694
FINH	-5.2694
LDAF	-5.2694
BENI	-5.2694
YIKN	-5.2694
WINS	-5.2694
NYSE	-5.2694
ODOH	-5.2694
QUAT	-5.2694
HIES	-5.2694
TWRO	-5.2694
RKIS	-5.2694
ARAP	-5.2694
LAYD	-5.2694
TJAN	-5.2694
ILTS	-5.2694
SDUE	-5.2694
TOOO	-5.2694
LAPS	-5.2694
LKWI	-5.2694
FLON	-5.2694
RESY	-5.2694
ACEU	-5.2694
TYMI	-5.2694
TVAL	-5.2694
ECTG	-5.2694
BUTV	-5.2694
WHAD	-5.2694
FERH	-5.2694
ERUD	-5.2694
VIVI	-5.2694
EBYN	-5.2694
OLAY	-5.2694
SUMI	-5.2694
ASKO	-5.2694
FADI	-5.2694
FUNN	-5.2694
UTGR	-5.2694
YTOY	-5.2694
SEFE	-5.2694
INTB	-5.2694
NSEP	-5.2694
HOFE	-5.2694
YHUN	-5.2694
YHUS	-5.2694
LHET	-5.2694
KERW	-5.2694
EDJA	-5.2694
UTTR	-5.2694
GUNW	-5.2694
EMLO	-5.2694
OCAU	-5.2694
OTRO	-5.2694
LESD	-5.2694
OWBY	-5.2694
ANPL	-5.2694
YBAR	-5.2694
DAFI	-5.2694
YINE	-5.2694
NKWH	-5.2694
ECKI	-5.2694
DENF	-5.2694
DSQU	-5.2694
LGOT	-5.2694
INMU	-5.2694
TSHU	-5.2694
ACKD	-5.2694
OBRO	-5.2694
NABE	-5.2694
LSPA	-5.2694
OPEF	-5.2694
GSTE	-5.2694
RBAL	-5.2694
RSOI	-5.2694
GSLE	-5.2694
HYAR	-5.2694
CRAS	-5.2694
CHSP	-5.2694
LAUR	-5.2694
OMYC	-5.2694
ELAG	-5.2694
HFOU	-5.2694
OOLD	-5.2694
TTAB	-5.2694
UHER	-5.2694
WEWO	-5.2694
TBRA	-5.2694
RETL	-5.2694
NMES	-5.2694
DHEK	-5.2694
LSLI	-5.2694
WEAN	-5.2694
AYFI	-5.2694
OMJE	-5.2694
IRRA	-5.2694
TSUD	-5.2694
PELA	-5.2694
UWHI	-5.2694
EPSI	-5.2694
GSEV	-5.2694
DECH	-5.2694
LFLA	-5.2694
WARI	-5.2694
RTSW	-5.2694
THKN	-5.2694
MPAC	-5.2694
SSYM	-5.2694
UBEC	-5.2694
DBAN	-5.2694
POFH	-5.2694
ENBL	-5.2694
OGOL	-5.2694
ARKB	-5.2694
RLAY	-5.2694
NAHE	-5.2694
IALB	-5.2694
DRAC	-5.2694
THGA	-5.2694
BTHA	-5.2694
EEUP	-5.2694
GOUN	-5.2694
UNDG	-5.2694
OTTU	-5.2694
SREI	-5.2694
CEFI	-5.2694
KYAN	-5.2694
YHOR	-5.2694
AROC	-5.2694
MYSW	-5.2694
IPWI	-5.2694
CUTL	-5.2694
SCOS	-5.2694
NCIT	-5.2694
EMLE	-5.2694
DLOT	-5.2694
HYKI	-5.2694
DPHI	-5.2694
DSTN	-5.2694
MIZP	-5.2694
BSTH	-5.2694
KEAH	-5.2694
AILF	-5.2694
CARM	-5.2694
BINT	-5.2694
FUNT	-5.2694
EPTR	-5.2694
OUDB	-5.2694
OCKF	-5.2694
BLAT	-5.2694
CARN	-5.2694
WOET	-5.2694
EDDL	-5.2694
ARDG	-5.2694
SAMM	-5.2694
EELK	-5.2694
ECOC	-5.2694
BIGB	-5.2694
ATUE	-5.2694
JOEO	-5.2694
PROW	-5.2694
CIGA	-5.2694
QUID	-5.2694
FLUK	-5.2694
EAUS	-5.2786
OOWE	-5.2786
DHOO	-5.2786
ORPL	-5.2786
TUDI	-5.2786
RBOD	-5.2786
NYBE	-5.2786
LLAA	-5.2786
OWAM	-5.2786
EPAY	-5.2786
ULMA	-5.2786
PEIT	-5.2786
YEMM	-5.2786
SEPO	-5.2786
CTBU	-5.2786
EARP	-5.2786
SFIT	-5.2786
NYLO	-5.2786
REEG	-5.2786
GEAR	-5.2786
BOYH	-5.2786
FASO	-5.2786
UCTA	-5.2786
NFRI	-5.2786
FITM	-5.2786
DASU	-5.2786
PLEU	-5.2786
YFAM	-5.2786
VACA	-5.2786
MERV	-5.2786
PRED	-5.2786
NYGO	-5.2786
FASC	-5.2786
HREP	-5.2786
ADWO	-5.2786
BADA	-5.2786
DNOF	-5.2786
TINN	-5.2786
GHEH	-5.2786
HTEM	-5.2786
WHEH	-5.2786
SDIF	-5.2786
DIFS	-5.2786
NPOW	-5.2786
CEPR	-5.2786
ERTM	-5.2786
ADIM	-5.2786
IMYO	-5.2786
YBAD	-5.2786
PASA	-5.2786
COPI	-5.2786
DOUG	-5.2786
LMAT	-5.2786
LMYH	-5.2786
RNHE	-5.2786
MMUC	-5.2786
HAPR	-5.2786
HOBL	-5.2786
RSKI	-5.2786
RNOS	-5.2786
SAPE	-5.2786
NMEB	-5.2786
FOLI	-5.2786
CTHA	-5.2786
CSTA	-5.2786
NOGR	-5.2786
LYQU	-5.2786
TAPO	-5.2786
ZEAN	-5.2786
TSFI	-5.2786
MEOH	-5.2786
GGRA	-5.2786
MAFE	-5.2786
LYIW	-5.2786
UTOD	-5.2786
VEIM	-5.2786
MEVI	-5.2786
PMAT	-5.2786
TEDV	-5.2786
OMOV	-5.2786
ENJU	-5.2786
GEXC	-5.2786
BLYF	-5.2786
DERR	-5.2786
WOFM	-5.2786
UTTA	-5.2786
INSF	-5.2786
APAC	-5.2786
SHEV	-5.2786
AWYE	-5.2786
GLYS	-5.2786
LGET	-5.2786
ICKF	-5.2786
HEDC	-5.2786
PBYT	-5.2786
SLAC	-5.2786
DLEB	-5.2786
GEFR	-5.2786
MTOF	-5.2786
LDBO	-5.2786
EETR	-5.2786
SIRC	-5.2786
EIFA	-5.2786
ELTW	-5.2786
STVI	-5.2786
UELE	-5.2786
HOPI	-5.2786
SEAD	-5.2786
EAIS	-5.2786
BYHA	-5.2786
OICI	-5.2786
SURI	-5.2786
TOOV	-5.2786
PTOF	-5.2786
ROBS	-5.2786
TRUD	-5.2786
OKNE	-5.2786
ITEX	-5.2786
NDAI	-5.2786
LAWW	-5.2786
GSWA	-5.2786
HDAR	-5.2786
ITBR	-5.2786
PSIT	-5.2786
ATOB	-5.2786
PHEC	-5.2786
XTIN	-5.2786
HAUN	-5.2786
NAPR	-5.2786
LSCO	-5.2786
EEEV	-5.2786
HSAT	-5.2786
OLIG	-5.2786
ACTH	-5.2786
EXHI	-5.2786
ARSN	-5.2786
YMED	-5.2786
SISU	-5.2786
URWE	-5.2786
DATS	-5.2786
KHAD	-5.2786
PIDI	-5.2786
QUEA	-5.2786
RYSP	-5.2786
GSSA	-5.2786
MYTE	-5.2786
OFSL	-5.2786
HBRI	-5.2786
LPUR	-5.2786
HYFE	-5.2786
LYTU	-5.2786
FHOR	-5.2786
LDTI	-5.2786
SIFW	-5.2786
HYMI	-5.2786
CEDF	-5.2786
DAWI	-5.2786
RAUD	-5.2786
EHEK	-5.2786
BYPR	-5.2786
RMAM	-5.2786
OULB	-5.2786
ORIK	-5.2786
EUPW	-5.2786
TFIT	-5.2786
FRIC	-5.2786
SASU	-5.2786
CLEF	-5.2786
LURK	-5.2786
NUNA	-5.2786
BEDF	-5.2786
HOFY	-5.2786
OCKC	-5.2786
TWEC	-5.2786
NTEG	-5.2786
UEBU	-5.2786
GSMA	-5.2786
AKLY	-5.2786
DBYL	-5.2786
YBLA	-5.2786
ATEG	-5.2786
HCAU	-5.2786
RTLI	-5.2786
NNEF	-5.2786
GNOV	-5.2786
YSLA	-5.2786
SHUD	-5.2786
UNGU	-5.2786
RNEC	-5.2786
NIAS	-5.2786
RMYA	-5.2786
KIRT	-5.2786
BSTR	-5.2786
ELAK	-5.2786
WHOG	-5.2786
STGA	-5.2786
ANPU	-5.2786
BVIO	-5.2786
HTLO	-5.2786
ICEE	-5.2786
DILE	-5.2786
NHAM	-5.2786
ILUP	-5.2786
ISEG	-5.2786
YEDF	-5.2786
HTSP	-5.2786
EIAN	-5.2786
RMUL	-5.2786
EGHO	-5.2786
TROV	-5.2786
RCIE	-5.2786
RHAM	-5.2786
KOHA	-5.2786
EAPS	-5.2786
UAAN	-5.2786
RCHY	-5.2786
IGTR	-5.2786
BULW	-5.2786
MJER	-5.2786
RDJO	-5.2786
ARUM	-5.2786
VIDM	-5.2786
RKSI	-5.2786
HECY	-5.2786
IBRE	-5.2786
NTIQ	-5.2786
OCAE	-5.2786
CIUS	-5.2786
OEOT	-5.2786
OGIC	-5.2786
MISF	-5.2879
WCAM	-5.2879
LORW	-5.2879
RIMO	-5.2879
LAWN	-5.2879
GSIT	-5.2879
ENTV	-5.2879
OMIL	-5.2879
YOUJ	-5.2879
PTAB	-5.2879
NEIF	-5.2879
YCLA	-5.2879
ASJO	-5.2879
IFED	-5.2879
NITF	-5.2879
VEDL	-5.2879
FHOU	-5.2879
ICCO	-5.2879
OMIG	-5.2879
YORA	-5.2879
RLYH	-5.2879
GSOS	-5.2879
YANT	-5.2879
YRAI	-5.2879
UNWO	-5.2879
BASI	-5.2879
NGRU	-5.2879
EDNA	-5.2879
NUPA	-5.2879
SRIC	-5.2879
HIMV	-5.2879
NIKN	-5.2879
SNEX	-5.2879
OTGE	-5.2879
LBRO	-5.2879
LYIH	-5.2879
WEWA	-5.2879
RCOA	-5.2879
LJUS	-5.2879
XEDO	-5.2879
ETSC	-5.2879
CARA	-5.2879
GWHY	-5.2879
ASUB	-5.2879
OHWH	-5.2879
ABLO	-5.2879
YAME	-5.2879
KSAS	-5.2879
CUSS	-5.2879
OBEV	-5.2879
LEIF	-5.2879
FANS	-5.2879
HAHE	-5.2879
GSAL	-5.2879
TLIB	-5.2879
SLYW	-5.2879
IGOR	-5.2879
IOUG	-5.2879
TNOI	-5.2879
HUSM	-5.2879
PEDE	-5.2879
OPEH	-5.2879
IFID	-5.2879
ANRO	-5.2879
SNOH	-5.2879
LEDP	-5.2879
FITC	-5.2879
GAMA	-5.2879
EALF	-5.2879
REAV	-5.2879
PUFF	-5.2879
UNPL	-5.2879
FALA	-5.2879
IFYH	-5.2879
FFFO	-5.2879
CEDM	-5.2879
UTAH	-5.2879
LEPI	-5.2879
LPRI	-5.2879
RVEM	-5.2879
KESP	-5.2879
AELM	-5.2879
YINI	-5.2879
NGEB	-5.2879
FGAL	-5.2879
RILO	-5.2879
MYNE	-5.2879
NSUB	-5.2879
DNOL	-5.2879
DOCC	-5.2879
RFIV	-5.2879
TYEL	-5.2879
SFLY	-5.2879
DSAG	-5.2879
GUPI	-5.2879
HHEB	-5.2879
DYED	-5.2879
IROR	-5.2879
HIBI	-5.2879
IBIT	-5.2879
LSME	-5.2879
UTAD	-5.2879
DFIX	-5.2879
DLOW	-5.2879
LSSO	-5.2879
OFCI	-5.2879
MADI	-5.2879
GETU	-5.2879
MABL	-5.2879
MODA	-5.2879
NEFF	-5.2879
ANKH	-5.2879
YACO	-5.2879
DKEP	-5.2879
OAGR	-5.2879
URGI	-5.2879
HQUI	-5.2879
NSME	-5.2879
ESYA	-5.2879
MIRT	-5.2879
TUNS	-5.2879
FDEL	-5.2879
NTBR	-5.2879
FWEA	-5.2879
WELF	-5.2879
NOCA	-5.2879
EYRA	-5.2879
MWEN	-5.2879
HCAR	-5.2879
TMYM	-5.2879
DICI	-5.2879
GLEO	-5.2879
ELTY	-5.2879
GBEA	-5.2879
OROP	-5.2879
RBIN	-5.2879
LSOP	-5.2879
FHAL	-5.2879
SISW	-5.2879
BOLI	-5.2879
IESD	-5.2879
EPEC	-5.2879
YESR	-5.2879
ILDM	-5.2879
EDEW	-5.2879
SENI	-5.2879
RWAI	-5.2879
TORB	-5.2879
TGLA	-5.2879
RHAI	-5.2879
NSOO	-5.2879
SHDO	-5.2879
GGRO	-5.2879
ADYP	-5.2879
HSTI	-5.2879
NSAU	-5.2879
BOYT	-5.2879
FTIT	-5.2879
ILWI	-5.2879
OWVO	-5.2879
KHES	-5.2879
SINR	-5.2879
NROS	-5.2879
ACHY	-5.2879
RSTN	-5.2879
OTEC	-5.2879
TEAB	-5.2879
SISB	-5.2879
EEGO	-5.2879
LFHI	-5.2879
LKAB	-5.2879
IXTY	-5.2879
NAWO	-5.2879
DYDI	-5.2879
UPSO	-5.2879
DOMB	-5.2879
UHOW	-5.2879
NCRO	-5.2879
THPI	-5.2879
AVIE	-5.2879
LGOI	-5.2879
ODIC	-5.2879
WLET	-5.2879
ANCR	-5.2879
RMIL	-5.2879
IANF	-5.2879
TCHS	-5.2879
EYSL	-5.2879
ELUD	-5.2879
LSAW	-5.2879
TYAR	-5.2879
PACT	-5.2879
NVEL	-5.2879
EWCO	-5.2879
ADTW	-5.2879
THIF	-5.2879
HAYT	-5.2879
HIDT	-5.2879
SLIM	-5.2879
IPTO	-5.2879
ILKA	-5.2879
AFIG	-5.2879
LGRI	-5.2879
RARC	-5.2879
IPSC	-5.2879
OSPR	-5.2879
RFUM	-5.2879
NACA	-5.2879
HOTE	-5.2879
ODBL	-5.2879
HQUA	-5.2879
LHED	-5.2879
SLUC	-5.2879
YEAY	-5.2879
IRVO	-5.2879
DSSE	-5.2879
IASH	-5.2879
KINE	-5.2879
BITH	-5.2879
ESPU	-5.2879
LETW	-5.2879
ULIP	-5.2879
UWON	-5.2879
LOTA	-5.2879
IEFM	-5.2879
AKFO	-5.2879
MAME	-5.2879
THCU	-5.2879
AHFO	-5.2879
DPUL	-5.2879
UPEA	-5.2879
HTYW	-5.2879
LRAI	-5.2879
LREJ	-5.2879
JEPH	-5.2879
HBON	-5.2879
HJES	-5.2879
YEMI	-5.2879
WARK	-5.2879
STSF	-5.2879
NNAC	-5.2879
HORU	-5.2879
LILA	-5.2879
EOGO	-5.2879
MARB	-5.2879
RIAD	-5.2879
PELO	-5.2879
ARIU	-5.2879
PLIK	-5.2879
ORMD	-5.2879
DAEA	-5.2879
UMPS	-5.2879
BUBB	-5.2879
NQUO	-5.2879
DADI	-5.2975
TADE	-5.2975
DIDR	-5.2975
TMRW	-5.2975
YDOU	-5.2975
NNAH	-5.2975
ELPO	-5.2975
PECK	-5.2975
TISQ	-5.2975
EITR	-5.2975
TWOI	-5.2975
EEFA	-5.2975
URYE	-5.2975
AGOA	-5.2975
HASY	-5.2975
FMRE	-5.2975
OUEN	-5.2975
KPLA	-5.2975
GINL	-5.2975
OONR	-5.2975
GTIL	-5.2975
UNEW	-5.2975
DOPT	-5.2975
WUPO	-5.2975
NSDI	-5.2975
UNWH	-5.2975
TWED	-5.2975
OOLW	-5.2975
MMRS	-5.2975
GFEL	-5.2975
NOWJ	-5.2975
RYCR	-5.2975
TARD	-5.2975
ALKB	-5.2975
ATUS	-5.2975
LKSA	-5.2975
TRYS	-5.2975
KANY	-5.2975
RALR	-5.2975
HOFL	-5.2975
XTTO	-5.2975
ANTV	-5.2975
REGL	-5.2975
ROFU	-5.2975
HMER	-5.2975
TFAS	-5.2975
LFIG	-5.2975
LOWY	-5.2975
DSOB	-5.2975
SOBR	-5.2975
LFYO	-5.2975
PERD	-5.2975
RCEP	-5.2975
NPOI	-5.2975
SSDI	-5.2975
TIAS	-5.2975
DADM	-5.2975
EORR	-5.2975
LDAM	-5.2975
GASP	-5.2975
RICO	-5.2975
ISIV	-5.2975
EAKY	-5.2975
USOM	-5.2975
YACT	-5.2975
LIRE	-5.2975
GALS	-5.2975
HSWE	-5.2975
EADP	-5.2975
INIF	-5.2975
SEGA	-5.2975
GLYP	-5.2975
HAWO	-5.2975
ADSL	-5.2975
LAWY	-5.2975
TOOR	-5.2975
NGTU	-5.2975
AGEL	-5.2975
KBYT	-5.2975
STGE	-5.2975
NSOI	-5.2975
NIOU	-5.2975
CERA	-5.2975
YIFT	-5.2975
THJU	-5.2975
APSE	-5.2975
SCOO	-5.2975
UBEF	-5.2975
TSAB	-5.2975
HWEH	-5.2975
FSIM	-5.2975
SITP	-5.2975
DSDO	-5.2975
CEEX	-5.2975
HAPA	-5.2975
ONDC	-5.2975
OFDU	-5.2975
WEPR	-5.2975
LSMA	-5.2975
VEID	-5.2975
UTBR	-5.2975
VAGA	-5.2975
DSYE	-5.2975
LADL	-5.2975
ATTY	-5.2975
RDTI	-5.2975
DEAB	-5.2975
DLYK	-5.2975
WMET	-5.2975
UMIL	-5.2975
HTFA	-5.2975
NACI	-5.2975
MOVA	-5.2975
LDTR	-5.2975
NGOB	-5.2975
MAYM	-5.2975
DATF	-5.2975
HHEI	-5.2975
YDET	-5.2975
GSPI	-5.2975
IKER	-5.2975
DEDR	-5.2975
EIHO	-5.2975
IRCI	-5.2975
EYHO	-5.2975
RWEE	-5.2975
ITSV	-5.2975
WAIN	-5.2975
RKLI	-5.2975
LVEA	-5.2975
PUPO	-5.2975
NMYT	-5.2975
BYCA	-5.2975
YHED	-5.2975
IOTI	-5.2975
VOUC	-5.2975
HSAF	-5.2975
ANRA	-5.2975
EWBE	-5.2975
KSAL	-5.2975
DASB	-5.2975
MAJO	-5.2975
OWEX	-5.2975
GEAG	-5.2975
USSU	-5.2975
OTOL	-5.2975
ODMY	-5.2975
ARSL	-5.2975
CHIW	-5.2975
GETM	-5.2975
GACC	-5.2975
EMAA	-5.2975
KUPT	-5.2975
DNIN	-5.2975
NTHW	-5.2975
DGEF	-5.2975
ATFU	-5.2975
TPOL	-5.2975
PSWE	-5.2975
EEXI	-5.2975
MPEL	-5.2975
OWIW	-5.2975
EGAM	-5.2975
ENID	-5.2975
VEBY	-5.2975
URNY	-5.2975
NSTS	-5.2975
USPO	-5.2975
YHET	-5.2975
ASRO	-5.2975
ARSD	-5.2975
HAGG	-5.2975
UNSO	-5.2975
FFSP	-5.2975
TOMB	-5.2975
CKOU	-5.2975
SEEX	-5.2975
THKI	-5.2975
LOFL	-5.2975
DROM	-5.2975
RIGO	-5.2975
ICST	-5.2975
IRDP	-5.2975
IPWA	-5.2975
USDO	-5.2975
NUTT	-5.2975
EMIC	-5.2975
OYET	-5.2975
GIGA	-5.2975
DOLA	-5.2975
HRIL	-5.2975
SOYE	-5.2975
ETPL	-5.2975
TMED	-5.2975
EMUT	-5.2975
BYGO	-5.2975
AWBU	-5.2975
ILIZ	-5.2975
DKIS	-5.2975
AMUL	-5.2975
IANM	-5.2975
VANS	-5.2975
HOPH	-5.2975
BURG	-5.2975
JEBU	-5.2975
FZEB	-5.2975
GODU	-5.2975
ECAV	-5.2975
DREB	-5.2975
FYEW	-5.2975
NHAI	-5.2975
FFLO	-5.2975
EEAW	-5.2975
KAWA	-5.2975
DOIL	-5.2975
GRIS	-5.2975
PBEF	-5.2975
OHAM	-5.2975
KORA	-5.2975
FZER	-5.2975
WNOW	-5.2975
YPTF	-5.2975
DHEZ	-5.2975
HRED	-5.2975
ILAG	-5.2975
LAWB	-5.2975
MBRI	-5.2975
MBOF	-5.2975
TSYE	-5.2975
RNAB	-5.2975
AZOR	-5.2975
BULA	-5.2975
EROY	-5.2975
RRIO	-5.2975
HRIE	-5.2975
CARS	-5.2975
SBIG	-5.2975
FLAU	-5.2975
ELIU	-5.2975
BUOY	-5.2975
DCEC	-5.2975
OPIO	-5.2975
AUEH	-5.2975
CTRE	-5.3072
YANE	-5.3072
RTEM	-5.3072
KALI	-5.3072
LAAN	-5.3072
GEAL	-5.3072
DNAM	-5.3072
FAFF	-5.3072
URSM	-5.3072
TGOA	-5.3072
OOBL	-5.3072
OUIA	-5.3072
NTVI	-5.3072
MEMR	-5.3072
ESVE	-5.3072
ACTW	-5.3072
HTPE	-5.3072
SPUN	-5.3072
ARIW	-5.3072
OMFA	-5.3072
RDEP	-5.3072
CEMR	-5.3072
SOKI	-5.3072
SANU	-5.3072
OPUR	-5.3072
NANU	-5.3072
GANH	-5.3072
RYDO	-5.3072
EUNE	-5.3072
KENP	-5.3072
SDEV	-5.3072
HWON	-5.3072
AYMI	-5.3072
ICIP	-5.3072
AGIR	-5.3072
FSUP	-5.3072
TSAG	-5.3072
TSVE	-5.3072
IMVE	-5.3072
RDIE	-5.3072
LLEM	-5.3072
FEWO	-5.3072
ADGA	-5.3072
UCHV	-5.3072
ELDU	-5.3072
TLOW	-5.3072
HFRE	-5.3072
GHON	-5.3072
ALWE	-5.3072
ULDU	-5.3072
BETI	-5.3072
THIH	-5.3072
VEIF	-5.3072
HREG	-5.3072
ONIH	-5.3072
DPIC	-5.3072
NEYF	-5.3072
FFAC	-5.3072
SYTO	-5.3072
MJUS	-5.3072
FDEC	-5.3072
YDOI	-5.3072
UBTH	-5.3072
CTNO	-5.3072
IDMI	-5.3072
GDEA	-5.3072
ARAF	-5.3072
LTYI	-5.3072
VEIH	-5.3072
YCER	-5.3072
TABS	-5.3072
YNOS	-5.3072
NORU	-5.3072
CHIF	-5.3072
PHIC	-5.3072
GMAS	-5.3072
WSFO	-5.3072
MENP	-5.3072
NLYK	-5.3072
OOFH	-5.3072
RUMS	-5.3072
RKWI	-5.3072
IDAC	-5.3072
SPAU	-5.3072
GQUE	-5.3072
RORH	-5.3072
OKEF	-5.3072
TOBJ	-5.3072
RYBR	-5.3072
WYER	-5.3072
ACAS	-5.3072
RTYC	-5.3072
SDIN	-5.3072
ASOP	-5.3072
THIW	-5.3072
ELEI	-5.3072
TIGU	-5.3072
ASDU	-5.3072
ICHJ	-5.3072
KITE	-5.3072
TEMB	-5.3072
RSFI	-5.3072
TUPB	-5.3072
GOHO	-5.3072
IROU	-5.3072
DONF	-5.3072
YIWA	-5.3072
LSSH	-5.3072
SDOO	-5.3072
LOWP	-5.3072
HITM	-5.3072
AYTI	-5.3072
SOHO	-5.3072
NSOD	-5.3072
EUNP	-5.3072
RWEW	-5.3072
NAFO	-5.3072
IESY	-5.3072
NLAD	-5.3072
OITB	-5.3072
NGIC	-5.3072
WSON	-5.3072
MSTI	-5.3072
RTYD	-5.3072
NEWF	-5.3072
TINJ	-5.3072
OFQU	-5.3072
DEEV	-5.3072
KEDP	-5.3072
SECL	-5.3072
FCHE	-5.3072
YBEW	-5.3072
NAPI	-5.3072
EEAM	-5.3072
HTAB	-5.3072
SEIM	-5.3072
MEDP	-5.3072
HIPC	-5.3072
OLVI	-5.3072
RYNI	-5.3072
LEBL	-5.3072
IERO	-5.3072
ELDF	-5.3072
SIRR	-5.3072
DSAF	-5.3072
DSCH	-5.3072
UPIT	-5.3072
EDRY	-5.3072
IRJA	-5.3072
SHCO	-5.3072
DEWE	-5.3072
HSOR	-5.3072
KLEA	-5.3072
CEAC	-5.3072
ENSB	-5.3072
AASH	-5.3072
OCKH	-5.3072
HBYH	-5.3072
ITAC	-5.3072
OOMY	-5.3072
DDOS	-5.3072
FBEL	-5.3072
TOFV	-5.3072
NAFI	-5.3072
DPET	-5.3072
LUED	-5.3072
UNTM	-5.3072
MDID	-5.3072
WVOI	-5.3072
RCYS	-5.3072
IFIM	-5.3072
ADYL	-5.3072
HAWI	-5.3072
PEFO	-5.3072
SHSA	-5.3072
RCIN	-5.3072
UDOE	-5.3072
OCRE	-5.3072
REYS	-5.3072
RMAG	-5.3072
ANKW	-5.3072
AYSN	-5.3072
NTYF	-5.3072
ECOF	-5.3072
FWAY	-5.3072
WNMY	-5.3072
DUTT	-5.3072
IMAP	-5.3072
LYSW	-5.3072
ETHP	-5.3072
IEWE	-5.3072
ENUE	-5.3072
HEWM	-5.3072
NCID	-5.3072
RAAN	-5.3072
RUTA	-5.3072
SSSE	-5.3072
IDPR	-5.3072
RLDL	-5.3072
FGLO	-5.3072
THAK	-5.3072
OHND	-5.3072
DSAD	-5.3072
URSS	-5.3072
FSAN	-5.3072
FUPO	-5.3072
HTUR	-5.3072
SSEW	-5.3072
FMIL	-5.3072
SELW	-5.3072
ARAR	-5.3072
LHEN	-5.3072
EPTB	-5.3072
MOKI	-5.3072
GEDR	-5.3072
PUTN	-5.3072
WNIG	-5.3072
RDET	-5.3072
IREP	-5.3072
ERJE	-5.3072
MIFT	-5.3072
HMIL	-5.3072
SGOL	-5.3072
MBED	-5.3072
FROC	-5.3072
MTWO	-5.3072
YBOA	-5.3072
UCYW	-5.3072
YFIL	-5.3072
CHOK	-5.3072
LDEE	-5.3072
MLOR	-5.3072
IESU	-5.3072
YMAL	-5.3072
BIGG	-5.3072
TUTT	-5.3072
TBIT	-5.3072
SEPI	-5.3072
TBRU	-5.3072
ABON	-5.3072
NDZI	-5.3072
OABT	-5.3072
RRAC	-5.3072
COTH	-5.3072
ROFZ	-5.3072
WEFO	-5.3072
OFKO	-5.3072
EMIW	-5.3072
KWAT	-5.3072
LEEW	-5.3072
WNEY	-5.3072
BELS	-5.3072
RJOR	-5.3072
NARD	-5.3072
FVAL	-5.3072
FIGT	-5.3072
THYJ	-5.3072
LGAL	-5.3072
AFTS	-5.3072
IDGR	-5.3072
CRAB	-5.3072
SAMS	-5.3072
AULH	-5.3072
ICAI	-5.3072
TFIS	-5.3072
DMOO	-5.3072
DMUR	-5.3072
UDAE	-5.3072
EGIU	-5.3072
RIEK	-5.3072
TULI	-5.3072
FSUN	-5.3072
POMF	-5.3072
AERT	-5.3072
VNDE	-5.3072
OSSW	-5.3172
MMAF	-5.3172
FWER	-5.3172
SSEP	-5.3172
TELA	-5.3172
OOAN	-5.3172
MASM	-5.3172
HAGO	-5.3172
YSLI	-5.3172
MGOO	-5.3172
STIW	-5.3172
OTPO	-5.3172
ODYM	-5.3172
SWED	-5.3172
MERM	-5.3172
TYPI	-5.3172
STTW	-5.3172
RTYH	-5.3172
BARG	-5.3172
WPER	-5.3172
HIPF	-5.3172
DCIR	-5.3172
IRSP	-5.3172
APOT	-5.3172
ANYV	-5.3172
AGRI	-5.3172
QUAD	-5.3172
JOYE	-5.3172
ACKP	-5.3172
OEXA	-5.3172
GERD	-5.3172
NADM	-5.3172
MPUL	-5.3172
UTOH	-5.3172
IBET	-5.3172
IRGA	-5.3172
NPEO	-5.3172
CKOR	-5.3172
TBEV	-5.3172
NDOY	-5.3172
HITB	-5.3172
ECOP	-5.3172
PALP	-5.3172
YARO	-5.3172
ELYN	-5.3172
BEAW	-5.3172
MAAS	-5.3172
EANX	-5.3172
IZES	-5.3172
ADDT	-5.3172
UANY	-5.3172
LHUM	-5.3172
NEFE	-5.3172
OSCR	-5.3172
DEDD	-5.3172
URRA	-5.3172
NFAM	-5.3172
THCR	-5.3172
ARID	-5.3172
NTSR	-5.3172
ONSG	-5.3172
MARA	-5.3172
YREQ	-5.3172
PANG	-5.3172
DIFO	-5.3172
DEOR	-5.3172
SUNH	-5.3172
DMEH	-5.3172
WMOM	-5.3172
ALEG	-5.3172
RIFH	-5.3172
TSOB	-5.3172
SACE	-5.3172
HTAF	-5.3172
ERAV	-5.3172
VETI	-5.3172
CHID	-5.3172
NAWE	-5.3172
TERJ	-5.3172
PTON	-5.3172
NMRE	-5.3172
SEDP	-5.3172
AMEG	-5.3172
ELMA	-5.3172
DMEB	-5.3172
MRCO	-5.3172
WBEC	-5.3172
XEDT	-5.3172
EWEC	-5.3172
ISRU	-5.3172
APTT	-5.3172
MEMU	-5.3172
OUBO	-5.3172
FEXP	-5.3172
CITU	-5.3172
NTIH	-5.3172
ODPR	-5.3172
REXA	-5.3172
RSAB	-5.3172
EINQ	-5.3172
ANYU	-5.3172
AUGU	-5.3172
LDAB	-5.3172
SIRB	-5.3172
RNYO	-5.3172
KASI	-5.3172
ACEP	-5.3172
SLYB	-5.3172
ICKD	-5.3172
FTON	-5.3172
EWEP	-5.3172
OINV	-5.3172
YITT	-5.3172
FIAM	-5.3172
ANSN	-5.3172
OHOM	-5.3172
DAPE	-5.3172
MOFS	-5.3172
WNMA	-5.3172
ECTC	-5.3172
YEXT	-5.3172
RUSU	-5.3172
ONDD	-5.3172
ANOE	-5.3172
FTSA	-5.3172
DTRY	-5.3172
YCUT	-5.3172
RMYH	-5.3172
RIDA	-5.3172
TURD	-5.3172
ANEH	-5.3172
CEIM	-5.3172
NSBY	-5.3172
BORI	-5.3172
DLAM	-5.3172
CAPS	-5.3172
RCHU	-5.3172
AMHA	-5.3172
SOAT	-5.3172
RKBU	-5.3172
RMYM	-5.3172
KAST	-5.3172
LATL	-5.3172
NTTE	-5.3172
YLOS	-5.3172
RNSE	-5.3172
HCOR	-5.3172
SKEP	-5.3172
GATM	-5.3172
AHUM	-5.3172
KSTR	-5.3172
TEXE	-5.3172
LOWU	-5.3172
UGET	-5.3172
NOHO	-5.3172
KLYA	-5.3172
GWER	-5.3172
MYPL	-5.3172
UPLA	-5.3172
ELSM	-5.3172
ENIB	-5.3172
NYFO	-5.3172
DUPS	-5.3172
LESY	-5.3172
WSBU	-5.3172
IRBL	-5.3172
ANOW	-5.3172
MHEC	-5.3172
RERU	-5.3172
CKYO	-5.3172
MPAI	-5.3172
RABR	-5.3172
LBUI	-5.3172
HOON	-5.3172
USIV	-5.3172
DWEC	-5.3172
WMEA	-5.3172
RDIH	-5.3172
ORBL	-5.3172
NECR	-5.3172
NMOV	-5.3172
WNDI	-5.3172
FONT	-5.3172
GIPS	-5.3172
RSAV	-5.3172
URIM	-5.3172
AGNA	-5.3172
TSQU	-5.3172
SCOP	-5.3172
IWAL	-5.3172
MEIP	-5.3172
HABH	-5.3172
OUGA	-5.3172
EANM	-5.3172
OCIT	-5.3172
BRIC	-5.3172
NISP	-5.3172
MTOR	-5.3172
RAYH	-5.3172
DNEX	-5.3172
DROB	-5.3172
NKFO	-5.3172
TINK	-5.3172
ANPO	-5.3172
IGRA	-5.3172
WLIK	-5.3172
ICKM	-5.3172
LLFU	-5.3172
RDPO	-5.3172
UEDW	-5.3172
SLAB	-5.3172
OETS	-5.3172
TYFE	-5.3172
OSMO	-5.3172
HTYS	-5.3172
RHEE	-5.3172
IBAL	-5.3172
SUSO	-5.3172
OHID	-5.3172
EDSC	-5.3172
SANK	-5.3172
ULWI	-5.3172
UTEH	-5.3172
YEDE	-5.3172
OCOV	-5.3172
ARTD	-5.3172
NSTW	-5.3172
OMBS	-5.3172
LGOF	-5.3172
FTHU	-5.3172
ITRI	-5.3172
RMYB	-5.3172
INOL	-5.3172
ORFL	-5.3172
LTBR	-5.3172
DAIA	-5.3172
UGOE	-5.3172
TLOT	-5.3172
WNBO	-5.3172
LTDO	-5.3172
EKID	-5.3172
TILA	-5.3172
NJOS	-5.3172
NAHS	-5.3172
FEDA	-5.3172
BALS	-5.3172
YPTS	-5.3172
RODA	-5.3172
IANG	-5.3172
SMUR	-5.3172
NHOO	-5.3172
NECU	-5.3172
DNEY	-5.3172
BILE	-5.3172
GLIO	-5.3172
AZZA	-5.3172
MBAS	-5.3172
HUAS	-5.3172
MBUS	-5.3172
IDRO	-5.3172
OERT	-5.3172
ALOT	-5.3172
DARS	-5.3172
LIEA	-5.3172
HTGO	-5.3172
DIAH	-5.3172
CLAD	-5.3172
HAWH	-5.3172
IUSC	-5.3172
NPET	-5.3172
INTL	-5.3172
TCLI	-5.3172
EPOP	-5.3172
CLAN	-5.3172
MOCR	-5.3172
OAKL	-5.3172
UERT	-5.3172
RLYP	-5.3274
RLYO	-5.3274
TCHB	-5.3274
ADPL	-5.3274
PULO	-5.3274
FADA	-5.3274
OONM	-5.3274
LLSB	-5.3274
YSAB	-5.3274
WDID	-5.3274
OISS	-5.3274
WINA	-5.3274
MATU	-5.3274
SSSU	-5.3274
RSOW	-5.3274
DYSA	-5.3274
DSOP	-5.3274
UMBR	-5.3274
PENH	-5.3274
NPOO	-5.3274
SJOI	-5.3274
MEKI	-5.3274
RALF	-5.3274
ARYL	-5.3274
LUXU	-5.3274
UXUR	-5.3274
CEMI	-5.3274
YETP	-5.3274
LYCU	-5.3274
IZEA	-5.3274
EUNL	-5.3274
IEDP	-5.3274
TCIR	-5.3274
DLAR	-5.3274
MSFO	-5.3274
LHOL	-5.3274
LARF	-5.3274
OTHL	-5.3274
NSOC	-5.3274
TYLI	-5.3274
FINF	-5.3274
YTOK	-5.3274
OESM	-5.3274
RROB	-5.3274
DGAI	-5.3274
SGUS	-5.3274
YLOU	-5.3274
EEDR	-5.3274
BADH	-5.3274
WNPA	-5.3274
LNEI	-5.3274
ANFE	-5.3274
SBYS	-5.3274
ENIR	-5.3274
GABL	-5.3274
DDOI	-5.3274
ORTF	-5.3274
NTCR	-5.3274
ONOB	-5.3274
NTID	-5.3274
NYBU	-5.3274
TSFA	-5.3274
ILFU	-5.3274
LDOI	-5.3274
ECST	-5.3274
ARMR	-5.3274
KEIS	-5.3274
DIWE	-5.3274
FTOH	-5.3274
ALOV	-5.3274
YLEO	-5.3274
TSNA	-5.3274
FERM	-5.3274
FMAK	-5.3274
LLMR	-5.3274
AYFA	-5.3274
WERY	-5.3274
CHFE	-5.3274
IFTA	-5.3274
FUSA	-5.3274
DYBE	-5.3274
ATGE	-5.3274
FAGO	-5.3274
NCAU	-5.3274
LYSM	-5.3274
CRIS	-5.3274
SOPO	-5.3274
UELO	-5.3274
NSFI	-5.3274
VEWR	-5.3274
SADL	-5.3274
SATM	-5.3274
URYH	-5.3274
OUGR	-5.3274
HYIS	-5.3274
TSMY	-5.3274
DBLI	-5.3274
LYID	-5.3274
PERY	-5.3274
ATOM	-5.3274
OBOT	-5.3274
EJOU	-5.3274
OFNU	-5.3274
HJUS	-5.3274
GEXP	-5.3274
ODIW	-5.3274
SSIX	-5.3274
RLEF	-5.3274
CHOP	-5.3274
SIRH	-5.3274
ARUP	-5.3274
EENQ	-5.3274
DFAM	-5.3274
LYVI	-5.3274
HRIN	-5.3274
LWEA	-5.3274
SSIW	-5.3274
LEXA	-5.3274
HITO	-5.3274
GWIN	-5.3274
HSIR	-5.3274
IFEV	-5.3274
NSOV	-5.3274
IREE	-5.3274
YOPP	-5.3274
NEAP	-5.3274
LLQU	-5.3274
CKYT	-5.3274
ETET	-5.3274
OREQ	-5.3274
ANPE	-5.3274
LFBY	-5.3274
ODYF	-5.3274
MFUL	-5.3274
WKIN	-5.3274
ENUI	-5.3274
ESRI	-5.3274
ADBA	-5.3274
ORJU	-5.3274
UDEI	-5.3274
FORV	-5.3274
NAHI	-5.3274
YORD	-5.3274
OPST	-5.3274
TRYB	-5.3274
WATT	-5.3274
DLYL	-5.3274
GHTK	-5.3274
UNSP	-5.3274
WSEE	-5.3274
LPIN	-5.3274
ISAH	-5.3274
RAYW	-5.3274
ORMW	-5.3274
BYWO	-5.3274
OWPA	-5.3274
URSB	-5.3274
KILY	-5.3274
PONC	-5.3274
OHON	-5.3274
WHYM	-5.3274
WFAR	-5.3274
DORF	-5.3274
YLOW	-5.3274
GSSE	-5.3274
MYBA	-5.3274
ISEP	-5.3274
LLAU	-5.3274
BYAP	-5.3274
TORF	-5.3274
YBEO	-5.3274
KSAR	-5.3274
LFIR	-5.3274
PTRE	-5.3274
UMPI	-5.3274
NLAM	-5.3274
ITFE	-5.3274
WSWE	-5.3274
ALSC	-5.3274
WINN	-5.3274
NBOU	-5.3274
LWED	-5.3274
GSMO	-5.3274
TILO	-5.3274
DMYT	-5.3274
CKEA	-5.3274
VISH	-5.3274
RGEI	-5.3274
RCET	-5.3274
MCAM	-5.3274
IMNA	-5.3274
GRIT	-5.3274
RFOL	-5.3274
SAHO	-5.3274
UEAS	-5.3274
SSUD	-5.3274
MTOJ	-5.3274
TACA	-5.3274
NCHH	-5.3274
ALTY	-5.3274
RINP	-5.3274
NOBR	-5.3274
EMAB	-5.3274
GCAR	-5.3274
HANP	-5.3274
EDKI	-5.3274
EXTA	-5.3274
IMTA	-5.3274
RUSW	-5.3274
RGUI	-5.3274
POTO	-5.3274
GITU	-5.3274
VEWO	-5.3274
OCUS	-5.3274
SILK	-5.3274
DEMB	-5.3274
NMON	-5.3274
HBYA	-5.3274
CUSH	-5.3274
FARC	-5.3274
HBYW	-5.3274
ULLP	-5.3274
EDBI	-5.3274
NEAD	-5.3274
OGOF	-5.3274
HSHI	-5.3274
YLEG	-5.3274
OGGE	-5.3274
AVOR	-5.3274
DFRU	-5.3274
LSUN	-5.3274
RROS	-5.3274
NGJO	-5.3274
IMBL	-5.3274
EELB	-5.3274
DPLU	-5.3274
FFED	-5.3274
RYUP	-5.3274
FUNC	-5.3274
IDFI	-5.3274
OASI	-5.3274
USCL	-5.3274
HUPT	-5.3274
SPUL	-5.3274
SSCE	-5.3274
AKAB	-5.3274
HYDE	-5.3274
LAHT	-5.3274
HTYH	-5.3274
PHIR	-5.3274
AMHI	-5.3274
GOFG	-5.3274
MYRO	-5.3274
APIL	-5.3274
ACOA	-5.3274
FNAP	-5.3274
HTYT	-5.3274
RLAM	-5.3274
NGOE	-5.3274
WARP	-5.3274
GUEL	-5.3274
OFZA	-5.3274
FIGS	-5.3274
NBAL	-5.3274
DWID	-5.3274
IMKI	-5.3274
EYFL	-5.3274
NDAZ	-5.3274
DAHH	-5.3274
ICAH	-5.3274
IAHB	-5.3274
VIDB	-5.3274
GDAV	-5.3274
FFOO	-5.3274
RCYE	-5.3274
CYEN	-5.3274
DNTH	-5.3274
DNTB	-5.3274
TICW	-5.3274
DUCH	-5.3274
NNIB	-5.3274
SEYM	-5.3274
AJOR	-5.3274
LUBB	-5.3274
UHAU	-5.3274
IUEM	-5.3274
OFAU	-5.3379
CHFI	-5.3379
HEEQ	-5.3379
UALF	-5.3379
DUSE	-5.3379
AWNA	-5.3379
TUNN	-5.3379
YASE	-5.3379
OUMR	-5.3379
HEDY	-5.3379
MAPL	-5.3379
KEWE	-5.3379
TMRK	-5.3379
EDOS	-5.3379
HMYD	-5.3379
LANN	-5.3379
YEMP	-5.3379
NLYY	-5.3379
HIDO	-5.3379
RSUF	-5.3379
MHAR	-5.3379
SESG	-5.3379
OSOR	-5.3379
MRPE	-5.3379
RUMO	-5.3379
EEDU	-5.3379
LYKI	-5.3379
SREN	-5.3379
DLIS	-5.3379
WARF	-5.3379
VITI	-5.3379
SOCC	-5.3379
NOYO	-5.3379
TIFS	-5.3379
YIDE	-5.3379
RYOT	-5.3379
RWON	-5.3379
AWKW	-5.3379
WKWA	-5.3379
APSM	-5.3379
SORM	-5.3379
TSUI	-5.3379
HONH	-5.3379
GETW	-5.3379
APSY	-5.3379
OWSN	-5.3379
RAMM	-5.3379
ANEY	-5.3379
BRIL	-5.3379
TEPI	-5.3379
FMYD	-5.3379
GHAB	-5.3379
FOFF	-5.3379
YFEW	-5.3379
GTHS	-5.3379
NOIT	-5.3379
IITH	-5.3379
RWRI	-5.3379
WNOU	-5.3379
ECTN	-5.3379
OMSW	-5.3379
GOFC	-5.3379
NVAL	-5.3379
LFET	-5.3379
TTYA	-5.3379
PAYF	-5.3379
GLYW	-5.3379
STCL	-5.3379
LIKN	-5.3379
VEKE	-5.3379
EWSF	-5.3379
ALAU	-5.3379
NSFE	-5.3379
AWTO	-5.3379
HOMM	-5.3379
KIES	-5.3379
GOTU	-5.3379
NRAN	-5.3379
MASW	-5.3379
ZZLI	-5.3379
ZLIN	-5.3379
YLLA	-5.3379
DSOE	-5.3379
WEHE	-5.3379
OFOO	-5.3379
DATW	-5.3379
LETD	-5.3379
OETI	-5.3379
RTSS	-5.3379
NIFH	-5.3379
LAFO	-5.3379
WWHY	-5.3379
ANKF	-5.3379
GANW	-5.3379
DUPB	-5.3379
RMYN	-5.3379
OWMI	-5.3379
SHEU	-5.3379
NJOI	-5.3379
WOMI	-5.3379
YMAI	-5.3379
SLYD	-5.3379
GEAT	-5.3379
ONIO	-5.3379
UCIN	-5.3379
LAFF	-5.3379
UTPO	-5.3379
YSAS	-5.3379
TUSO	-5.3379
WGRE	-5.3379
UGHU	-5.3379
TSBY	-5.3379
HTCA	-5.3379
ROAS	-5.3379
ICEP	-5.3379
DUTI	-5.3379
KESW	-5.3379
YSNO	-5.3379
REOB	-5.3379
EYFI	-5.3379
ASSN	-5.3379
RGEP	-5.3379
RARR	-5.3379
YPOL	-5.3379
TAYO	-5.3379
TITG	-5.3379
GDRI	-5.3379
SOPP	-5.3379
OFOB	-5.3379
UALH	-5.3379
INUI	-5.3379
LARB	-5.3379
ARTP	-5.3379
LAUS	-5.3379
AUSI	-5.3379
PICA	-5.3379
SATB	-5.3379
CEOV	-5.3379
UDTO	-5.3379
ACHP	-5.3379
DLEI	-5.3379
UWEL	-5.3379
FMES	-5.3379
IEDD	-5.3379
ADOV	-5.3379
NTYM	-5.3379
DEUR	-5.3379
SIXM	-5.3379
HAUS	-5.3379
VEBA	-5.3379
FLIV	-5.3379
LLGL	-5.3379
UCAM	-5.3379
GOFP	-5.3379
NSAG	-5.3379
ONUM	-5.3379
SECI	-5.3379
PERU	-5.3379
YERO	-5.3379
ONJO	-5.3379
CEFA	-5.3379
KTOY	-5.3379
EYSM	-5.3379
GHWE	-5.3379
NSOW	-5.3379
DLYO	-5.3379
EPTF	-5.3379
NERM	-5.3379
ICOF	-5.3379
ULWO	-5.3379
ATSN	-5.3379
WRIS	-5.3379
TETR	-5.3379
OBIN	-5.3379
HDAN	-5.3379
KONI	-5.3379
ESUG	-5.3379
OTDA	-5.3379
IPWH	-5.3379
HPUT	-5.3379
TATM	-5.3379
STUC	-5.3379
EAAS	-5.3379
REWB	-5.3379
ILEC	-5.3379
ABOL	-5.3379
NGAI	-5.3379
RUSO	-5.3379
LDOA	-5.3379
AMEV	-5.3379
EMYG	-5.3379
MESD	-5.3379
OUPU	-5.3379
SOUP	-5.3379
LAZY	-5.3379
RANU	-5.3379
BYTO	-5.3379
AMAB	-5.3379
RORF	-5.3379
YPOI	-5.3379
DUSK	-5.3379
NYNO	-5.3379
AWFO	-5.3379
PELI	-5.3379
YBEB	-5.3379
LLJO	-5.3379
INDG	-5.3379
UNER	-5.3379
NGCU	-5.3379
LTCO	-5.3379
YLAI	-5.3379
AWED	-5.3379
DAHE	-5.3379
ASFL	-5.3379
GSIS	-5.3379
HIAN	-5.3379
AMSW	-5.3379
ITGA	-5.3379
NALD	-5.3379
FBEC	-5.3379
SEXE	-5.3379
DORC	-5.3379
OWSF	-5.3379
LAYB	-5.3379
DSDE	-5.3379
NIZE	-5.3379
HMAC	-5.3379
YLAR	-5.3379
CONI	-5.3379
UDSO	-5.3379
EPWI	-5.3379
CALD	-5.3379
FCAL	-5.3379
ICSO	-5.3379
COBB	-5.3379
MCAP	-5.3379
LOIT	-5.3379
PSON	-5.3379
TYMO	-5.3379
HWES	-5.3379
WERP	-5.3379
SHOV	-5.3379
LDBL	-5.3379
OTSL	-5.3379
DBIT	-5.3379
DHEU	-5.3379
LYSL	-5.3379
BEEL	-5.3379
FELA	-5.3379
SITR	-5.3379
YPIT	-5.3379
MYYO	-5.3379
UBBO	-5.3379
EMAM	-5.3379
ARKD	-5.3379
TFIL	-5.3379
DAYP	-5.3379
LICS	-5.3379
HENK	-5.3379
ORNH	-5.3379
ICHK	-5.3379
TYED	-5.3379
LTTA	-5.3379
OSLA	-5.3379
REWW	-5.3379
HUZZ	-5.3379
VOWS	-5.3379
HAUL	-5.3379
RCYU	-5.3379
MWOO	-5.3379
MPST	-5.3379
RPIE	-5.3379
FBUR	-5.3379
GUEB	-5.3379
CRAN	-5.3379
EJOR	-5.3379
AROT	-5.3379
GILG	-5.3379
RSVI	-5.3379
ELIL	-5.3379
FJON	-5.3379
OIAK	-5.3379
ZARK	-5.3379
SROL	-5.3379
AUNC	-5.3379
TCAE	-5.3379
DNTS	-5.3379
WEEL	-5.3379
CADE	-5.3379
SSEY	-5.3379
NIBA	-5.3379
ILSI	-5.3486
FHAP	-5.3486
GLEF	-5.3486
DDOM	-5.3486
SNOC	-5.3486
LIEU	-5.3486
TAPI	-5.3486
WICA	-5.3486
LASC	-5.3486
ORIL	-5.3486
TITP	-5.3486
UALE	-5.3486
MFAR	-5.3486
NSYO	-5.3486
UNTY	-5.3486
MAFA	-5.3486
AFAV	-5.3486
HETY	-5.3486
VOWE	-5.3486
NADO	-5.3486
LTOC	-5.3486
TEWO	-5.3486
EKTO	-5.3486
ELIH	-5.3486
BYBE	-5.3486
KEDV	-5.3486
RDTA	-5.3486
UADR	-5.3486
IDAY	-5.3486
OTEW	-5.3486
ASGE	-5.3486
UCKB	-5.3486
BYCH	-5.3486
EDUE	-5.3486
YBEY	-5.3486
CHOC	-5.3486
GESB	-5.3486
YOBL	-5.3486
KEFI	-5.3486
YITM	-5.3486
YHEM	-5.3486
YBER	-5.3486
RYIM	-5.3486
UNEO	-5.3486
RBIR	-5.3486
MERU	-5.3486
EFIC	-5.3486
EWUP	-5.3486
HATQ	-5.3486
TQUA	-5.3486
OFFU	-5.3486
YLIE	-5.3486
MAAC	-5.3486
RDIR	-5.3486
NGVA	-5.3486
OONP	-5.3486
CHKI	-5.3486
ALFL	-5.3486
ENRY	-5.3486
AYAP	-5.3486
XTTH	-5.3486
BERB	-5.3486
DEPO	-5.3486
RLYE	-5.3486
WNDE	-5.3486
MPRU	-5.3486
HOAS	-5.3486
NOTJ	-5.3486
OOBE	-5.3486
ONAW	-5.3486
GECA	-5.3486
YFRA	-5.3486
SOBJ	-5.3486
EORM	-5.3486
NSSU	-5.3486
UBEL	-5.3486
PEEP	-5.3486
EPED	-5.3486
GORE	-5.3486
IMRO	-5.3486
GTUR	-5.3486
DEAP	-5.3486
LEEF	-5.3486
LEOL	-5.3486
OUTJ	-5.3486
OWTR	-5.3486
LOFO	-5.3486
DEXE	-5.3486
ILDF	-5.3486
GESE	-5.3486
WNSU	-5.3486
ORQU	-5.3486
LYIL	-5.3486
WNRE	-5.3486
RYVE	-5.3486
ELPS	-5.3486
ALNE	-5.3486
AGRO	-5.3486
IXIN	-5.3486
FLAW	-5.3486
IFHI	-5.3486
MLOO	-5.3486
SADR	-5.3486
RASY	-5.3486
ACUL	-5.3486
UBES	-5.3486
GHAM	-5.3486
OSPO	-5.3486
ASEE	-5.3486
ROCC	-5.3486
GCOL	-5.3486
OISM	-5.3486
FJUS	-5.3486
GHBE	-5.3486
YREL	-5.3486
EENK	-5.3486
NSCE	-5.3486
EISJ	-5.3486
YANI	-5.3486
MONF	-5.3486
GEMY	-5.3486
ODME	-5.3486
OUIH	-5.3486
EMNI	-5.3486
RLYR	-5.3486
EPEL	-5.3486
EMDE	-5.3486
AYAW	-5.3486
MYHU	-5.3486
GOWH	-5.3486
SGIR	-5.3486
ASGL	-5.3486
GNIN	-5.3486
THYY	-5.3486
FASU	-5.3486
GONW	-5.3486
IALF	-5.3486
EDUR	-5.3486
XHAU	-5.3486
MADM	-5.3486
LDKN	-5.3486
NTBO	-5.3486
SHAY	-5.3486
RMYC	-5.3486
TMYG	-5.3486
EACU	-5.3486
ITOV	-5.3486
EALD	-5.3486
MBEN	-5.3486
SISL	-5.3486
THTI	-5.3486
MKNO	-5.3486
DDEG	-5.3486
DULY	-5.3486
LVOI	-5.3486
ICWH	-5.3486
APUR	-5.3486
OUSJ	-5.3486
TENP	-5.3486
NPAT	-5.3486
OWRA	-5.3486
MYUN	-5.3486
NSOA	-5.3486
BYSH	-5.3486
LTOP	-5.3486
MYFU	-5.3486
LTYA	-5.3486
ASEP	-5.3486
USAD	-5.3486
DRYL	-5.3486
HTEV	-5.3486
NEPL	-5.3486
TISJ	-5.3486
YGUI	-5.3486
OTGR	-5.3486
DADR	-5.3486
LTOL	-5.3486
DMED	-5.3486
NTFE	-5.3486
MEEA	-5.3486
UNOR	-5.3486
AAMT	-5.3486
MCAN	-5.3486
FMID	-5.3486
ECOW	-5.3486
HACA	-5.3486
WNAM	-5.3486
PINK	-5.3486
EMSI	-5.3486
DABU	-5.3486
USYE	-5.3486
OKEM	-5.3486
HLIG	-5.3486
EFUN	-5.3486
BALM	-5.3486
EGTH	-5.3486
NGJE	-5.3486
APAL	-5.3486
LSEV	-5.3486
NCHM	-5.3486
BETU	-5.3486
ITHK	-5.3486
WELO	-5.3486
SETD	-5.3486
HHOU	-5.3486
GCAP	-5.3486
FNOW	-5.3486
OWDR	-5.3486
MENR	-5.3486
ARNS	-5.3486
YDIV	-5.3486
UNLO	-5.3486
SSAV	-5.3486
RBER	-5.3486
MARS	-5.3486
REIP	-5.3486
OVEU	-5.3486
MTWE	-5.3486
EEPN	-5.3486
EESB	-5.3486
URTW	-5.3486
NONW	-5.3486
DGOE	-5.3486
IEOF	-5.3486
NPAU	-5.3486
HTUS	-5.3486
CEBR	-5.3486
AILD	-5.3486
RISC	-5.3486
UUNT	-5.3486
AHRE	-5.3486
AZAN	-5.3486
IDBA	-5.3486
OBTH	-5.3486
BOWD	-5.3486
TDRO	-5.3486
DMAL	-5.3486
MBAL	-5.3486
HBLA	-5.3486
ADOG	-5.3486
RLOI	-5.3486
SYEH	-5.3486
HSWO	-5.3486
OILF	-5.3486
HAAN	-5.3486
YTAB	-5.3486
MOLT	-5.3486
NWOO	-5.3486
LUNC	-5.3486
AHIM	-5.3486
UDST	-5.3486
HYGR	-5.3486
OARO	-5.3486
EJER	-5.3486
IANP	-5.3486
FJOA	-5.3486
APLY	-5.3486
OMAH	-5.3486
ZECH	-5.3486
CATO	-5.3486
ECAE	-5.3486
BUFF	-5.3486
WALE	-5.3486
HBOY	-5.3486
SYLU	-5.3486
YLUM	-5.3486
DRMI	-5.3486
KILT	-5.3486
CEIU	-5.3486
MAWO	-5.3596
KOFW	-5.3596
FUNE	-5.3596
DTAU	-5.3596
ILYR	-5.3596
GMUS	-5.3596
FSOF	-5.3596
LALW	-5.3596
KEGO	-5.3596
UGOT	-5.3596
WOFI	-5.3596
LEYH	-5.3596
YOBS	-5.3596
HMYC	-5.3596
KSNO	-5.3596
ONDL	-5.3596
FDOI	-5.3596
KSHI	-5.3596
YAWO	-5.3596
CTSI	-5.3596
RICI	-5.3596
LSEP	-5.3596
POTH	-5.3596
YALM	-5.3596
FAFA	-5.3596
ITYU	-5.3596
QUAN	-5.3596
HYSP	-5.3596
NCYW	-5.3596
NPOL	-5.3596
OTPL	-5.3596
HAFR	-5.3596
HSWI	-5.3596
EXUL	-5.3596
XULT	-5.3596
GMRS	-5.3596
URON	-5.3596
NISU	-5.3596
HASR	-5.3596
RBOO	-5.3596
YWEE	-5.3596
NFOO	-5.3596
UUND	-5.3596
IRML	-5.3596
SYTH	-5.3596
WNIS	-5.3596
ZEDI	-5.3596
EYIS	-5.3596
DCOA	-5.3596
WNRI	-5.3596
BYAR	-5.3596
HEXP	-5.3596
IALP	-5.3596
ETIW	-5.3596
IFEM	-5.3596
PMYS	-5.3596
MHOM	-5.3596
LDIC	-5.3596
NNOS	-5.3596
DLYM	-5.3596
OSTV	-5.3596
OUCR	-5.3596
GOFD	-5.3596
APEC	-5.3596
HEMV	-5.3596
KADE	-5.3596
PETA	-5.3596
YEBU	-5.3596
GATL	-5.3596
WPRO	-5.3596
TYEV	-5.3596
UBTA	-5.3596
TOYE	-5.3596
YNON	-5.3596
SHHA	-5.3596
TSOV	-5.3596
RSIX	-5.3596
CESY	-5.3596
OGIE	-5.3596
LIDS	-5.3596
UDOS	-5.3596
SCIR	-5.3596
SAYL	-5.3596
THNA	-5.3596
NLIN	-5.3596
NETY	-5.3596
FIES	-5.3596
NVAS	-5.3596
TSAP	-5.3596
BLEV	-5.3596
UEAL	-5.3596
LDMI	-5.3596
FGOI	-5.3596
USAC	-5.3596
RTEL	-5.3596
TCHU	-5.3596
TMEL	-5.3596
YBOO	-5.3596
NAYE	-5.3596
ELDM	-5.3596
IRIA	-5.3596
MUPT	-5.3596
ODAC	-5.3596
WINH	-5.3596
NCHB	-5.3596
NDOC	-5.3596
GADI	-5.3596
OLYS	-5.3596
BLYO	-5.3596
WENE	-5.3596
WOMO	-5.3596
ALMN	-5.3596
AGIS	-5.3596
ANEC	-5.3596
IREV	-5.3596
OIDI	-5.3596
KEMO	-5.3596
WNES	-5.3596
OYSW	-5.3596
URAF	-5.3596
FIAN	-5.3596
YASO	-5.3596
RTYB	-5.3596
NKIS	-5.3596
UTIK	-5.3596
SKNI	-5.3596
EHEO	-5.3596
OMEQ	-5.3596
HEAW	-5.3596
ZEDH	-5.3596
EVAT	-5.3596
DUCI	-5.3596
CHPO	-5.3596
SBAD	-5.3596
LOPI	-5.3596
BEHU	-5.3596
UAGA	-5.3596
INOB	-5.3596
EETC	-5.3596
WTOS	-5.3596
IEDY	-5.3596
NESL	-5.3596
NHOM	-5.3596
REKI	-5.3596
MALT	-5.3596
REYW	-5.3596
GATJ	-5.3596
DAPL	-5.3596
TSRI	-5.3596
ADTI	-5.3596
HSAW	-5.3596
OYIT	-5.3596
AYAR	-5.3596
GHFA	-5.3596
RMSH	-5.3596
NBUI	-5.3596
DOLI	-5.3596
EAMP	-5.3596
DTID	-5.3596
HIWA	-5.3596
DEMI	-5.3596
UTOL	-5.3596
USPL	-5.3596
RLAU	-5.3596
BRAR	-5.3596
LDUS	-5.3596
DIDU	-5.3596
DACA	-5.3596
KESS	-5.3596
DITP	-5.3596
MSEV	-5.3596
OUHI	-5.3596
EDOP	-5.3596
OKEL	-5.3596
UTDA	-5.3596
OFOP	-5.3596
MIFY	-5.3596
FYYO	-5.3596
DFET	-5.3596
UTEW	-5.3596
IEFC	-5.3596
OCOR	-5.3596
HEOD	-5.3596
ODIO	-5.3596
HSPI	-5.3596
REWM	-5.3596
YBOR	-5.3596
NSOH	-5.3596
RSOV	-5.3596
IDEY	-5.3596
ETFU	-5.3596
SMEM	-5.3596
EAHI	-5.3596
HEYV	-5.3596
SNOF	-5.3596
UTOO	-5.3596
ULOR	-5.3596
CUIT	-5.3596
EEDC	-5.3596
TALC	-5.3596
EITG	-5.3596
DSRE	-5.3596
EAMM	-5.3596
SBLU	-5.3596
DSPL	-5.3596
IEDG	-5.3596
RAYB	-5.3596
STYA	-5.3596
CLOV	-5.3596
LTLE	-5.3596
OADF	-5.3596
LISI	-5.3596
LDEP	-5.3596
HSTE	-5.3596
ROFK	-5.3596
NGNI	-5.3596
OFWR	-5.3596
NTET	-5.3596
TREI	-5.3596
ALSF	-5.3596
NKME	-5.3596
RSAU	-5.3596
TADA	-5.3596
HFAR	-5.3596
UCKO	-5.3596
MCHA	-5.3596
LEFU	-5.3596
DPIL	-5.3596
TURY	-5.3596
TAGU	-5.3596
FARW	-5.3596
NDRY	-5.3596
NSUD	-5.3596
NLEN	-5.3596
YFIG	-5.3596
DSBY	-5.3596
NSNE	-5.3596
OPTO	-5.3596
PLIF	-5.3596
TTAR	-5.3596
NETT	-5.3596
FSEA	-5.3596
LFAI	-5.3596
RAHT	-5.3596
DRIP	-5.3596
GISI	-5.3596
CKSB	-5.3596
NKNE	-5.3596
HMEB	-5.3596
HSLE	-5.3596
PARR	-5.3596
EFED	-5.3596
IEFE	-5.3596
UTNA	-5.3596
LSOG	-5.3596
AMPT	-5.3596
PEOR	-5.3596
RSOE	-5.3596
MSEN	-5.3596
ODSB	-5.3596
NHEP	-5.3596
EDLU	-5.3596
EPAM	-5.3596
NSYM	-5.3596
LCOV	-5.3596
IDPI	-5.3596
MSHI	-5.3596
ELID	-5.3596
ETFA	-5.3596
ABYS	-5.3596
BEEF	-5.3596
COUC	-5.3596
ELSB	-5.3596
EYEF	-5.3596
FNIG	-5.3596
BIBL	-5.3596
ILAH	-5.3596
CAIN	-5.3596
APHE	-5.3596
NSBR	-5.3596
RRAH	-5.3596
NBOW	-5.3596
OKAW	-5.3596
DLEV	-5.3596
AKEK	-5.3596
ZTHE	-5.3596
FISS	-5.3596
USFI	-5.3596
AELU	-5.3596
HEOX	-5.3596
IMBR	-5.3596
IENO	-5.3596
HPUR	-5.3596
LTPU	-5.3596
NSEU	-5.3596
NSTN	-5.3596
NEPI	-5.3596
INBI	-5.3596
TYEB	-5.3596
LOAV	-5.3596
IDEJ	-5.3596
DEJO	-5.3596
BAST	-5.3596
GROP	-5.3596
LMOU	-5.3596
AHWI	-5.3596
CALV	-5.3596
LAGO	-5.3596
FACR	-5.3596
LOMA	-5.3596
SKIE	-5.3596
HYIT	-5.3596
THVA	-5.3596
YAHA	-5.3596
OAKE	-5.3596
FBLA	-5.3596
PKIN	-5.3596
XHOR	-5.3596
IMPI	-5.3596
WAVI	-5.3596
RAZE	-5.3596
CRAZ	-5.3596
DRAL	-5.3596
BORS	-5.3596
MUSK	-5.3596
RCLI	-5.3596
BAFF	-5.3596
DMUN	-5.3596
HAOS	-5.3596
AUEB	-5.3596
MECL	-5.3709
TGRI	-5.3709
AMUC	-5.3709
LYCI	-5.3709
WOKE	-5.3709
KEUS	-5.3709
GWAL	-5.3709
AFAN	-5.3709
TIFW	-5.3709
CHIR	-5.3709
KEMI	-5.3709
RMRE	-5.3709
NUNS	-5.3709
LOFE	-5.3709
PASH	-5.3709
ITMR	-5.3709
TGIR	-5.3709
HBLE	-5.3709
YDAN	-5.3709
SIXP	-5.3709
EESU	-5.3709
CTFU	-5.3709
NACQ	-5.3709
ARFE	-5.3709
TBLU	-5.3709
SYIN	-5.3709
MIRI	-5.3709
UMIS	-5.3709
ACYA	-5.3709
NTMR	-5.3709
ISMR	-5.3709
ANSD	-5.3709
UNFE	-5.3709
FWEL	-5.3709
GASM	-5.3709
NSOP	-5.3709
LPAB	-5.3709
YOBJ	-5.3709
ALPH	-5.3709
TIPR	-5.3709
TMEU	-5.3709
AYGR	-5.3709
OHYO	-5.3709
ONOS	-5.3709
NOLA	-5.3709
VEAD	-5.3709
HINL	-5.3709
LCRE	-5.3709
TADO	-5.3709
TYDI	-5.3709
LTRI	-5.3709
ITAW	-5.3709
ONEJ	-5.3709
ETEX	-5.3709
EDHU	-5.3709
UINA	-5.3709
NEDY	-5.3709
ODOP	-5.3709
VEKI	-5.3709
BEYT	-5.3709
SEDD	-5.3709
RIPR	-5.3709
ROFN	-5.3709
YASP	-5.3709
XING	-5.3709
CHTE	-5.3709
SOBA	-5.3709
LURE	-5.3709
SEFF	-5.3709
EEPC	-5.3709
HNOS	-5.3709
SYLL	-5.3709
IPPL	-5.3709
WOLI	-5.3709
LQUI	-5.3709
WLYA	-5.3709
SOCL	-5.3709
RUEI	-5.3709
DMAM	-5.3709
WNRO	-5.3709
MESN	-5.3709
WEOU	-5.3709
ATTW	-5.3709
HNTH	-5.3709
MCAL	-5.3709
IFEC	-5.3709
ODOO	-5.3709
NMEE	-5.3709
PTUP	-5.3709
NYNA	-5.3709
MCRI	-5.3709
LDIR	-5.3709
YACR	-5.3709
GKNO	-5.3709
TBAT	-5.3709
VICI	-5.3709
OMLO	-5.3709
NTVE	-5.3709
HINB	-5.3709
LFTR	-5.3709
OFTU	-5.3709
OIDA	-5.3709
TEAF	-5.3709
UNTF	-5.3709
TSSP	-5.3709
ERSV	-5.3709
ANAU	-5.3709
HTRI	-5.3709
GBLO	-5.3709
DOCO	-5.3709
DCOO	-5.3709
LFST	-5.3709
RPOL	-5.3709
ADPE	-5.3709
NRIC	-5.3709
SMOD	-5.3709
NGEC	-5.3709
ZEOF	-5.3709
UALP	-5.3709
ETDI	-5.3709
ANOC	-5.3709
ILWE	-5.3709
CETA	-5.3709
HETT	-5.3709
YFAS	-5.3709
RDOY	-5.3709
NERD	-5.3709
FMYG	-5.3709
LMUS	-5.3709
ARMB	-5.3709
SUPA	-5.3709
OKSH	-5.3709
KCOU	-5.3709
RRYO	-5.3709
RCHR	-5.3709
AHAW	-5.3709
HOKE	-5.3709
NJEC	-5.3709
PTAL	-5.3709
GSIR	-5.3709
POTW	-5.3709
ADMY	-5.3709
FPRA	-5.3709
TESD	-5.3709
HOPS	-5.3709
GDES	-5.3709
RABA	-5.3709
MCOU	-5.3709
IZEN	-5.3709
HAHO	-5.3709
SHWA	-5.3709
DEDG	-5.3709
FLYA	-5.3709
NERF	-5.3709
ICSA	-5.3709
UDEB	-5.3709
SOOU	-5.3709
MEFU	-5.3709
EATK	-5.3709
AHBU	-5.3709
WWIN	-5.3709
NIDI	-5.3709
RSIF	-5.3709
TYLO	-5.3709
ARYR	-5.3709
AROO	-5.3709
RMYT	-5.3709
WDED	-5.3709
IRID	-5.3709
ENWR	-5.3709
RMEE	-5.3709
HDEV	-5.3709
TMYR	-5.3709
MGIV	-5.3709
UIVE	-5.3709
VESY	-5.3709
RSIO	-5.3709
HACR	-5.3709
KSHO	-5.3709
AAMI	-5.3709
STIV	-5.3709
UGHG	-5.3709
IRHI	-5.3709
EPNO	-5.3709
ATJU	-5.3709
UTHC	-5.3709
EMPH	-5.3709
UASK	-5.3709
DACE	-5.3709
NINJ	-5.3709
QUEL	-5.3709
URYS	-5.3709
YMEL	-5.3709
FARD	-5.3709
ADAW	-5.3709
USEX	-5.3709
RFIL	-5.3709
TBAN	-5.3709
HTIW	-5.3709
TREW	-5.3709
FJOH	-5.3709
HOMD	-5.3709
DAHB	-5.3709
SEBL	-5.3709
IMFA	-5.3709
ACKR	-5.3709
OMNE	-5.3709
IGID	-5.3709
FTWI	-5.3709
GMIN	-5.3709
LTST	-5.3709
USBY	-5.3709
OOLM	-5.3709
OSSB	-5.3709
YHEE	-5.3709
TUPS	-5.3709
HINR	-5.3709
LOWR	-5.3709
HUSD	-5.3709
WNET	-5.3709
SLOT	-5.3709
RGEL	-5.3709
ETAF	-5.3709
PSES	-5.3709
NHIN	-5.3709
HOFR	-5.3709
OWAG	-5.3709
GSAY	-5.3709
SUET	-5.3709
YMOV	-5.3709
KSUN	-5.3709
BYLI	-5.3709
LPOU	-5.3709
OTER	-5.3709
MENU	-5.3709
RREV	-5.3709
NILE	-5.3709
IMRI	-5.3709
MRPA	-5.3709
TOLL	-5.3709
RBIT	-5.3709
AYAC	-5.3709
NTEO	-5.3709
INJO	-5.3709
IDIE	-5.3709
ARLA	-5.3709
CATS	-5.3709
RDAP	-5.3709
LOUN	-5.3709
IZAT	-5.3709
DIEF	-5.3709
EANF	-5.3709
ALTK	-5.3709
URFL	-5.3709
LACH	-5.3709
NAYB	-5.3709
FTYR	-5.3709
LEEU	-5.3709
LIEW	-5.3709
JATH	-5.3709
EMAJ	-5.3709
DIMS	-5.3709
HYFI	-5.3709
BANS	-5.3709
BSTE	-5.3709
BENH	-5.3709
YEWO	-5.3709
LYEB	-5.3709
EYFA	-5.3709
CRYS	-5.3709
TJEH	-5.3709
CKUN	-5.3709
KSGI	-5.3709
OGOU	-5.3709
HFLO	-5.3709
DCRU	-5.3709
YLOT	-5.3709
HURL	-5.3709
HYJU	-5.3709
NKAR	-5.3709
EILA	-5.3709
FLAP	-5.3709
EOPA	-5.3709
DODO	-5.3709
OKER	-5.3709
RFIE	-5.3709
EPIP	-5.3709
ZEBE	-5.3709
IDPA	-5.3709
DAZZ	-5.3709
SVOY	-5.3709
NIAC	-5.3709
RUTE	-5.3709
DNTK	-5.3709
PORP	-5.3709
UEGA	-5.3709
OWDS	-5.3709
AUEY	-5.3709
AUEM	-5.3709
AUEI	-5.3709
RASF	-5.3825
NYDI	-5.3825
NYAL	-5.3825
TALR	-5.3825
UIAM	-5.3825
YAVE	-5.3825
USEG	-5.3825
LSIR	-5.3825
WBAC	-5.3825
TYSI	-5.3825
LEID	-5.3825
MAWI	-5.3825
RSOH	-5.3825
DLYR	-5.3825
OHDE	-5.3825
AGOT	-5.3825
EISY	-5.3825
AWNT	-5.3825
YPIC	-5.3825
RMTO	-5.3825
SLYO	-5.3825
HODE	-5.3825
NYAT	-5.3825
SKHI	-5.3825
LFCH	-5.3825
FEDI	-5.3825
GHTJ	-5.3825
LDPU	-5.3825
UDGI	-5.3825
OPTI	-5.3825
IPFO	-5.3825
RATR	-5.3825
TAYT	-5.3825
EDVA	-5.3825
LECI	-5.3825
NYFA	-5.3825
UDEF	-5.3825
GOAS	-5.3825
FASE	-5.3825
ETPR	-5.3825
RALY	-5.3825
DLAT	-5.3825
HAFI	-5.3825
FLUC	-5.3825
KIAM	-5.3825
YISE	-5.3825
LYGE	-5.3825
OKYO	-5.3825
YRIC	-5.3825
RRUL	-5.3825
CHCR	-5.3825
IALM	-5.3825
XATI	-5.3825
ENIU	-5.3825
NAFA	-5.3825
NOSH	-5.3825
SONP	-5.3825
AMGL	-5.3825
STVE	-5.3825
SOCH	-5.3825
WOCO	-5.3825
EATV	-5.3825
MYKI	-5.3825
MRJO	-5.3825
NTMU	-5.3825
KEOR	-5.3825
ABEG	-5.3825
ETMI	-5.3825
NDEY	-5.3825
TEBR	-5.3825
IDRA	-5.3825
FSOR	-5.3825
UOUG	-5.3825
PTMY	-5.3825
AVEV	-5.3825
FOUT	-5.3825
NGWR	-5.3825
RYSL	-5.3825
GLYI	-5.3825
HANR	-5.3825
GHET	-5.3825
NEWR	-5.3825
UNEI	-5.3825
UTVE	-5.3825
GHEL	-5.3825
NEIA	-5.3825
ARIF	-5.3825
RSEX	-5.3825
DATB	-5.3825
AYCH	-5.3825
IMSP	-5.3825
SOAB	-5.3825
WNCA	-5.3825
WNMI	-5.3825
ROZE	-5.3825
GOAL	-5.3825
ESSV	-5.3825
NSEM	-5.3825
AKBU	-5.3825
GHAV	-5.3825
REDJ	-5.3825
LVEM	-5.3825
OOIN	-5.3825
KEEV	-5.3825
WOLA	-5.3825
LLWR	-5.3825
ASGA	-5.3825
NTPO	-5.3825
TERX	-5.3825
LARD	-5.3825
NFAS	-5.3825
ANBA	-5.3825
KNIT	-5.3825
EPWH	-5.3825
PENF	-5.3825
SULL	-5.3825
ELAP	-5.3825
ILDC	-5.3825
YFIE	-5.3825
IWHO	-5.3825
EYSI	-5.3825
NKBE	-5.3825
ILIF	-5.3825
PREJ	-5.3825
ETIA	-5.3825
NOEN	-5.3825
UNHE	-5.3825
DRUG	-5.3825
RSGR	-5.3825
OSWI	-5.3825
ITPE	-5.3825
TYHO	-5.3825
REMP	-5.3825
MALW	-5.3825
TSOP	-5.3825
ETAW	-5.3825
ILEL	-5.3825
TAVO	-5.3825
FFIF	-5.3825
STCE	-5.3825
UGOI	-5.3825
FONL	-5.3825
ITIH	-5.3825
RORM	-5.3825
TFAM	-5.3825
GORD	-5.3825
EEPR	-5.3825
IEFW	-5.3825
MEPL	-5.3825
DAUN	-5.3825
MWEH	-5.3825
ISIR	-5.3825
OTHP	-5.3825
NWON	-5.3825
SMYM	-5.3825
MADD	-5.3825
YDIR	-5.3825
NELC	-5.3825
LSLE	-5.3825
BUTK	-5.3825
ATIB	-5.3825
ILAS	-5.3825
LMEI	-5.3825
SIFE	-5.3825
GOSH	-5.3825
PSWH	-5.3825
MPHI	-5.3825
SIPA	-5.3825
NTPL	-5.3825
XFOR	-5.3825
AYWO	-5.3825
OUIW	-5.3825
GEWO	-5.3825
HANL	-5.3825
GERP	-5.3825
LTCA	-5.3825
HLYI	-5.3825
OTUS	-5.3825
EETY	-5.3825
THHU	-5.3825
UNOB	-5.3825
PTOB	-5.3825
LWHY	-5.3825
YKEP	-5.3825
TBOA	-5.3825
NEIM	-5.3825
IAML	-5.3825
CEGO	-5.3825
PETT	-5.3825
OITE	-5.3825
ULON	-5.3825
SSDO	-5.3825
VESD	-5.3825
USYA	-5.3825
ONNA	-5.3825
AITW	-5.3825
NGIB	-5.3825
LTOU	-5.3825
EWFR	-5.3825
PNOT	-5.3825
SASB	-5.3825
UDEC	-5.3825
YSAK	-5.3825
OOTW	-5.3825
ROUC	-5.3825
ALMU	-5.3825
YENC	-5.3825
OHSH	-5.3825
LMAY	-5.3825
TTIE	-5.3825
RDEE	-5.3825
OATL	-5.3825
PINC	-5.3825
FCLO	-5.3825
TYFI	-5.3825
RGEW	-5.3825
WOHO	-5.3825
OHED	-5.3825
TEBO	-5.3825
STTU	-5.3825
TAHE	-5.3825
WSTA	-5.3825
KUPA	-5.3825
EPUS	-5.3825
UGOO	-5.3825
EYCH	-5.3825
SLYH	-5.3825
GELT	-5.3825
YCAT	-5.3825
LLIU	-5.3825
OBRU	-5.3825
ADAU	-5.3825
USFE	-5.3825
IEFH	-5.3825
TUSM	-5.3825
GSFR	-5.3825
GNIG	-5.3825
HOFJ	-5.3825
OYIS	-5.3825
HSER	-5.3825
DBID	-5.3825
RENL	-5.3825
FFOU	-5.3825
GHNE	-5.3825
BINS	-5.3825
MIAN	-5.3825
GSLI	-5.3825
YEDU	-5.3825
MDEN	-5.3825
AYGI	-5.3825
YPIE	-5.3825
HENV	-5.3825
KALS	-5.3825
HTTI	-5.3825
EGOU	-5.3825
SHAC	-5.3825
TATS	-5.3825
ULAB	-5.3825
ICOR	-5.3825
HSEV	-5.3825
HNDA	-5.3825
RCEN	-5.3825
NONI	-5.3825
NLYU	-5.3825
CHEW	-5.3825
IESG	-5.3825
FILI	-5.3825
OULH	-5.3825
RITR	-5.3825
WTHR	-5.3825
ALSY	-5.3825
ERLU	-5.3825
ODEI	-5.3825
AVAN	-5.3825
RPIN	-5.3825
HMEF	-5.3825
CHOE	-5.3825
ULCA	-5.3825
PAMI	-5.3825
BWHI	-5.3825
IMTW	-5.3825
VANE	-5.3825
COLA	-5.3825
LOAN	-5.3825
KIRJ	-5.3825
RJAT	-5.3825
YROL	-5.3825
IWHI	-5.3825
HGAT	-5.3825
RGOL	-5.3825
AROD	-5.3825
ILOH	-5.3825
TUSD	-5.3825
DBON	-5.3825
TYEW	-5.3825
LOCU	-5.3825
PTHS	-5.3825
LMTR	-5.3825
HURW	-5.3825
TROW	-5.3825
NKSG	-5.3825
AROW	-5.3825
MOIS	-5.3825
HUNN	-5.3825
HCHO	-5.3825
RSAM	-5.3825
UTTU	-5.3825
SKYT	-5.3825
SHTA	-5.3825
OJOA	-5.3825
ULKI	-5.3825
UBLO	-5.3825
WIPE	-5.3825
EUNU	-5.3825
LUMT	-5.3825
UERU	-5.3825
NCRA	-5.3825
ADOO	-5.3825
TTIS	-5.3825
EXHO	-5.3825
GRIP	-5.3825
AZZL	-5.3825
SPOM	-5.3825
ORVE	-5.3944
ACYO	-5.3944
ILDN	-5.3944
GPAS	-5.3944
DAMU	-5.3944
LEKN	-5.3944
IARL	-5.3944
RYSC	-5.3944
GHCO	-5.3944
YACQ	-5.3944
TNEC	-5.3944
MHAT	-5.3944
EUSW	-5.3944
CEIC	-5.3944
MESY	-5.3944
RTSE	-5.3944
OMAI	-5.3944
VEDC	-5.3944
RYAC	-5.3944
RNOM	-5.3944
SREJ	-5.3944
KVER	-5.3944
HHAP	-5.3944
EBYO	-5.3944
NYCA	-5.3944
APSW	-5.3944
ESDR	-5.3944
FACC	-5.3944
IGHR	-5.3944
LUEE	-5.3944
OMPU	-5.3944
UALR	-5.3944
LPAN	-5.3944
LARP	-5.3944
MMAL	-5.3944
OTCL	-5.3944
KATI	-5.3944
DHUS	-5.3944
RDAB	-5.3944
GFAR	-5.3944
MYNO	-5.3944
HTIH	-5.3944
LKSO	-5.3944
DYCA	-5.3944
SEMU	-5.3944
SROA	-5.3944
SHSO	-5.3944
LYUS	-5.3944
SMRE	-5.3944
RGEH	-5.3944
TABA	-5.3944
YSOI	-5.3944
IMUL	-5.3944
VEXA	-5.3944
EXAT	-5.3944
SAFL	-5.3944
LFRA	-5.3944
WWEL	-5.3944
CTBE	-5.3944
ONOH	-5.3944
DDTH	-5.3944
SFAN	-5.3944
SSPL	-5.3944
NFAV	-5.3944
NYMI	-5.3944
SSOE	-5.3944
TFAV	-5.3944
OGIS	-5.3944
DAFR	-5.3944
KSOR	-5.3944
OCER	-5.3944
HNAT	-5.3944
NEXE	-5.3944
OTBA	-5.3944
ERNF	-5.3944
EMEY	-5.3944
HOFW	-5.3944
PPYB	-5.3944
NITR	-5.3944
ASKF	-5.3944
SORP	-5.3944
LFRI	-5.3944
ENSM	-5.3944
YSIM	-5.3944
YSCR	-5.3944
SACQ	-5.3944
SACL	-5.3944
FEOR	-5.3944
ATVI	-5.3944
HMAT	-5.3944
GITB	-5.3944
EUNR	-5.3944
ABBY	-5.3944
TFEW	-5.3944
KITT	-5.3944
POMP	-5.3944
BYAF	-5.3944
AMYS	-5.3944
TACQ	-5.3944
APEI	-5.3944
PUTD	-5.3944
TPAY	-5.3944
CULO	-5.3944
ZEDW	-5.3944
BMIS	-5.3944
TEFA	-5.3944
EITP	-5.3944
CLED	-5.3944
OHEM	-5.3944
GREP	-5.3944
NEOT	-5.3944
RYBY	-5.3944
OESB	-5.3944
ERAU	-5.3944
YSYM	-5.3944
IFLI	-5.3944
GEVI	-5.3944
BEET	-5.3944
DENR	-5.3944
PEDM	-5.3944
FSEC	-5.3944
PSSH	-5.3944
ATOO	-5.3944
RBYA	-5.3944
GHEN	-5.3944
YMEM	-5.3944
PHEN	-5.3944
RNWA	-5.3944
ODOL	-5.3944
MALM	-5.3944
NTUS	-5.3944
DMRG	-5.3944
FAXA	-5.3944
AXAN	-5.3944
VELT	-5.3944
FTUR	-5.3944
YREN	-5.3944
NHEN	-5.3944
YFIV	-5.3944
DEUS	-5.3944
KHEW	-5.3944
WBEF	-5.3944
TUSC	-5.3944
LKIA	-5.3944
SAYC	-5.3944
NDEB	-5.3944
TESY	-5.3944
UNDD	-5.3944
FEFR	-5.3944
TIRO	-5.3944
NGCI	-5.3944
CEDR	-5.3944
NTTR	-5.3944
YNEW	-5.3944
GETR	-5.3944
IGOU	-5.3944
MSAT	-5.3944
SHMY	-5.3944
NIME	-5.3944
RHAB	-5.3944
RSOS	-5.3944
NDSK	-5.3944
ATLU	-5.3944
NMAT	-5.3944
WBER	-5.3944
DYWO	-5.3944
FGIV	-5.3944
GDEL	-5.3944
RORB	-5.3944
IMOV	-5.3944
EBOI	-5.3944
TORP	-5.3944
FFIS	-5.3944
FSAT	-5.3944
DBYD	-5.3944
HBEI	-5.3944
BOWT	-5.3944
YCOA	-5.3944
REKE	-5.3944
LGLO	-5.3944
TSKI	-5.3944
ILDU	-5.3944
NLAU	-5.3944
ROBL	-5.3944
RUNW	-5.3944
AIRD	-5.3944
VABL	-5.3944
ODAB	-5.3944
WMEN	-5.3944
NVOI	-5.3944
CHTA	-5.3944
RSSP	-5.3944
EMMY	-5.3944
OILW	-5.3944
CKIL	-5.3944
KIDO	-5.3944
UPYO	-5.3944
REIL	-5.3944
SMEI	-5.3944
DMYR	-5.3944
NSHU	-5.3944
TEEV	-5.3944
AKEG	-5.3944
NMYG	-5.3944
NUIT	-5.3944
DUEO	-5.3944
RNOB	-5.3944
RCHB	-5.3944
REDV	-5.3944
AKSA	-5.3944
CHFU	-5.3944
NEYB	-5.3944
NTSY	-5.3944
TMYN	-5.3944
GPRI	-5.3944
DORH	-5.3944
DIAS	-5.3944
NKWA	-5.3944
FFRE	-5.3944
KTOS	-5.3944
MRSO	-5.3944
SBYW	-5.3944
IGHG	-5.3944
PESI	-5.3944
IPSY	-5.3944
AUAN	-5.3944
ERGU	-5.3944
CYSE	-5.3944
SEFL	-5.3944
PSAS	-5.3944
CULE	-5.3944
ESKE	-5.3944
OLDJ	-5.3944
FDIV	-5.3944
TESN	-5.3944
YSAV	-5.3944
EPSH	-5.3944
DRUS	-5.3944
EAMW	-5.3944
TBYW	-5.3944
TUSF	-5.3944
SOTA	-5.3944
ANUM	-5.3944
HROB	-5.3944
TURK	-5.3944
FSOU	-5.3944
HLAD	-5.3944
FLAD	-5.3944
LCRO	-5.3944
RDFA	-5.3944
DHOS	-5.3944
GAMI	-5.3944
LPOW	-5.3944
IGRE	-5.3944
YEWA	-5.3944
DLER	-5.3944
FBRO	-5.3944
NBOD	-5.3944
WBYT	-5.3944
GYEA	-5.3944
GHUP	-5.3944
GOTS	-5.3944
IEWH	-5.3944
NMEW	-5.3944
GNTH	-5.3944
TMEG	-5.3944
PSCO	-5.3944
UTHL	-5.3944
HTBR	-5.3944
LENS	-5.3944
NMYR	-5.3944
ODAG	-5.3944
EXAS	-5.3944
DKER	-5.3944
OMTW	-5.3944
ODDS	-5.3944
GBAR	-5.3944
ECKH	-5.3944
AMHO	-5.3944
NIHE	-5.3944
ODSF	-5.3944
TARU	-5.3944
EEBR	-5.3944
LSTU	-5.3944
ELRE	-5.3944
IDUE	-5.3944
RIBS	-5.3944
HCUR	-5.3944
SHAH	-5.3944
EJEB	-5.3944
DBAB	-5.3944
TWIX	-5.3944
WIXT	-5.3944
FMYR	-5.3944
MMOC	-5.3944
ILTN	-5.3944
HURI	-5.3944
OBSA	-5.3944
COBT	-5.3944
TUSN	-5.3944
OKYE	-5.3944
ILGR	-5.3944
NSRO	-5.3944
DRUL	-5.3944
IPEA	-5.3944
ALTF	-5.3944
MPSA	-5.3944
CROP	-5.3944
FFOF	-5.3944
ABWH	-5.3944
ABTO	-5.3944
CHOA	-5.3944
BESW	-5.3944
CHBA	-5.3944
BASS	-5.3944
IBBE	-5.3944
HGIL	-5.3944
EFES	-5.3944
TUMP	-5.3944
TSAU	-5.3944
ISPH	-5.3944
ILAC	-5.3944
LEMF	-5.3944
ORJE	-5.3944
NPEL	-5.3944
ECKW	-5.3944
IRTS	-5.3944
SPIK	-5.3944
YDIA	-5.3944
RJES	-5.3944
CENA	-5.3944
DIOT	-5.3944
ERNL	-5.3944
LUEB	-5.3944
IMLY	-5.3944
OUET	-5.3944
TODD	-5.3944
YHAU	-5.3944
OYTO	-5.4066
ROWC	-5.4066
LFDE	-5.4066
ONRA	-5.4066
UALD	-5.4066
GHEV	-5.4066
NYAC	-5.4066
SREQ	-5.4066
ACAM	-5.4066
OEXE	-5.4066
URYW	-5.4066
RMRW	-5.4066
ALKN	-5.4066
TTYW	-5.4066
OHUR	-5.4066
ACIR	-5.4066
LASW	-5.4066
HOWV	-5.4066
EALU	-5.4066
OYHA	-5.4066
LEOP	-5.4066
ADBY	-5.4066
EWWE	-5.4066
ACHC	-5.4066
EVEO	-5.4066
DUNL	-5.4066
YONC	-5.4066
FAFO	-5.4066
SSQU	-5.4066
OLWH	-5.4066
GADE	-5.4066
COAR	-5.4066
INDD	-5.4066
FFAB	-5.4066
TLYN	-5.4066
LESR	-5.4066
MMAY	-5.4066
SSNA	-5.4066
OTBO	-5.4066
ROBJ	-5.4066
ARWO	-5.4066
EDVO	-5.4066
LAGR	-5.4066
UNMO	-5.4066
LYWR	-5.4066
BLYD	-5.4066
ATVA	-5.4066
RATS	-5.4066
TEED	-5.4066
GASY	-5.4066
WSNO	-5.4066
EAGI	-5.4066
PHEA	-5.4066
HORM	-5.4066
YIFI	-5.4066
GIMP	-5.4066
TEPO	-5.4066
YONA	-5.4066
LDAP	-5.4066
PPYH	-5.4066
TSAD	-5.4066
HSMA	-5.4066
GFLA	-5.4066
USMU	-5.4066
FAFR	-5.4066
OBRA	-5.4066
HAFE	-5.4066
DENV	-5.4066
OWCH	-5.4066
UREX	-5.4066
HPRA	-5.4066
OSIM	-5.4066
NIWO	-5.4066
ARMF	-5.4066
OBEK	-5.4066
GHIH	-5.4066
ASYA	-5.4066
CANV	-5.4066
HAPO	-5.4066
HSET	-5.4066
RNTI	-5.4066
KSSH	-5.4066
NMEM	-5.4066
OOWH	-5.4066
OSOF	-5.4066
FHOP	-5.4066
LYHU	-5.4066
TSOD	-5.4066
NEWY	-5.4066
CYFO	-5.4066
HTDI	-5.4066
WLIT	-5.4066
TAID	-5.4066
PEIS	-5.4066
IDVE	-5.4066
KFUL	-5.4066
RBOY	-5.4066
SSIH	-5.4066
UNMA	-5.4066
VEAW	-5.4066
WLES	-5.4066
OROB	-5.4066
GHMY	-5.4066
HEWS	-5.4066
IEFF	-5.4066
YACH	-5.4066
SAUT	-5.4066
YEDN	-5.4066
VECR	-5.4066
GUPH	-5.4066
URSF	-5.4066
UPBU	-5.4066
OKDO	-5.4066
LMNE	-5.4066
NVIO	-5.4066
RJAN	-5.4066
RISM	-5.4066
SNOA	-5.4066
GINP	-5.4066
XCLU	-5.4066
SHIV	-5.4066
IDOB	-5.4066
FIST	-5.4066
GEBY	-5.4066
GNON	-5.4066
DSEI	-5.4066
WNME	-5.4066
GWAY	-5.4066
URNN	-5.4066
FTNO	-5.4066
DWAV	-5.4066
FAVE	-5.4066
TNOD	-5.4066
IMSW	-5.4066
ENTJ	-5.4066
MINP	-5.4066
FCUR	-5.4066
GAPA	-5.4066
CANL	-5.4066
NAUT	-5.4066
LEXE	-5.4066
UTYI	-5.4066
UNAS	-5.4066
LSUB	-5.4066
NYLE	-5.4066
EJUM	-5.4066
POFS	-5.4066
NESD	-5.4066
SEEP	-5.4066
NFIV	-5.4066
FERF	-5.4066
RYTA	-5.4066
WSMA	-5.4066
CLOA	-5.4066
USIF	-5.4066
HINP	-5.4066
ODPE	-5.4066
AROA	-5.4066
HOPA	-5.4066
OGLO	-5.4066
OWBO	-5.4066
SENF	-5.4066
ITBA	-5.4066
UKNE	-5.4066
OACO	-5.4066
EONF	-5.4066
UOFT	-5.4066
YWEH	-5.4066
MINF	-5.4066
BLOT	-5.4066
UREV	-5.4066
TSUM	-5.4066
MIDO	-5.4066
ULLR	-5.4066
YORI	-5.4066
CEPA	-5.4066
GOAB	-5.4066
SASG	-5.4066
DILA	-5.4066
YGRI	-5.4066
OGOW	-5.4066
HOPW	-5.4066
EBAK	-5.4066
KYET	-5.4066
AMYO	-5.4066
EWSE	-5.4066
SASD	-5.4066
TYLA	-5.4066
EMTA	-5.4066
KOVE	-5.4066
FBAS	-5.4066
HAGE	-5.4066
IART	-5.4066
LANI	-5.4066
HMYH	-5.4066
EUPS	-5.4066
MNOM	-5.4066
ODBR	-5.4066
DILO	-5.4066
TINR	-5.4066
LIPA	-5.4066
OYSH	-5.4066
THWR	-5.4066
ANFL	-5.4066
ANIW	-5.4066
NKBU	-5.4066
RTSM	-5.4066
GACR	-5.4066
GHMA	-5.4066
HTRO	-5.4066
AWYO	-5.4066
YISL	-5.4066
LMSO	-5.4066
EGIP	-5.4066
UPPR	-5.4066
DDEM	-5.4066
KAHA	-5.4066
OTOG	-5.4066
TEMY	-5.4066
ISTY	-5.4066
GETF	-5.4066
LCLO	-5.4066
RDUR	-5.4066
ATOV	-5.4066
LCLE	-5.4066
UECO	-5.4066
UBIL	-5.4066
ODGO	-5.4066
ACID	-5.4066
DELU	-5.4066
WISI	-5.4066
DOPP	-5.4066
UNBU	-5.4066
TECL	-5.4066
CYSH	-5.4066
GPOO	-5.4066
EGAY	-5.4066
SLYC	-5.4066
NCHW	-5.4066
HORD	-5.4066
NDSD	-5.4066
NSEB	-5.4066
NNEO	-5.4066
FTST	-5.4066
HGLO	-5.4066
EEKM	-5.4066
HOOP	-5.4066
IBUL	-5.4066
EPPI	-5.4066
FLEB	-5.4066
ATGL	-5.4066
GMAC	-5.4066
UTHR	-5.4066
HOHE	-5.4066
EEKO	-5.4066
FMIG	-5.4066
TOGL	-5.4066
RGON	-5.4066
LAYU	-5.4066
NHEE	-5.4066
CKDO	-5.4066
APAU	-5.4066
IANL	-5.4066
ABDI	-5.4066
IARD	-5.4066
REOL	-5.4066
GHGO	-5.4066
GWEA	-5.4066
ULOV	-5.4066
NISW	-5.4066
ALDR	-5.4066
AMIR	-5.4066
LENH	-5.4066
QUIN	-5.4066
BBOR	-5.4066
DYAR	-5.4066
NLAY	-5.4066
UROL	-5.4066
UPSA	-5.4066
OLYN	-5.4066
EUPE	-5.4066
MBOU	-5.4066
UDEL	-5.4066
LSID	-5.4066
AMSS	-5.4066
NRAG	-5.4066
ACHD	-5.4066
LIEI	-5.4066
ECUN	-5.4066
HYVO	-5.4066
IDBL	-5.4066
AMNA	-5.4066
ERIZ	-5.4066
LWAT	-5.4066
HEGH	-5.4066
NJAC	-5.4066
TJAC	-5.4066
ILAL	-5.4066
HJUD	-5.4066
EZEB	-5.4066
BSTO	-5.4066
TIMN	-5.4066
NPHA	-5.4066
YELO	-5.4066
TBOU	-5.4066
CKBO	-5.4066
TROT	-5.4066
NBAS	-5.4066
CINN	-5.4066
IAHI	-5.4066
THNI	-5.4066
HMOU	-5.4066
KARD	-5.4066
SCRY	-5.4066
RMEF	-5.4066
ILSP	-5.4066
DMIC	-5.4066
NIRO	-5.4066
IAWA	-5.4066
RUAN	-5.4066
SLEV	-5.4066
HPOW	-5.4066
OUES	-5.4066
TMUR	-5.4066
TEVA	-5.4066
EFOX	-5.4066
CIFE	-5.4066
SCAE	-5.4066
SECT	-5.4066
UERO	-5.4066
ALRO	-5.4066
SPIP	-5.4066
LBOY	-5.4066
SNTA	-5.4066
ZATI	-5.4066
EPID	-5.4066
DDRB	-5.4066
BLUB	-5.4066
AWOO	-5.4192
DRIC	-5.4192
NSIX	-5.4192
CKMO	-5.4192
EDEB	-5.4192
YSCH	-5.4192
NSYE	-5.4192
RIWO	-5.4192
NOHU	-5.4192
LDCE	-5.4192
SEMR	-5.4192
HNOI	-5.4192
GFAC	-5.4192
LFEL	-5.4192
YWES	-5.4192
RIZZ	-5.4192
ASBL	-5.4192
ORAY	-5.4192
EIDL	-5.4192
ARPR	-5.4192
OCHU	-5.4192
IALD	-5.4192
ETYR	-5.4192
OCHO	-5.4192
EAUN	-5.4192
LIHO	-5.4192
EXCH	-5.4192
XCHA	-5.4192
PONL	-5.4192
BESC	-5.4192
FTWE	-5.4192
MEDY	-5.4192
YGIR	-5.4192
LSEO	-5.4192
ANEG	-5.4192
LEBI	-5.4192
FTAR	-5.4192
HHIG	-5.4192
ADTR	-5.4192
EGES	-5.4192
GFRI	-5.4192
SBAS	-5.4192
IETE	-5.4192
MPTS	-5.4192
NENI	-5.4192
FTYT	-5.4192
RONF	-5.4192
RISP	-5.4192
DYAT	-5.4192
WNPO	-5.4192
FHEM	-5.4192
NAFL	-5.4192
CLOW	-5.4192
IMIC	-5.4192
YISS	-5.4192
ANMR	-5.4192
ELYU	-5.4192
SAQU	-5.4192
EMRW	-5.4192
MASF	-5.4192
LPOI	-5.4192
AMMU	-5.4192
FGRO	-5.4192
ITYL	-5.4192
YORS	-5.4192
GGIV	-5.4192
KIHA	-5.4192
ITID	-5.4192
EPYO	-5.4192
LIFY	-5.4192
NITD	-5.4192
AMRA	-5.4192
GISE	-5.4192
IMCR	-5.4192
NOCC	-5.4192
IMDI	-5.4192
FLIK	-5.4192
CISM	-5.4192
ALDO	-5.4192
EAHU	-5.4192
YSOA	-5.4192
ODOY	-5.4192
OOST	-5.4192
INDP	-5.4192
OADV	-5.4192
ADMU	-5.4192
RVEO	-5.4192
OPOW	-5.4192
ILAY	-5.4192
NWRI	-5.4192
CYHE	-5.4192
AFES	-5.4192
OMYD	-5.4192
UTCE	-5.4192
ALID	-5.4192
GALM	-5.4192
OISI	-5.4192
TAHI	-5.4192
RAYM	-5.4192
RDSN	-5.4192
LCRY	-5.4192
LEIA	-5.4192
IGHM	-5.4192
URYB	-5.4192
NCLA	-5.4192
MSAS	-5.4192
UALM	-5.4192
AILU	-5.4192
BERF	-5.4192
FROZ	-5.4192
SEIC	-5.4192
GSDO	-5.4192
YSOS	-5.4192
UINH	-5.4192
TRYH	-5.4192
SORN	-5.4192
LMYD	-5.4192
NCTL	-5.4192
LARR	-5.4192
DMEM	-5.4192
GEWE	-5.4192
AMAI	-5.4192
NROO	-5.4192
DWEM	-5.4192
TJOH	-5.4192
LYMR	-5.4192
OHHE	-5.4192
WMYS	-5.4192
SHEJ	-5.4192
NKHO	-5.4192
BBAN	-5.4192
GOBY	-5.4192
ACAT	-5.4192
GFIE	-5.4192
DYDA	-5.4192
YCOO	-5.4192
HTMO	-5.4192
ROWU	-5.4192
RACA	-5.4192
RTYM	-5.4192
LDIV	-5.4192
RLYM	-5.4192
YMYD	-5.4192
THYI	-5.4192
OKLI	-5.4192
FULV	-5.4192
RDUT	-5.4192
METU	-5.4192
YBYA	-5.4192
AHOW	-5.4192
ITUS	-5.4192
EMIM	-5.4192
SIFO	-5.4192
SINU	-5.4192
UIHA	-5.4192
TYHI	-5.4192
ELHO	-5.4192
EPTY	-5.4192
SUNE	-5.4192
IMMU	-5.4192
MNIT	-5.4192
RGRI	-5.4192
RHEK	-5.4192
RONP	-5.4192
OYHE	-5.4192
GONC	-5.4192
YHUR	-5.4192
YLAT	-5.4192
ADYC	-5.4192
SWEC	-5.4192
FAXW	-5.4192
NDUT	-5.4192
RYEL	-5.4192
BLYE	-5.4192
ESTV	-5.4192
EDIU	-5.4192
HTAP	-5.4192
XHIB	-5.4192
WAYP	-5.4192
AYPA	-5.4192
WNEV	-5.4192
TEUP	-5.4192
AINV	-5.4192
PITW	-5.4192
ADSC	-5.4192
ESHC	-5.4192
MEKN	-5.4192
ESRA	-5.4192
RKEE	-5.4192
ODGR	-5.4192
OFGU	-5.4192
RNIA	-5.4192
APSB	-5.4192
EOFK	-5.4192
YEAG	-5.4192
HOWR	-5.4192
OLTS	-5.4192
ONTC	-5.4192
NYGR	-5.4192
YANN	-5.4192
LMEE	-5.4192
TOTW	-5.4192
DMAA	-5.4192
EDUM	-5.4192
NKYE	-5.4192
BYMO	-5.4192
TCRA	-5.4192
PTIC	-5.4192
YDOO	-5.4192
KITO	-5.4192
MSBE	-5.4192
UBRI	-5.4192
GMAY	-5.4192
DUSI	-5.4192
DOUS	-5.4192
DLOC	-5.4192
HCLO	-5.4192
RYQU	-5.4192
SAHI	-5.4192
CTYO	-5.4192
ODCR	-5.4192
RTOK	-5.4192
ANEE	-5.4192
IMAM	-5.4192
ILCO	-5.4192
SUSI	-5.4192
MUTE	-5.4192
EEIH	-5.4192
TMYO	-5.4192
OFUP	-5.4192
DEFA	-5.4192
UTRU	-5.4192
UDIS	-5.4192
KETB	-5.4192
FARS	-5.4192
SLIS	-5.4192
RITN	-5.4192
IFIA	-5.4192
ONGG	-5.4192
TMID	-5.4192
MTIL	-5.4192
RTGO	-5.4192
TIVA	-5.4192
COLU	-5.4192
RNSI	-5.4192
UBET	-5.4192
HLIV	-5.4192
NSIF	-5.4192
EWSB	-5.4192
RDOM	-5.4192
BEOP	-5.4192
KSBU	-5.4192
PTOR	-5.4192
EIFW	-5.4192
HABU	-5.4192
HEDL	-5.4192
MSLE	-5.4192
LDAW	-5.4192
MYBL	-5.4192
RSGA	-5.4192
MHAS	-5.4192
SMOF	-5.4192
IDAM	-5.4192
DIDD	-5.4192
DONY	-5.4192
ODSM	-5.4192
KMEA	-5.4192
GACI	-5.4192
SFIX	-5.4192
FLUS	-5.4192
TAYS	-5.4192
IOTO	-5.4192
FSIR	-5.4192
ODAF	-5.4192
GNSO	-5.4192
NGOA	-5.4192
HWAL	-5.4192
TGAR	-5.4192
HHEN	-5.4192
RSDR	-5.4192
EORY	-5.4192
HSON	-5.4192
FELO	-5.4192
ABOW	-5.4192
PTFR	-5.4192
BYAW	-5.4192
PUND	-5.4192
TICF	-5.4192
BONA	-5.4192
AMPU	-5.4192
UDOW	-5.4192
PSET	-5.4192
LLVI	-5.4192
WBEH	-5.4192
ALKD	-5.4192
IFFS	-5.4192
AZEO	-5.4192
DPIN	-5.4192
MEDG	-5.4192
EPAV	-5.4192
WOSH	-5.4192
GBES	-5.4192
UGLY	-5.4192
LRYM	-5.4192
ATSY	-5.4192
WERD	-5.4192
SHAG	-5.4192
EEIW	-5.4192
EXAN	-5.4192
KETP	-5.4192
PWHO	-5.4192
AULE	-5.4192
FNOR	-5.4192
UNED	-5.4192
AWST	-5.4192
VONS	-5.4192
UFFA	-5.4192
IEFB	-5.4192
MOFI	-5.4192
YTES	-5.4192
RPLU	-5.4192
ONTG	-5.4192
FERU	-5.4192
ACHR	-5.4192
PMIN	-5.4192
IDBY	-5.4192
WLOF	-5.4192
EHIV	-5.4192
IOCH	-5.4192
CKFI	-5.4192
MUNE	-5.4192
DEPH	-5.4192
COBW	-5.4192
HYBL	-5.4192
ATHJ	-5.4192
HYFL	-5.4192
EEPD	-5.4192
RGOE	-5.4192
EPHW	-5.4192
YRRH	-5.4192
AREZ	-5.4192
MYGL	-5.4192
PHAL	-5.4192
NEOV	-5.4192
BACC	-5.4192
LREI	-5.4192
SURY	-5.4192
POME	-5.4192
FTYS	-5.4192
DSKI	-5.4192
RPOT	-5.4192
GBIR	-5.4192
DIEW	-5.4192
LBLO	-5.4192
REYT	-5.4192
EYOK	-5.4192
KTHY	-5.4192
ACKU	-5.4192
RTHQ	-5.4192
KEKN	-5.4192
OPIL	-5.4192
EZIN	-5.4192
HILK	-5.4192
DREZ	-5.4192
EIAH	-5.4192
SIAT	-5.4192
UECA	-5.4192
DLEG	-5.4192
EWAK	-5.4192
EOAR	-5.4192
AFIS	-5.4192
AGDA	-5.4192
GULF	-5.4192
LAZI	-5.4192
NBIL	-5.4192
ASPB	-5.4192
BOMB	-5.4192
MOOR	-5.4192
MMAB	-5.4321
NMRW	-5.4321
LORH	-5.4321
DCEA	-5.4321
NAVA	-5.4321
NINY	-5.4321
YSIX	-5.4321
DSHR	-5.4321
NLIE	-5.4321
AYEX	-5.4321
YSME	-5.4321
ADPO	-5.4321
RYOL	-5.4321
ULTR	-5.4321
FIMA	-5.4321
YALW	-5.4321
TAWI	-5.4321
UMAD	-5.4321
OUQU	-5.4321
OASM	-5.4321
TCEA	-5.4321
LUCT	-5.4321
ADJO	-5.4321
RYGE	-5.4321
REEQ	-5.4321
GYAN	-5.4321
ESGI	-5.4321
LORN	-5.4321
CLEI	-5.4321
EGEO	-5.4321
NDEG	-5.4321
NUNI	-5.4321
RCHS	-5.4321
KCOM	-5.4321
UEEY	-5.4321
GAGI	-5.4321
UETI	-5.4321
FASP	-5.4321
SSOG	-5.4321
MITM	-5.4321
DOZE	-5.4321
RYOB	-5.4321
GHEC	-5.4321
EAYO	-5.4321
ELYY	-5.4321
MYOP	-5.4321
ETMR	-5.4321
UTHN	-5.4321
ODYL	-5.4321
NYYO	-5.4321
SRID	-5.4321
YLIS	-5.4321
LFDO	-5.4321
SDOC	-5.4321
EUNH	-5.4321
HOFC	-5.4321
FTEM	-5.4321
HSUP	-5.4321
OMRI	-5.4321
WNWO	-5.4321
KSSO	-5.4321
OUOB	-5.4321
AIHA	-5.4321
GACO	-5.4321
EDOB	-5.4321
ETYW	-5.4321
UTMU	-5.4321
DUNA	-5.4321
UDOI	-5.4321
WNYO	-5.4321
OWQU	-5.4321
HEIL	-5.4321
TOOE	-5.4321
OOLH	-5.4321
NBON	-5.4321
ETDE	-5.4321
YGET	-5.4321
EETU	-5.4321
RNSW	-5.4321
BETE	-5.4321
SOIW	-5.4321
IDSP	-5.4321
HREF	-5.4321
TDOM	-5.4321
RADM	-5.4321
MARO	-5.4321
TCLA	-5.4321
ANVA	-5.4321
LACT	-5.4321
WTOO	-5.4321
LFSE	-5.4321
WNCH	-5.4321
DOTE	-5.4321
FTOM	-5.4321
PLYM	-5.4321
OUAP	-5.4321
REOT	-5.4321
EACK	-5.4321
ULWE	-5.4321
AGLO	-5.4321
IMBA	-5.4321
TYCH	-5.4321
LTYT	-5.4321
OWAY	-5.4321
ALAW	-5.4321
SUBL	-5.4321
LSIL	-5.4321
FFAR	-5.4321
LTSH	-5.4321
FTOR	-5.4321
WSIT	-5.4321
DDUR	-5.4321
ENYT	-5.4321
IDJO	-5.4321
OVEC	-5.4321
OESF	-5.4321
KESE	-5.4321
RYRA	-5.4321
RRYY	-5.4321
NYUN	-5.4321
RSIH	-5.4321
AVYA	-5.4321
TAUN	-5.4321
LVIS	-5.4321
TBOY	-5.4321
HEYJ	-5.4321
NFEC	-5.4321
OFVO	-5.4321
ADFL	-5.4321
DSAB	-5.4321
ISIL	-5.4321
ANOD	-5.4321
IUSE	-5.4321
OWAC	-5.4321
ASRU	-5.4321
SARD	-5.4321
UONL	-5.4321
OUTK	-5.4321
PMEN	-5.4321
RFAU	-5.4321
VILC	-5.4321
TNOL	-5.4321
EKST	-5.4321
CEVE	-5.4321
UESI	-5.4321
LORO	-5.4321
OSUF	-5.4321
GEAB	-5.4321
YOBE	-5.4321
FFOL	-5.4321
NYTR	-5.4321
DPOR	-5.4321
UESD	-5.4321
NGJA	-5.4321
OLIB	-5.4321
MLON	-5.4321
LSFA	-5.4321
ETYP	-5.4321
WTOA	-5.4321
MERP	-5.4321
MRCH	-5.4321
NEIW	-5.4321
OINO	-5.4321
WPLA	-5.4321
ICTL	-5.4321
DEFY	-5.4321
ADCR	-5.4321
NGCE	-5.4321
EPUP	-5.4321
EUNM	-5.4321
HGAV	-5.4321
AGUI	-5.4321
DIDP	-5.4321
ASTV	-5.4321
MIFI	-5.4321
OHOR	-5.4321
EPIA	-5.4321
NELD	-5.4321
DAYR	-5.4321
EBEP	-5.4321
AGEY	-5.4321
OMYW	-5.4321
OUSK	-5.4321
YEIT	-5.4321
IOFT	-5.4321
ICEG	-5.4321
OUDY	-5.4321
GORI	-5.4321
URYM	-5.4321
LWAN	-5.4321
MEJU	-5.4321
RCUS	-5.4321
NTAP	-5.4321
DAMT	-5.4321
YEDS	-5.4321
GSRE	-5.4321
PEVE	-5.4321
IEWA	-5.4321
CTCO	-5.4321
ILMA	-5.4321
INOP	-5.4321
NBEE	-5.4321
ESAH	-5.4321
ODYD	-5.4321
EFEM	-5.4321
OICA	-5.4321
MYWR	-5.4321
MAIL	-5.4321
GASW	-5.4321
AYEL	-5.4321
AYSJ	-5.4321
EMDI	-5.4321
UREU	-5.4321
RSRI	-5.4321
TYBY	-5.4321
OKHO	-5.4321
HMEE	-5.4321
GSYO	-5.4321
NEDG	-5.4321
SCUE	-5.4321
NCUT	-5.4321
NOBA	-5.4321
RGEM	-5.4321
EDPU	-5.4321
MYAR	-5.4321
URGA	-5.4321
URID	-5.4321
EMYI	-5.4321
STFL	-5.4321
SFRU	-5.4321
OMAY	-5.4321
ASAK	-5.4321
LUSE	-5.4321
TOMU	-5.4321
UGAV	-5.4321
CETU	-5.4321
ADCL	-5.4321
WAKI	-5.4321
NIFA	-5.4321
YNOL	-5.4321
RTYR	-5.4321
WTOG	-5.4321
WYET	-5.4321
RPAU	-5.4321
GEDU	-5.4321
FMYW	-5.4321
DSFA	-5.4321
ONYW	-5.4321
OOLF	-5.4321
AGGA	-5.4321
YUNI	-5.4321
HDOE	-5.4321
ERDW	-5.4321
DACU	-5.4321
RDLA	-5.4321
UEWA	-5.4321
REYH	-5.4321
SUTT	-5.4321
ICRO	-5.4321
GNOM	-5.4321
NIGN	-5.4321
EDPH	-5.4321
LOOP	-5.4321
PSTR	-5.4321
ATOS	-5.4321
VETU	-5.4321
DBOO	-5.4321
ORUP	-5.4321
OFLY	-5.4321
YMEB	-5.4321
DYNA	-5.4321
UABO	-5.4321
NFUR	-5.4321
MSMA	-5.4321
AWWI	-5.4321
TENN	-5.4321
RWID	-5.4321
OLAB	-5.4321
MTUR	-5.4321
OLIA	-5.4321
DFLU	-5.4321
ULPI	-5.4321
LIPH	-5.4321
YENE	-5.4321
YLAY	-5.4321
LPAY	-5.4321
BECI	-5.4321
EVON	-5.4321
AILL	-5.4321
AFUR	-5.4321
STBI	-5.4321
HTOV	-5.4321
RAYF	-5.4321
DSNA	-5.4321
EBYI	-5.4321
IRPI	-5.4321
SFIF	-5.4321
SVAS	-5.4321
ESLU	-5.4321
ODSU	-5.4321
RIDL	-5.4321
SWET	-5.4321
REPT	-5.4321
UNBO	-5.4321
SRUL	-5.4321
LBRU	-5.4321
MEPH	-5.4321
RAIA	-5.4321
IZZI	-5.4321
NTOZ	-5.4321
IEZE	-5.4321
LTGO	-5.4321
ELMI	-5.4321
FGER	-5.4321
BEKA	-5.4321
EAUD	-5.4321
JOTH	-5.4321
SRAC	-5.4321
YPOR	-5.4321
NGEG	-5.4321
DBAA	-5.4321
NSTG	-5.4321
AMPH	-5.4321
MJUD	-5.4321
RDGA	-5.4321
ONVO	-5.4321
WOTA	-5.4321
EANP	-5.4321
AWIC	-5.4321
HFRU	-5.4321
ESCL	-5.4321
FMIC	-5.4321
ANAK	-5.4321
OFAZ	-5.4321
IPED	-5.4321
EYEG	-5.4321
LEEC	-5.4321
ILTE	-5.4321
NTEP	-5.4321
RAPS	-5.4321
EJAW	-5.4321
OEAN	-5.4321
BIAT	-5.4321
AMBR	-5.4321
HAMN	-5.4321
ARBI	-5.4321
IGNW	-5.4321
CAIA	-5.4321
DESF	-5.4321
OERS	-5.4321
ASUE	-5.4321
IGIL	-5.4321
AIES	-5.4321
ETUM	-5.4321
PEDL	-5.4321
ACRY	-5.4321
DCLI	-5.4321
YBRU	-5.4321
FCAE	-5.4321
SLUN	-5.4321
RFLI	-5.4321
FLYE	-5.4321
DUCK	-5.4321
DNTT	-5.4321
SPBE	-5.4321
PBER	-5.4321
NVUL	-5.4321
EIZI	-5.4321
GUTE	-5.4321
TODH	-5.4321
SDTH	-5.4321
TENV	-5.4455
AGOF	-5.4455
ILYL	-5.4455
PAFT	-5.4455
OMFI	-5.4455
FEWP	-5.4455
OFID	-5.4455
HEBY	-5.4455
VETW	-5.4455
RAYD	-5.4455
FAPR	-5.4455
BREL	-5.4455
SOEN	-5.4455
MASE	-5.4455
AYMR	-5.4455
YINL	-5.4455
FENS	-5.4455
VEMU	-5.4455
LEES	-5.4455
AVOW	-5.4455
TEAW	-5.4455
FOFH	-5.4455
NFIT	-5.4455
GERU	-5.4455
NODA	-5.4455
ALGO	-5.4455
IVIA	-5.4455
PAYM	-5.4455
CRAM	-5.4455
IXPE	-5.4455
YABL	-5.4455
OKCO	-5.4455
ADFE	-5.4455
NUET	-5.4455
YIWO	-5.4455
ALOS	-5.4455
RYAM	-5.4455
GASE	-5.4455
ELCH	-5.4455
YLED	-5.4455
NUTS	-5.4455
EIME	-5.4455
YOPI	-5.4455
YWRI	-5.4455
TSEX	-5.4455
LVEY	-5.4455
REWU	-5.4455
TIDA	-5.4455
URLY	-5.4455
CHMR	-5.4455
SURM	-5.4455
LEIH	-5.4455
AGOI	-5.4455
PIND	-5.4455
TSFE	-5.4455
SSBO	-5.4455
RINB	-5.4455
IXTU	-5.4455
FDOO	-5.4455
BERU	-5.4455
TDEG	-5.4455
DOPI	-5.4455
NCYH	-5.4455
RLOW	-5.4455
OLAC	-5.4455
LESG	-5.4455
FMEI	-5.4455
FBIR	-5.4455
SOBY	-5.4455
LFAB	-5.4455
CEIA	-5.4455
PENM	-5.4455
KHEH	-5.4455
BEOB	-5.4455
EPTU	-5.4455
VEIB	-5.4455
MBAC	-5.4455
TBOO	-5.4455
OMYR	-5.4455
EXTW	-5.4455
ARSR	-5.4455
MROU	-5.4455
CEIL	-5.4455
AONE	-5.4455
WOFR	-5.4455
WINC	-5.4455
DOHO	-5.4455
OARR	-5.4455
HTSS	-5.4455
HBYI	-5.4455
IGHC	-5.4455
EYPL	-5.4455
YINP	-5.4455
YSKI	-5.4455
OWTI	-5.4455
HOPR	-5.4455
TWET	-5.4455
PSEO	-5.4455
HTIF	-5.4455
LOCA	-5.4455
URJO	-5.4455
UELW	-5.4455
ILIO	-5.4455
WNNA	-5.4455
ICHU	-5.4455
NLYJ	-5.4455
OCRO	-5.4455
NTAD	-5.4455
YNES	-5.4455
FTRA	-5.4455
URAP	-5.4455
FITN	-5.4455
MHEM	-5.4455
EFIA	-5.4455
BYTW	-5.4455
KINM	-5.4455
GCOV	-5.4455
ZEDO	-5.4455
STKE	-5.4455
PASM	-5.4455
OUJU	-5.4455
EFTN	-5.4455
TRYF	-5.4455
FPOW	-5.4455
OSUD	-5.4455
WNWE	-5.4455
YEQU	-5.4455
FREM	-5.4455
PTAS	-5.4455
GOHE	-5.4455
LLSD	-5.4455
EANL	-5.4455
INAU	-5.4455
CUTH	-5.4455
NHEO	-5.4455
HITU	-5.4455
NKIL	-5.4455
DASN	-5.4455
UTQU	-5.4455
SEKI	-5.4455
LTHT	-5.4455
LOAK	-5.4455
FPOL	-5.4455
GNOI	-5.4455
CKHO	-5.4455
HNOO	-5.4455
YGON	-5.4455
EWNI	-5.4455
ODEE	-5.4455
PTHR	-5.4455
PEWA	-5.4455
GDRE	-5.4455
CILL	-5.4455
ODSC	-5.4455
OXFO	-5.4455
APHY	-5.4455
UNON	-5.4455
LROO	-5.4455
NVIR	-5.4455
ADQU	-5.4455
FTOA	-5.4455
IDPE	-5.4455
FTOD	-5.4455
GBRI	-5.4455
ASUM	-5.4455
DLYG	-5.4455
OMBO	-5.4455
NHIT	-5.4455
ETFI	-5.4455
ODFI	-5.4455
DHIT	-5.4455
INIW	-5.4455
CEBO	-5.4455
ARGI	-5.4455
DWET	-5.4455
KSMI	-5.4455
WOYO	-5.4455
OTBL	-5.4455
DESM	-5.4455
NOOB	-5.4455
OOBJ	-5.4455
OHET	-5.4455
POTI	-5.4455
ADYN	-5.4455
LINV	-5.4455
SACU	-5.4455
LMYF	-5.4455
KEGR	-5.4455
USFL	-5.4455
NSPL	-5.4455
IRLT	-5.4455
SBEW	-5.4455
CITA	-5.4455
UEDB	-5.4455
MEAH	-5.4455
HFAT	-5.4455
PONJ	-5.4455
AYIM	-5.4455
MERF	-5.4455
NNEM	-5.4455
TUPP	-5.4455
LIPR	-5.4455
LSUS	-5.4455
EERL	-5.4455
PONP	-5.4455
GLEI	-5.4455
ADDU	-5.4455
RESD	-5.4455
PEHO	-5.4455
YUPT	-5.4455
LEOB	-5.4455
OLUC	-5.4455
GSBY	-5.4455
LIWA	-5.4455
ETBR	-5.4455
HFLA	-5.4455
RVAI	-5.4455
USNA	-5.4455
SAWB	-5.4455
YHOM	-5.4455
ODFA	-5.4455
TYUN	-5.4455
DSNE	-5.4455
LGOB	-5.4455
HOTT	-5.4455
USKE	-5.4455
LDSM	-5.4455
ICKY	-5.4455
LSED	-5.4455
AILM	-5.4455
ILME	-5.4455
PSBE	-5.4455
FYET	-5.4455
ACEG	-5.4455
IACC	-5.4455
GODK	-5.4455
URVO	-5.4455
SORL	-5.4455
YJOU	-5.4455
CKSU	-5.4455
RCEH	-5.4455
BROI	-5.4455
ITTR	-5.4455
WHYC	-5.4455
EBYL	-5.4455
HUSR	-5.4455
UEON	-5.4455
ILCA	-5.4455
FFSA	-5.4455
SVAN	-5.4455
DAFO	-5.4455
OENQ	-5.4455
HELS	-5.4455
NLOU	-5.4455
OWFI	-5.4455
REWF	-5.4455
EMME	-5.4455
GHMO	-5.4455
SASN	-5.4455
IFYA	-5.4455
SAAN	-5.4455
GHIL	-5.4455
CEAD	-5.4455
VADE	-5.4455
EECA	-5.4455
OOLB	-5.4455
ILHI	-5.4455
GINB	-5.4455
OPOL	-5.4455
RRUN	-5.4455
DVIO	-5.4455
RYMP	-5.4455
YMPL	-5.4455
OKEB	-5.4455
FEDT	-5.4455
ANVI	-5.4455
HMYW	-5.4455
USKN	-5.4455
HBRA	-5.4455
VILU	-5.4455
BUYT	-5.4455
PICU	-5.4455
ERSQ	-5.4455
OUAF	-5.4455
EACL	-5.4455
ANTJ	-5.4455
USDR	-5.4455
ENSF	-5.4455
RUTI	-5.4455
MDES	-5.4455
ECHY	-5.4455
AMEJ	-5.4455
IPHI	-5.4455
NBLI	-5.4455
DRYA	-5.4455
SVEN	-5.4455
UCCO	-5.4455
NREV	-5.4455
HYFR	-5.4455
GOPE	-5.4455
GODP	-5.4455
ESHH	-5.4455
DCUB	-5.4455
ACUB	-5.4455
SWAG	-5.4455
ILFR	-5.4455
GOMO	-5.4455
RAMW	-5.4455
ZITE	-5.4455
ZONT	-5.4455
HROS	-5.4455
HORH	-5.4455
AHCA	-5.4455
ELSL	-5.4455
SAUS	-5.4455
SONJ	-5.4455
RJAC	-5.4455
UKED	-5.4455
COLT	-5.4455
EUPU	-5.4455
WALS	-5.4455
CKSF	-5.4455
IDRI	-5.4455
ATHK	-5.4455
GAPI	-5.4455
DBAD	-5.4455
DTHT	-5.4455
CARB	-5.4455
LINN	-5.4455
ACOW	-5.4455
HTYF	-5.4455
UGEA	-5.4455
HTOJ	-5.4455
RENN	-5.4455
IAIN	-5.4455
IDSS	-5.4455
ERUA	-5.4455
OJEH	-5.4455
ZZIA	-5.4455
SHUL	-5.4455
JOHA	-5.4455
SIPP	-5.4455
NTHC	-5.4455
AHUG	-5.4455
ERUE	-5.4455
MYJA	-5.4455
CAGE	-5.4455
REZZ	-5.4455
SPLU	-5.4455
DCHR	-5.4455
CLAU	-5.4455
VIGI	-5.4455
MNIP	-5.4455
EJUR	-5.4455
LETV	-5.4455
UBBT	-5.4455
MADO	-5.4593
ENYI	-5.4593
HRUB	-5.4593
LHAP	-5.4593
DWIF	-5.4593
DPAY	-5.4593
LSIS	-5.4593
WWEA	-5.4593
EMRK	-5.4593
TCHC	-5.4593
LOFR	-5.4593
NKIC	-5.4593
MAHE	-5.4593
RSAD	-5.4593
HPAI	-5.4593
GIDO	-5.4593
NEID	-5.4593
AOFH	-5.4593
UEDE	-5.4593
RMHE	-5.4593
LTBU	-5.4593
EADJ	-5.4593
ITLY	-5.4593
LDIL	-5.4593
OHIN	-5.4593
ITYP	-5.4593
BEYI	-5.4593
DTAB	-5.4593
ORCL	-5.4593
LBLA	-5.4593
SAGI	-5.4593
TTYG	-5.4593
ORMH	-5.4593
GHSE	-5.4593
ELPY	-5.4593
OHAL	-5.4593
LHAL	-5.4593
AALL	-5.4593
REXE	-5.4593
DSUM	-5.4593
EETD	-5.4593
DNOP	-5.4593
ISSN	-5.4593
YORO	-5.4593
OUIM	-5.4593
YBIR	-5.4593
EMVE	-5.4593
OOPP	-5.4593
FSUR	-5.4593
FEWY	-5.4593
THGE	-5.4593
ECIM	-5.4593
FAFT	-5.4593
TLAR	-5.4593
COPE	-5.4593
TGAI	-5.4593
RMWI	-5.4593
TAHU	-5.4593
FCRE	-5.4593
HSWH	-5.4593
HAHU	-5.4593
IZEW	-5.4593
ESIZ	-5.4593
MIXT	-5.4593
OSAW	-5.4593
EICE	-5.4593
LRUL	-5.4593
AFER	-5.4593
OUBA	-5.4593
MYVI	-5.4593
IRIM	-5.4593
OMAP	-5.4593
MAPP	-5.4593
MEWR	-5.4593
ENOE	-5.4593
EOPI	-5.4593
FFAM	-5.4593
IETN	-5.4593
MSIT	-5.4593
NEYM	-5.4593
DOMR	-5.4593
RBEY	-5.4593
OKSS	-5.4593
EUPB	-5.4593
MMOS	-5.4593
ESHN	-5.4593
RSOA	-5.4593
PENW	-5.4593
OVEE	-5.4593
WBEA	-5.4593
CREC	-5.4593
AIDV	-5.4593
ALYO	-5.4593
FNEC	-5.4593
GITO	-5.4593
BLIM	-5.4593
RKWA	-5.4593
IDOS	-5.4593
SOWO	-5.4593
SOTR	-5.4593
GLEW	-5.4593
RMEB	-5.4593
TATF	-5.4593
NIEC	-5.4593
EKNI	-5.4593
EELF	-5.4593
OOTP	-5.4593
GSER	-5.4593
ENIO	-5.4593
DOAT	-5.4593
EFEC	-5.4593
TANU	-5.4593
BEOR	-5.4593
ETYF	-5.4593
LDKE	-5.4593
MAGR	-5.4593
UNTB	-5.4593
SBYM	-5.4593
FAFE	-5.4593
MSCO	-5.4593
HFRI	-5.4593
FASW	-5.4593
FFSO	-5.4593
WNGO	-5.4593
PEBU	-5.4593
MORB	-5.4593
TASN	-5.4593
ENDD	-5.4593
YESD	-5.4593
OOCC	-5.4593
FEMI	-5.4593
RNTT	-5.4593
OMLI	-5.4593
YSSE	-5.4593
ARCI	-5.4593
MYTI	-5.4593
EARJ	-5.4593
TBAL	-5.4593
HOFP	-5.4593
ASNI	-5.4593
GSDI	-5.4593
LINQ	-5.4593
TOGU	-5.4593
LOTI	-5.4593
AJUS	-5.4593
LADV	-5.4593
LEPU	-5.4593
OONG	-5.4593
YDIN	-5.4593
GETE	-5.4593
YAFE	-5.4593
GPOS	-5.4593
CTME	-5.4593
YDEN	-5.4593
EREK	-5.4593
GHHA	-5.4593
FACI	-5.4593
TAFI	-5.4593
TANW	-5.4593
OHUM	-5.4593
RCUT	-5.4593
IREX	-5.4593
NEWD	-5.4593
NAQU	-5.4593
NSUE	-5.4593
OMBR	-5.4593
SLAP	-5.4593
APTO	-5.4593
NWEC	-5.4593
EWDO	-5.4593
LMRS	-5.4593
OENJ	-5.4593
MDON	-5.4593
BOYO	-5.4593
GITF	-5.4593
ANYK	-5.4593
CHRA	-5.4593
MULE	-5.4593
ACAU	-5.4593
OGLA	-5.4593
TYDO	-5.4593
STQU	-5.4593
TEFI	-5.4593
DWED	-5.4593
LDGA	-5.4593
WRIG	-5.4593
OTIW	-5.4593
SEIG	-5.4593
OINU	-5.4593
IRDW	-5.4593
IDOH	-5.4593
INSN	-5.4593
GHFR	-5.4593
HAZE	-5.4593
HAFO	-5.4593
HORW	-5.4593
EODD	-5.4593
SWOE	-5.4593
LFMA	-5.4593
UPNO	-5.4593
FAPO	-5.4593
KTOB	-5.4593
YASC	-5.4593
TGOW	-5.4593
HRET	-5.4593
HFEL	-5.4593
DESK	-5.4593
RHUM	-5.4593
OTIA	-5.4593
FEWT	-5.4593
FLYT	-5.4593
LILI	-5.4593
UINO	-5.4593
HFRA	-5.4593
LFES	-5.4593
LWEE	-5.4593
NREF	-5.4593
LFSU	-5.4593
IRAP	-5.4593
YEON	-5.4593
TEPR	-5.4593
HCRI	-5.4593
ATIK	-5.4593
ERNC	-5.4593
LONM	-5.4593
MOFW	-5.4593
YFIS	-5.4593
APUB	-5.4593
LMES	-5.4593
EWLA	-5.4593
LSLO	-5.4593
AEVE	-5.4593
MAPO	-5.4593
ULLU	-5.4593
EAKL	-5.4593
IFAL	-5.4593
FTYO	-5.4593
TYNE	-5.4593
EEDD	-5.4593
RHEP	-5.4593
EPOF	-5.4593
ORSD	-5.4593
RAHO	-5.4593
GHID	-5.4593
CKSE	-5.4593
GNEI	-5.4593
PADD	-5.4593
SRUS	-5.4593
OPYO	-5.4593
PTOS	-5.4593
RORN	-5.4593
MRHA	-5.4593
TABU	-5.4593
UPSE	-5.4593
IASM	-5.4593
RIPO	-5.4593
SVAL	-5.4593
CKSS	-5.4593
ARKF	-5.4593
EAAL	-5.4593
MSIR	-5.4593
TOED	-5.4593
AMCA	-5.4593
PHAD	-5.4593
PSAT	-5.4593
SCIN	-5.4593
LENU	-5.4593
NNYS	-5.4593
TGOU	-5.4593
YEYO	-5.4593
NISB	-5.4593
ACIE	-5.4593
DNEC	-5.4593
ANCL	-5.4593
IELI	-5.4593
NTGI	-5.4593
VEGA	-5.4593
LYED	-5.4593
BYSS	-5.4593
EGIL	-5.4593
ONOL	-5.4593
NROL	-5.4593
YITF	-5.4593
ONTF	-5.4593
TSIF	-5.4593
LEVO	-5.4593
TWEB	-5.4593
LLBI	-5.4593
OTIF	-5.4593
ROIC	-5.4593
MONU	-5.4593
FBON	-5.4593
SDEN	-5.4593
RSEU	-5.4593
TUSL	-5.4593
ORYL	-5.4593
IPIS	-5.4593
MURI	-5.4593
LBAC	-5.4593
RISL	-5.4593
FROU	-5.4593
JOBA	-5.4593
KEBR	-5.4593
RAHS	-5.4593
LABI	-5.4593
EBEK	-5.4593
AGOL	-5.4593
GELW	-5.4593
EOAT	-5.4593
BBUT	-5.4593
DUPM	-5.4593
EOXE	-5.4593
LOHE	-5.4593
BAGA	-5.4593
ZEPH	-5.4593
EBIN	-5.4593
DIGA	-5.4593
UPUP	-5.4593
IMBO	-5.4593
YPTB	-5.4593
RYEH	-5.4593
ZIDO	-5.4593
DJOR	-5.4593
ISOT	-5.4593
DIEH	-5.4593
YEOU	-5.4593
ELSP	-5.4593
FTIE	-5.4593
IGHN	-5.4593
UENG	-5.4593
KINC	-5.4593
HESG	-5.4593
YKIL	-5.4593
CRYU	-5.4593
SBER	-5.4593
AMSF	-5.4593
ITFL	-5.4593
BIDI	-5.4593
RNBY	-5.4593
PLOW	-5.4593
BAYO	-5.4593
SENM	-5.4593
NHOS	-5.4593
BOSH	-5.4593
JORA	-5.4593
RGEC	-5.4593
BAAS	-5.4593
PWHA	-5.4593
EBAG	-5.4593
TGOL	-5.4593
DURS	-5.4593
VIER	-5.4593
NZIO	-5.4593
NISF	-5.4593
YDOG	-5.4593
UDBE	-5.4593
SVAI	-5.4593
DDOC	-5.4593
UICE	-5.4593
DROC	-5.4593
KESF	-5.4593
UTEY	-5.4593
ROAK	-5.4593
IMGL	-5.4593
HIER	-5.4593
TICB	-5.4593
HOPK	-5.4593
TUME	-5.4593
CASU	-5.4593
DUTC	-5.4593
DUFF	-5.4593
POLA	-5.4593
RCAE	-5.4593
GRAU	-5.4593
UENS	-5.4593
LORB	-5.4735
ICSH	-5.4735
RMUT	-5.4735
ADAV	-5.4735
IFMY	-5.4735
YIBE	-5.4735
YFAN	-5.4735
FMEE	-5.4735
FESO	-5.4735
TONN	-5.4735
DBOR	-5.4735
YGUE	-5.4735
OUCL	-5.4735
UNAF	-5.4735
LASO	-5.4735
LEYC	-5.4735
HOMN	-5.4735
TEMS	-5.4735
NMOT	-5.4735
OWJU	-5.4735
ALGR	-5.4735
HOFD	-5.4735
NDOA	-5.4735
ODIV	-5.4735
EAVA	-5.4735
RDCH	-5.4735
RLSA	-5.4735
GSOV	-5.4735
GOOS	-5.4735
IMFI	-5.4735
VEVE	-5.4735
PEHA	-5.4735
UPHO	-5.4735
TUPM	-5.4735
LROA	-5.4735
TBEK	-5.4735
ELDY	-5.4735
SAIR	-5.4735
LDMR	-5.4735
YSDO	-5.4735
YOFU	-5.4735
IETM	-5.4735
OHEH	-5.4735
RUEH	-5.4735
DUPR	-5.4735
NYPO	-5.4735
FMUC	-5.4735
SEEE	-5.4735
FSWE	-5.4735
RADD	-5.4735
NTIW	-5.4735
XTUR	-5.4735
MDIS	-5.4735
RAWS	-5.4735
YSOB	-5.4735
MENY	-5.4735
UIND	-5.4735
SAYD	-5.4735
HWHY	-5.4735
UATT	-5.4735
SKIT	-5.4735
FHEI	-5.4735
GBYH	-5.4735
WEIN	-5.4735
RUEF	-5.4735
KOFB	-5.4735
OTOA	-5.4735
ITCR	-5.4735
RGIR	-5.4735
HTAC	-5.4735
NKSU	-5.4735
EPRU	-5.4735
RKHE	-5.4735
DPAP	-5.4735
PTOG	-5.4735
TECE	-5.4735
EAQU	-5.4735
NILO	-5.4735
KBAC	-5.4735
RUEW	-5.4735
IDKI	-5.4735
DEPL	-5.4735
KOFP	-5.4735
NKFU	-5.4735
UTJO	-5.4735
PASI	-5.4735
ALSM	-5.4735
KOFN	-5.4735
IEXP	-5.4735
OSIL	-5.4735
HINV	-5.4735
AGEP	-5.4735
FATL	-5.4735
KWEL	-5.4735
RSTG	-5.4735
YSAD	-5.4735
UGUS	-5.4735
DDLI	-5.4735
PTNO	-5.4735
IDOA	-5.4735
ILYV	-5.4735
YRUN	-5.4735
STMU	-5.4735
UCEA	-5.4735
UTOP	-5.4735
RLDM	-5.4735
OMYT	-5.4735
XEDI	-5.4735
NOWV	-5.4735
YMYL	-5.4735
NRAI	-5.4735
TYDE	-5.4735
ITHQ	-5.4735
OELE	-5.4735
EDDU	-5.4735
AGGR	-5.4735
OORG	-5.4735
UNMI	-5.4735
LCHE	-5.4735
EZES	-5.4735
OTEF	-5.4735
USCI	-5.4735
AASE	-5.4735
BITW	-5.4735
DYST	-5.4735
INTF	-5.4735
SANX	-5.4735
HCHE	-5.4735
ALFM	-5.4735
HFIN	-5.4735
UBSI	-5.4735
ALPL	-5.4735
BIDH	-5.4735
OWAD	-5.4735
EEXH	-5.4735
TAPL	-5.4735
WNPE	-5.4735
TROA	-5.4735
ESKN	-5.4735
VEQU	-5.4735
RMAJ	-5.4735
EVEW	-5.4735
TOPM	-5.4735
ICTT	-5.4735
LEHU	-5.4735
STCU	-5.4735
APEB	-5.4735
IBEW	-5.4735
TICP	-5.4735
FOVE	-5.4735
LYKE	-5.4735
GLYC	-5.4735
KTOD	-5.4735
GORS	-5.4735
RBYH	-5.4735
RYMY	-5.4735
SILO	-5.4735
CKME	-5.4735
DEAH	-5.4735
IMIA	-5.4735
DENN	-5.4735
AYPE	-5.4735
NBYW	-5.4735
YTAS	-5.4735
OXES	-5.4735
CTSS	-5.4735
TMEM	-5.4735
MRET	-5.4735
SMAA	-5.4735
GTOU	-5.4735
AMLA	-5.4735
FADO	-5.4735
SRIV	-5.4735
KSAT	-5.4735
DYNO	-5.4735
VEDD	-5.4735
LSST	-5.4735
OENC	-5.4735
APEW	-5.4735
OSOT	-5.4735
RHUR	-5.4735
FSOD	-5.4735
USAF	-5.4735
AKSO	-5.4735
DYMA	-5.4735
DBYY	-5.4735
FDRE	-5.4735
ETDA	-5.4735
HNEV	-5.4735
IFAS	-5.4735
MLEA	-5.4735
SFAU	-5.4735
AGEE	-5.4735
STJO	-5.4735
ISTP	-5.4735
BYWE	-5.4735
WOST	-5.4735
TIRA	-5.4735
WOOT	-5.4735
ADOC	-5.4735
PNOW	-5.4735
FOFA	-5.4735
RCEC	-5.4735
LUMN	-5.4735
ALSS	-5.4735
ARMC	-5.4735
AHMA	-5.4735
TPIE	-5.4735
HALM	-5.4735
EYTE	-5.4735
USIM	-5.4735
ILYU	-5.4735
DNAY	-5.4735
ALBR	-5.4735
PESS	-5.4735
TAUT	-5.4735
GLYH	-5.4735
RDFE	-5.4735
GSOT	-5.4735
OKSI	-5.4735
YMEF	-5.4735
ILSS	-5.4735
DUSH	-5.4735
MYCR	-5.4735
TADU	-5.4735
ROIL	-5.4735
ETIF	-5.4735
MSAL	-5.4735
NAKI	-5.4735
YEAC	-5.4735
YEMY	-5.4735
URKE	-5.4735
AIMW	-5.4735
ENOG	-5.4735
IFBY	-5.4735
PREL	-5.4735
CLUM	-5.4735
DENQ	-5.4735
EDYI	-5.4735
PUTY	-5.4735
SMIC	-5.4735
UENA	-5.4735
RDIC	-5.4735
DSSI	-5.4735
CKRO	-5.4735
VYAN	-5.4735
YAWH	-5.4735
BECK	-5.4735
EUNB	-5.4735
MPUR	-5.4735
YBAN	-5.4735
DENU	-5.4735
RAGM	-5.4735
NDSR	-5.4735
ADEK	-5.4735
CAMD	-5.4735
ALVI	-5.4735
TSRO	-5.4735
YDAL	-5.4735
ASHR	-5.4735
LFUR	-5.4735
NSAV	-5.4735
CREP	-5.4735
UPHA	-5.4735
GSUR	-5.4735
AMUR	-5.4735
YEUP	-5.4735
CYUP	-5.4735
RNBE	-5.4735
DBUY	-5.4735
CKRE	-5.4735
PUMP	-5.4735
KCON	-5.4735
GCAM	-5.4735
HITN	-5.4735
ICSE	-5.4735
PSID	-5.4735
AUDA	-5.4735
RHEF	-5.4735
ABAC	-5.4735
MRFE	-5.4735
TYFA	-5.4735
TPHI	-5.4735
AFAS	-5.4735
WOBO	-5.4735
EDYA	-5.4735
NTJO	-5.4735
DAMW	-5.4735
WGOO	-5.4735
RDIV	-5.4735
UMSA	-5.4735
LBEK	-5.4735
FTOW	-5.4735
LYEY	-5.4735
BALC	-5.4735
OGAZ	-5.4735
HOBA	-5.4735
UBRE	-5.4735
DBAS	-5.4735
MWEA	-5.4735
VIAN	-5.4735
ATWR	-5.4735
MEBL	-5.4735
LARU	-5.4735
ORDK	-5.4735
DGOU	-5.4735
EOAK	-5.4735
UKET	-5.4735
MDAN	-5.4735
ICRI	-5.4735
PHSA	-5.4735
YBUI	-5.4735
AELG	-5.4735
ZIEL	-5.4735
RDFI	-5.4735
ORCU	-5.4735
HYVI	-5.4735
TIMW	-5.4735
SNUF	-5.4735
NUFF	-5.4735
RBUN	-5.4735
CAUL	-5.4735
HYPA	-5.4735
YVES	-5.4735
ELOG	-5.4735
HHEP	-5.4735
FETI	-5.4735
BWIT	-5.4735
LINY	-5.4735
URCI	-5.4735
RHOS	-5.4735
LISP	-5.4735
FIET	-5.4735
OGTH	-5.4735
ABWA	-5.4735
ENOX	-5.4735
TOZE	-5.4735
IATO	-5.4735
YHID	-5.4735
SOOK	-5.4735
CHOW	-5.4735
LILY	-5.4735
ONAI	-5.4735
KEYA	-5.4735
CROU	-5.4735
EYCL	-5.4735
ULAL	-5.4735
HDAV	-5.4735
VIDD	-5.4735
EBEM	-5.4735
HAIT	-5.4735
HYLE	-5.4735
CYMB	-5.4735
EZRA	-5.4735
NIMS	-5.4735
RIAW	-5.4735
FHAS	-5.4735
LIFO	-5.4735
CKSL	-5.4735
ALSB	-5.4735
IELS	-5.4735
IUSH	-5.4735
PULP	-5.4735
AJEW	-5.4735
SJAW	-5.4735
SSRO	-5.4735
CUPO	-5.4735
RAGS	-5.4735
BBLI	-5.4735
OYWI	-5.4735
ATCE	-5.4735
GDAR	-5.4735
SUSB	-5.4735
RCEF	-5.4735
YJES	-5.4735
TPET	-5.4735
RCRA	-5.4735
FPAU	-5.4735
TICM	-5.4735
EDDY	-5.4735
VULS	-5.4735
WARL	-5.4735
JAPA	-5.4735
MRCA	-5.4735
MRSV	-5.4735
EIUE	-5.4735
ETVS	-5.4735
TEUE	-5.4735
AUED	-5.4735
MAVE	-5.4883
MABE	-5.4883
NKAL	-5.4883
CTUN	-5.4883
RSMY	-5.4883
PANO	-5.4883
KEAV	-5.4883
KENG	-5.4883
IDOI	-5.4883
EBYE	-5.4883
LEYB	-5.4883
TCHY	-5.4883
KEPL	-5.4883
TAMU	-5.4883
ITOH	-5.4883
AYLA	-5.4883
CHGA	-5.4883
LASF	-5.4883
FMRW	-5.4883
MPHO	-5.4883
MTOI	-5.4883
GINV	-5.4883
LINL	-5.4883
UCEM	-5.4883
CEMU	-5.4883
NGDU	-5.4883
TEIG	-5.4883
IEWT	-5.4883
TESR	-5.4883
KTOG	-5.4883
OHEC	-5.4883
KINW	-5.4883
FREF	-5.4883
YADM	-5.4883
DACQ	-5.4883
NAMU	-5.4883
HOWU	-5.4883
TSBA	-5.4883
BEUS	-5.4883
MHEI	-5.4883
OASC	-5.4883
URCL	-5.4883
OINQ	-5.4883
RLYG	-5.4883
FTNE	-5.4883
YSUF	-5.4883
FULU	-5.4883
WEFE	-5.4883
PSNO	-5.4883
LPHA	-5.4883
IRMT	-5.4883
FRAT	-5.4883
SMYP	-5.4883
DOIS	-5.4883
AKHE	-5.4883
BECR	-5.4883
LWEH	-5.4883
TTYC	-5.4883
TVEN	-5.4883
NIMI	-5.4883
LLSY	-5.4883
CRAY	-5.4883
DGAZ	-5.4883
ECIV	-5.4883
IREG	-5.4883
OHIT	-5.4883
DEMU	-5.4883
MISU	-5.4883
FIDO	-5.4883
YNOB	-5.4883
AMQU	-5.4883
EFTM	-5.4883
SKFO	-5.4883
UGHR	-5.4883
OTJU	-5.4883
AYTA	-5.4883
FAWA	-5.4883
FFWH	-5.4883
VOKI	-5.4883
IMEX	-5.4883
FTFO	-5.4883
HAQU	-5.4883
CLUB	-5.4883
GOFL	-5.4883
GSLO	-5.4883
ANMU	-5.4883
YAFR	-5.4883
IBEE	-5.4883
LOGU	-5.4883
EAMY	-5.4883
OTEO	-5.4883
RCHM	-5.4883
OLSI	-5.4883
ORYC	-5.4883
CHUP	-5.4883
ILYG	-5.4883
ENUR	-5.4883
EAPU	-5.4883
OAPO	-5.4883
RSIC	-5.4883
OEXT	-5.4883
EWMA	-5.4883
UEFR	-5.4883
GORA	-5.4883
TADR	-5.4883
GSOO	-5.4883
CINE	-5.4883
GRIG	-5.4883
RYBI	-5.4883
RAHI	-5.4883
EFON	-5.4883
NUOU	-5.4883
HMYP	-5.4883
HYIN	-5.4883
FALT	-5.4883
SNOE	-5.4883
IONV	-5.4883
WNFE	-5.4883
GESF	-5.4883
MACA	-5.4883
WLYT	-5.4883
KESN	-5.4883
IRDU	-5.4883
EELU	-5.4883
AYDR	-5.4883
LTOE	-5.4883
TACE	-5.4883
OSID	-5.4883
NOSM	-5.4883
GHIW	-5.4883
RMOV	-5.4883
FAFI	-5.4883
KSIT	-5.4883
WTOW	-5.4883
HSCA	-5.4883
YINB	-5.4883
EAKP	-5.4883
EIDA	-5.4883
WORA	-5.4883
SNOU	-5.4883
LTIL	-5.4883
HTPA	-5.4883
PAYH	-5.4883
YDEV	-5.4883
YANC	-5.4883
DFAV	-5.4883
OACT	-5.4883
HCHR	-5.4883
ULAC	-5.4883
EUNG	-5.4883
YART	-5.4883
SATN	-5.4883
NSDO	-5.4883
UCET	-5.4883
GUNI	-5.4883
OWBR	-5.4883
ARSY	-5.4883
USJU	-5.4883
UNLU	-5.4883
FFMY	-5.4883
GUPW	-5.4883
SNIN	-5.4883
BYPA	-5.4883
WOFF	-5.4883
NONB	-5.4883
ELDN	-5.4883
OMDI	-5.4883
RKIT	-5.4883
SOAF	-5.4883
LSAC	-5.4883
TREQ	-5.4883
PTOW	-5.4883
RETP	-5.4883
DOWB	-5.4883
NOBJ	-5.4883
KOFL	-5.4883
WBET	-5.4883
OKEV	-5.4883
ISIF	-5.4883
HOPT	-5.4883
ISIA	-5.4883
YWIC	-5.4883
THTU	-5.4883
FWEH	-5.4883
OFEI	-5.4883
FEBR	-5.4883
ENGU	-5.4883
SKHE	-5.4883
EMEX	-5.4883
ODOB	-5.4883
SESR	-5.4883
IPSB	-5.4883
DAQU	-5.4883
TTYT	-5.4883
SISR	-5.4883
WEDG	-5.4883
ONDY	-5.4883
CILA	-5.4883
IFYY	-5.4883
TGUI	-5.4883
SMYC	-5.4883
BSEQ	-5.4883
EXTH	-5.4883
ANJU	-5.4883
ERYQ	-5.4883
GSTU	-5.4883
YBAT	-5.4883
YIAS	-5.4883
LIBL	-5.4883
DNEG	-5.4883
EAKD	-5.4883
CORA	-5.4883
TWEI	-5.4883
GEDD	-5.4883
EGGI	-5.4883
YVIN	-5.4883
MARM	-5.4883
LCLA	-5.4883
GAIL	-5.4883
EWLI	-5.4883
SISP	-5.4883
RBYS	-5.4883
TDAM	-5.4883
OAME	-5.4883
TAGI	-5.4883
ESJU	-5.4883
BYAM	-5.4883
FSCI	-5.4883
UMAR	-5.4883
STSY	-5.4883
TSFU	-5.4883
XHIL	-5.4883
TNOP	-5.4883
DYON	-5.4883
KEYS	-5.4883
PLOT	-5.4883
EZEA	-5.4883
EERW	-5.4883
IDAG	-5.4883
HIKN	-5.4883
LSIG	-5.4883
ADTU	-5.4883
IYOU	-5.4883
LRID	-5.4883
SEJU	-5.4883
DSMU	-5.4883
CKGR	-5.4883
IDAH	-5.4883
UPAF	-5.4883
TUSU	-5.4883
AUNI	-5.4883
RTSB	-5.4883
NPEN	-5.4883
CYHA	-5.4883
UNQU	-5.4883
TOLS	-5.4883
NBLU	-5.4883
WSSH	-5.4883
STIH	-5.4883
WISA	-5.4883
DITG	-5.4883
WSWI	-5.4883
WOCH	-5.4883
RBYW	-5.4883
DDIG	-5.4883
YVAL	-5.4883
GANN	-5.4883
WCRI	-5.4883
HFOL	-5.4883
ELOQ	-5.4883
OKME	-5.4883
TBYD	-5.4883
ASOT	-5.4883
VESR	-5.4883
USRO	-5.4883
WOSI	-5.4883
OATP	-5.4883
OLKS	-5.4883
GESP	-5.4883
DSDI	-5.4883
THSF	-5.4883
RICS	-5.4883
EWSS	-5.4883
PHIA	-5.4883
NSIE	-5.4883
YJOY	-5.4883
HSAC	-5.4883
SLIE	-5.4883
POFM	-5.4883
ARKC	-5.4883
AGME	-5.4883
SLEO	-5.4883
OLLT	-5.4883
EDNI	-5.4883
DELS	-5.4883
LREV	-5.4883
CKCA	-5.4883
DULO	-5.4883
BRAW	-5.4883
RKBE	-5.4883
LGOU	-5.4883
RNTA	-5.4883
UPMI	-5.4883
OUPS	-5.4883
BOWI	-5.4883
GIDD	-5.4883
LAYN	-5.4883
VILM	-5.4883
EUSH	-5.4883
GEDC	-5.4883
ENKE	-5.4883
SEUS	-5.4883
DDAM	-5.4883
RESQ	-5.4883
LONW	-5.4883
CKCR	-5.4883
ORSF	-5.4883
RPUL	-5.4883
MPSO	-5.4883
YBAS	-5.4883
GTHF	-5.4883
HTAW	-5.4883
OTKI	-5.4883
EBEO	-5.4883
LSYM	-5.4883
LDRU	-5.4883
OHEB	-5.4883
AHCO	-5.4883
EFFA	-5.4883
YBOU	-5.4883
ENEH	-5.4883
AHNO	-5.4883
SVIN	-5.4883
KINI	-5.4883
BASO	-5.4883
GFUR	-5.4883
FSMA	-5.4883
NOIL	-5.4883
NAAM	-5.4883
EWIV	-5.4883
DMAG	-5.4883
HDIV	-5.4883
DOXE	-5.4883
YREB	-5.4883
WSAR	-5.4883
IDNA	-5.4883
TSOJ	-5.4883
TMIL	-5.4883
ROND	-5.4883
SHBA	-5.4883
ELBY	-5.4883
WSAY	-5.4883
AELE	-5.4883
SHOB	-5.4883
LILL	-5.4883
IFIB	-5.4883
EYER	-5.4883
WOLF	-5.4883
LAGS	-5.4883
OFUZ	-5.4883
DIEO	-5.4883
IEHE	-5.4883
OYER	-5.4883
PTYA	-5.4883
HCOV	-5.4883
RNAK	-5.4883
FNUN	-5.4883
OAWH	-5.4883
HIDF	-5.4883
IZAR	-5.4883
EMOL	-5.4883
FINW	-5.4883
OATF	-5.4883
EFMA	-5.4883
ILEV	-5.4883
JUBI	-5.4883
LPUN	-5.4883
TGOB	-5.4883
NUST	-5.4883
FRIN	-5.4883
LLOA	-5.4883
ABHA	-5.4883
AIGN	-5.4883
SELB	-5.4883
PDOW	-5.4883
UNCA	-5.4883
PTOJ	-5.4883
NHID	-5.4883
HAHT	-5.4883
PHUR	-5.4883
YEHI	-5.4883
TJON	-5.4883
SPHI	-5.4883
UIAH	-5.4883
INZI	-5.4883
TPUL	-5.4883
EBUB	-5.4883
IKAM	-5.4883
ARFI	-5.4883
SIAA	-5.4883
MYGA	-5.4883
AWDO	-5.4883
LIAW	-5.4883
STYS	-5.4883
ATAU	-5.4883
EAMD	-5.4883
EWTE	-5.4883
UCIU	-5.4883
FQUE	-5.4883
OUID	-5.4883
BRIA	-5.4883
SULK	-5.4883
LEGH	-5.4883
RNLY	-5.4883
YAWN	-5.4883
RGLI	-5.4883
ONVU	-5.4883
CTGU	-5.4883
TGUT	-5.4883
USKY	-5.4883
UEGW	-5.4883
UODW	-5.4883
OOKX	-5.4883
IUEN	-5.4883
RASU	-5.5035
ASTK	-5.5035
NWEM	-5.5035
TSEY	-5.5035
MASP	-5.5035
NOEX	-5.5035
ULTW	-5.5035
RPAP	-5.5035
RELW	-5.5035
ERII	-5.5035
GMAT	-5.5035
NREL	-5.5035
GILL	-5.5035
FSOC	-5.5035
RYAW	-5.5035
OOHE	-5.5035
RYDR	-5.5035
ADWR	-5.5035
DYSE	-5.5035
EGOW	-5.5035
DBYB	-5.5035
NOPI	-5.5035
RYVI	-5.5035
WNBL	-5.5035
GHRE	-5.5035
DREQ	-5.5035
LLYK	-5.5035
ORTP	-5.5035
IMRA	-5.5035
DYSP	-5.5035
NBEY	-5.5035
COUT	-5.5035
LBEV	-5.5035
ECTP	-5.5035
ONID	-5.5035
YFIT	-5.5035
EDIO	-5.5035
KSUP	-5.5035
TCRY	-5.5035
DOMF	-5.5035
OLIO	-5.5035
NIAT	-5.5035
HEDP	-5.5035
YITO	-5.5035
GFIN	-5.5035
IMJU	-5.5035
TLIS	-5.5035
SRAP	-5.5035
PIDA	-5.5035
MLYA	-5.5035
DRID	-5.5035
GOTB	-5.5035
ONOP	-5.5035
TEAP	-5.5035
OACE	-5.5035
UIFY	-5.5035
LEEM	-5.5035
CIBL	-5.5035
OABB	-5.5035
IAMQ	-5.5035
AYEM	-5.5035
TATP	-5.5035
SMYW	-5.5035
FIDI	-5.5035
WSOO	-5.5035
OUWR	-5.5035
OTOV	-5.5035
OOSI	-5.5035
DYIT	-5.5035
ACLA	-5.5035
RBEW	-5.5035
BITU	-5.5035
OOBU	-5.5035
EFTF	-5.5035
ENDP	-5.5035
PTUN	-5.5035
AKIT	-5.5035
RLIS	-5.5035
EXTS	-5.5035
SHCA	-5.5035
ISSK	-5.5035
APOE	-5.5035
MOFC	-5.5035
OGOB	-5.5035
RENM	-5.5035
WITM	-5.5035
BOWW	-5.5035
YAPO	-5.5035
EFFU	-5.5035
FIWE	-5.5035
FAPA	-5.5035
FJAN	-5.5035
LSEF	-5.5035
DOSH	-5.5035
AHAV	-5.5035
OPAT	-5.5035
YITB	-5.5035
WORO	-5.5035
DVAR	-5.5035
EEAF	-5.5035
ORHU	-5.5035
LETF	-5.5035
RABE	-5.5035
EMRA	-5.5035
LTWH	-5.5035
GFEE	-5.5035
PONF	-5.5035
RYAF	-5.5035
EJAN	-5.5035
TYKI	-5.5035
HUNC	-5.5035
CKLO	-5.5035
MIMP	-5.5035
SCIV	-5.5035
HEMJ	-5.5035
WAMA	-5.5035
OFSN	-5.5035
IEDJ	-5.5035
KSCO	-5.5035
AMDI	-5.5035
FSAY	-5.5035
UCTO	-5.5035
FABA	-5.5035
RUNF	-5.5035
ASEQ	-5.5035
TURO	-5.5035
EWBR	-5.5035
GWAR	-5.5035
NETU	-5.5035
NCOA	-5.5035
KOFE	-5.5035
STYT	-5.5035
OTOC	-5.5035
TDET	-5.5035
GAPE	-5.5035
ESHM	-5.5035
PESW	-5.5035
GHUM	-5.5035
LFMO	-5.5035
MLYI	-5.5035
DORL	-5.5035
DATN	-5.5035
PTOA	-5.5035
URAM	-5.5035
RSPL	-5.5035
LSEY	-5.5035
FMYT	-5.5035
RDEF	-5.5035
KGOD	-5.5035
AGOW	-5.5035
TEUS	-5.5035
TSDA	-5.5035
EBYP	-5.5035
GMON	-5.5035
MUFF	-5.5035
GONM	-5.5035
LYRU	-5.5035
SMYG	-5.5035
DSIF	-5.5035
WNOM	-5.5035
EBYC	-5.5035
NKAB	-5.5035
SICS	-5.5035
SGAI	-5.5035
WBOT	-5.5035
HACE	-5.5035
PELT	-5.5035
RLDE	-5.5035
TYEN	-5.5035
TBOW	-5.5035
NOAC	-5.5035
SIXD	-5.5035
ITIZ	-5.5035
EWEB	-5.5035
SOID	-5.5035
RKON	-5.5035
EUSI	-5.5035
PNOR	-5.5035
LTLI	-5.5035
MPUD	-5.5035
EEVA	-5.5035
WOFS	-5.5035
CESN	-5.5035
NSIC	-5.5035
YSNA	-5.5035
BRUA	-5.5035
PSBU	-5.5035
OITO	-5.5035
EMWO	-5.5035
HTTA	-5.5035
RTET	-5.5035
OATR	-5.5035
EYGR	-5.5035
UTOC	-5.5035
FNOU	-5.5035
IBBO	-5.5035
GEBA	-5.5035
ESWR	-5.5035
MHAL	-5.5035
MSOS	-5.5035
CTFR	-5.5035
MFIR	-5.5035
PLEY	-5.5035
PEWH	-5.5035
RISW	-5.5035
DWIC	-5.5035
EIGO	-5.5035
HIBE	-5.5035
UNTG	-5.5035
TSEI	-5.5035
LDOV	-5.5035
UBSE	-5.5035
URDU	-5.5035
AMDO	-5.5035
ALCL	-5.5035
GWEN	-5.5035
UNIM	-5.5035
PENU	-5.5035
ARGR	-5.5035
GAIT	-5.5035
YIMM	-5.5035
FLET	-5.5035
LHIG	-5.5035
YSJO	-5.5035
RAFO	-5.5035
LLDT	-5.5035
EYEV	-5.5035
ILSB	-5.5035
PRAT	-5.5035
OALT	-5.5035
SAWY	-5.5035
SSUI	-5.5035
USQU	-5.5035
DUES	-5.5035
UONT	-5.5035
FTES	-5.5035
LLPI	-5.5035
AYEN	-5.5035
RBAS	-5.5035
DHAZ	-5.5035
LDJO	-5.5035
UMAT	-5.5035
DYEN	-5.5035
UISS	-5.5035
GSMI	-5.5035
ITTU	-5.5035
RTAM	-5.5035
EWBU	-5.5035
IFIL	-5.5035
HKEE	-5.5035
ORAU	-5.5035
KLOO	-5.5035
EAFU	-5.5035
LHEM	-5.5035
ULFA	-5.5035
UPTA	-5.5035
HOMO	-5.5035
YECH	-5.5035
WLOO	-5.5035
UEDS	-5.5035
OUPI	-5.5035
EYOR	-5.5035
WYEA	-5.5035
ENEO	-5.5035
NAVY	-5.5035
SEVA	-5.5035
UBEH	-5.5035
FTWA	-5.5035
RFLU	-5.5035
CKWE	-5.5035
SUMO	-5.5035
DESB	-5.5035
NDAK	-5.5035
TAAN	-5.5035
WEAS	-5.5035
UWHY	-5.5035
NIAA	-5.5035
OMCH	-5.5035
PHOO	-5.5035
DPEL	-5.5035
IMQU	-5.5035
NELT	-5.5035
RNBA	-5.5035
CKWO	-5.5035
HSPR	-5.5035
RMSS	-5.5035
GMOU	-5.5035
CIPI	-5.5035
LMTH	-5.5035
DEKN	-5.5035
RLEG	-5.5035
GPIE	-5.5035
LDDR	-5.5035
GFUL	-5.5035
EDGL	-5.5035
ENEY	-5.5035
LEGL	-5.5035
NMEO	-5.5035
YPOU	-5.5035
TGOF	-5.5035
FSTI	-5.5035
LUET	-5.5035
NDIO	-5.5035
TODU	-5.5035
NGGU	-5.5035
SFUN	-5.5035
FITY	-5.5035
AWWA	-5.5035
MMOT	-5.5035
TRAB	-5.5035
NMID	-5.5035
EWBO	-5.5035
AUDE	-5.5035
WOWI	-5.5035
FITP	-5.5035
IWHA	-5.5035
HVIO	-5.5035
YMYN	-5.5035
ODGA	-5.5035
ULLN	-5.5035
NHUS	-5.5035
INSY	-5.5035
GARP	-5.5035
RPOC	-5.5035
CHIG	-5.5035
EBEB	-5.5035
GRIL	-5.5035
YMAG	-5.5035
MEPU	-5.5035
RCRY	-5.5035
GHLO	-5.5035
RLAW	-5.5035
WESP	-5.5035
HYWE	-5.5035
LITC	-5.5035
HUSO	-5.5035
TARV	-5.5035
DBOL	-5.5035
GUER	-5.5035
ERNP	-5.5035
YEEA	-5.5035
RODT	-5.5035
SHAA	-5.5035
HEIF	-5.5035
OANH	-5.5035
RESK	-5.5035
SENU	-5.5035
OFZO	-5.5035
WELA	-5.5035
FABU	-5.5035
PTIE	-5.5035
DAYU	-5.5035
IZPA	-5.5035
AZTH	-5.5035
ESEU	-5.5035
SLOI	-5.5035
ENPH	-5.5035
MGOA	-5.5035
WAGO	-5.5035
FBER	-5.5035
PILG	-5.5035
HOMG	-5.5035
ROGS	-5.5035
RBST	-5.5035
HAHI	-5.5035
NSTB	-5.5035
BTHO	-5.5035
ELPU	-5.5035
PANA	-5.5035
BATA	-5.5035
MOLE	-5.5035
SNUM	-5.5035
DVIN	-5.5035
IRSL	-5.5035
DEBR	-5.5035
ICKU	-5.5035
EHTH	-5.5035
FHAT	-5.5035
RWIC	-5.5035
EOLI	-5.5035
OUOL	-5.5035
DDRU	-5.5035
IPOT	-5.5035
UATO	-5.5035
LEMH	-5.5035
HLIE	-5.5035
JABE	-5.5035
PAHA	-5.5035
MPAL	-5.5035
LRUN	-5.5035
AULC	-5.5035
FNER	-5.5035
ICAU	-5.5035
AYDA	-5.5035
NEEZ	-5.5035
NIJA	-5.5035
HIJA	-5.5035
BIJA	-5.5035
IAHF	-5.5035
IACA	-5.5035
AHAH	-5.5035
IAWH	-5.5035
IELW	-5.5035
USOL	-5.5035
OPPA	-5.5035
LIMM	-5.5035
BARU	-5.5035
RUCH	-5.5035
ULFR	-5.5035
LSTT	-5.5035
NIPO	-5.5035
EDKN	-5.5035
ARND	-5.5035
OUDM	-5.5035
IUSW	-5.5035
AEAA	-5.5035
ISLU	-5.5035
HYMN	-5.5035
ISTD	-5.5035
DSGR	-5.5035
GWAV	-5.5035
SKYS	-5.5035
RKEA	-5.5035
GARC	-5.5035
RAZY	-5.5035
MINK	-5.5035
SKER	-5.5035
IUSI	-5.5035
KCOA	-5.5035
FNAN	-5.5035
AUIU	-5.5035
UIUS	-5.5035
ACBT	-5.5035
ACDU	-5.5035
CDUF	-5.5035
NGOC	-5.5193
YODD	-5.5193
OMRW	-5.5193
NLAS	-5.5193
LINB	-5.5193
TAHO	-5.5193
DYEM	-5.5193
FPAP	-5.5193
LYOC	-5.5193
ONSV	-5.5193
LFAV	-5.5193
XURI	-5.5193
CEEN	-5.5193
IODO	-5.5193
CAPR	-5.5193
WSUC	-5.5193
LGON	-5.5193
UNFR	-5.5193
FEXC	-5.5193
SSGO	-5.5193
MAFO	-5.5193
HACL	-5.5193
RLOF	-5.5193
GREM	-5.5193
HSCO	-5.5193
RALG	-5.5193
EUNW	-5.5193
ALRA	-5.5193
WWOU	-5.5193
GPUT	-5.5193
EGGS	-5.5193
LPYO	-5.5193
OUEM	-5.5193
IETC	-5.5193
PTSA	-5.5193
DENJ	-5.5193
WOPA	-5.5193
TTYL	-5.5193
DOBL	-5.5193
ACYW	-5.5193
OADH	-5.5193
VEYA	-5.5193
DVOL	-5.5193
RDSR	-5.5193
DULA	-5.5193
GOFN	-5.5193
OPAL	-5.5193
NSSI	-5.5193
EELN	-5.5193
EYPE	-5.5193
LASL	-5.5193
PEWI	-5.5193
DIFW	-5.5193
FWES	-5.5193
NESG	-5.5193
TLAM	-5.5193
TYPR	-5.5193
LYVA	-5.5193
EIAS	-5.5193
MMIG	-5.5193
NUNF	-5.5193
AKMY	-5.5193
URSL	-5.5193
AISH	-5.5193
GEXT	-5.5193
WQUI	-5.5193
SROB	-5.5193
RMNO	-5.5193
DIEV	-5.5193
BYBR	-5.5193
IARE	-5.5193
PRIA	-5.5193
GEDP	-5.5193
PSHI	-5.5193
IAPP	-5.5193
DMYO	-5.5193
OLSH	-5.5193
BADC	-5.5193
WANC	-5.5193
SEXI	-5.5193
NNOB	-5.5193
FABE	-5.5193
ALMY	-5.5193
FEWF	-5.5193
ONAV	-5.5193
DHIN	-5.5193
PLYH	-5.5193
GTHB	-5.5193
GUSA	-5.5193
CEAP	-5.5193
NWED	-5.5193
KEDG	-5.5193
IXMO	-5.5193
RECY	-5.5193
LSOV	-5.5193
LYGU	-5.5193
INKD	-5.5193
FPOO	-5.5193
GOYO	-5.5193
NEIH	-5.5193
KESC	-5.5193
SCEL	-5.5193
DSGO	-5.5193
WSLI	-5.5193
AMAM	-5.5193
RASL	-5.5193
VALT	-5.5193
ANRI	-5.5193
DAMB	-5.5193
FPOS	-5.5193
DVAL	-5.5193
YBIT	-5.5193
OHNH	-5.5193
ADGE	-5.5193
SINQ	-5.5193
PYRE	-5.5193
YLAB	-5.5193
EYYO	-5.5193
SLYR	-5.5193
CTIM	-5.5193
RORE	-5.5193
ADAI	-5.5193
FBRU	-5.5193
COTL	-5.5193
WNBR	-5.5193
DSEX	-5.5193
FQUI	-5.5193
FERW	-5.5193
YMOD	-5.5193
RBLI	-5.5193
TDAU	-5.5193
OPEB	-5.5193
SATC	-5.5193
LDQU	-5.5193
NYSA	-5.5193
NJAN	-5.5193
UTHM	-5.5193
OORY	-5.5193
DSOY	-5.5193
DBYG	-5.5193
OSAC	-5.5193
TONU	-5.5193
PSOM	-5.5193
NYPL	-5.5193
TEPT	-5.5193
KWIN	-5.5193
RAFA	-5.5193
GRYT	-5.5193
DMUT	-5.5193
GOWE	-5.5193
YSAM	-5.5193
RNOI	-5.5193
GNOB	-5.5193
WMUS	-5.5193
LHOP	-5.5193
RMFO	-5.5193
YSOH	-5.5193
DOJU	-5.5193
CHOV	-5.5193
CTSW	-5.5193
WBRE	-5.5193
MATL	-5.5193
NINQ	-5.5193
OITF	-5.5193
HMYM	-5.5193
RWRO	-5.5193
RAFR	-5.5193
OLYH	-5.5193
RWEM	-5.5193
DUNI	-5.5193
OMTI	-5.5193
TYBO	-5.5193
HOBY	-5.5193
LTWA	-5.5193
VALA	-5.5193
MHAP	-5.5193
NECL	-5.5193
YSFA	-5.5193
AMAW	-5.5193
LAWL	-5.5193
SHAZ	-5.5193
ARBR	-5.5193
AGLI	-5.5193
RNEL	-5.5193
CYWA	-5.5193
OTIL	-5.5193
PTSH	-5.5193
NSQU	-5.5193
LUGG	-5.5193
UGGI	-5.5193
AYCR	-5.5193
RSIW	-5.5193
UTOG	-5.5193
AYBA	-5.5193
EALC	-5.5193
HEWY	-5.5193
OMEK	-5.5193
SLOD	-5.5193
MIFH	-5.5193
SETC	-5.5193
OOFI	-5.5193
GIFI	-5.5193
MWOR	-5.5193
RRYN	-5.5193
WDIN	-5.5193
ANRU	-5.5193
RLAR	-5.5193
ONEQ	-5.5193
HMEO	-5.5193
MIMA	-5.5193
IDAF	-5.5193
RIMU	-5.5193
UDEH	-5.5193
YNOI	-5.5193
TEFF	-5.5193
NTCL	-5.5193
AWEN	-5.5193
NTQU	-5.5193
BBON	-5.5193
DMEY	-5.5193
YEPR	-5.5193
KICA	-5.5193
FOPE	-5.5193
RYIF	-5.5193
HIPE	-5.5193
ELMO	-5.5193
ABEN	-5.5193
GLYF	-5.5193
OWPL	-5.5193
VEIW	-5.5193
MRES	-5.5193
PSHO	-5.5193
RFEI	-5.5193
LMYB	-5.5193
MSNO	-5.5193
UIDA	-5.5193
IFYM	-5.5193
OLEG	-5.5193
LERK	-5.5193
UONE	-5.5193
NYSI	-5.5193
TASG	-5.5193
TTWI	-5.5193
HOTF	-5.5193
GAIE	-5.5193
AIET	-5.5193
NOCR	-5.5193
LERU	-5.5193
NPIT	-5.5193
HASK	-5.5193
ELMS	-5.5193
IAFO	-5.5193
WIWI	-5.5193
ALBL	-5.5193
RBOX	-5.5193
GASO	-5.5193
OPOU	-5.5193
OXTH	-5.5193
GEDY	-5.5193
NTNA	-5.5193
DSPU	-5.5193
UESW	-5.5193
PTOU	-5.5193
RTYN	-5.5193
WSBE	-5.5193
RSRU	-5.5193
RIFA	-5.5193
GOBU	-5.5193
OWHY	-5.5193
DGAL	-5.5193
RVIV	-5.5193
NOKI	-5.5193
PTSO	-5.5193
GCUR	-5.5193
EVEB	-5.5193
VAUL	-5.5193
FBEE	-5.5193
AWNB	-5.5193
RCEW	-5.5193
ITYR	-5.5193
TYRO	-5.5193
HLEF	-5.5193
CHDR	-5.5193
LFLI	-5.5193
ASIR	-5.5193
PSEV	-5.5193
FMEL	-5.5193
OEMA	-5.5193
RONM	-5.5193
HITC	-5.5193
LORG	-5.5193
FFIV	-5.5193
BIDS	-5.5193
KHAI	-5.5193
GGIR	-5.5193
GBLA	-5.5193
DACI	-5.5193
CUTS	-5.5193
REIB	-5.5193
DNUM	-5.5193
OKWI	-5.5193
GFOU	-5.5193
DUPL	-5.5193
WAGG	-5.5193
TTAA	-5.5193
WNMO	-5.5193
SCLI	-5.5193
NURE	-5.5193
FSOB	-5.5193
DDAI	-5.5193
TSIC	-5.5193
DWOE	-5.5193
OKIS	-5.5193
MPOU	-5.5193
ENRU	-5.5193
GBUR	-5.5193
PSLE	-5.5193
UTHD	-5.5193
LHEG	-5.5193
HLOR	-5.5193
HHON	-5.5193
OMLA	-5.5193
ELSC	-5.5193
EWWA	-5.5193
MOFO	-5.5193
ERNH	-5.5193
FTEA	-5.5193
HWRO	-5.5193
CANK	-5.5193
HARC	-5.5193
EFCA	-5.5193
HELF	-5.5193
NLOC	-5.5193
NIAR	-5.5193
SMYH	-5.5193
ACRU	-5.5193
RTSP	-5.5193
NHIL	-5.5193
IMDR	-5.5193
UESP	-5.5193
RNCO	-5.5193
KHOL	-5.5193
KTOW	-5.5193
OASA	-5.5193
KOFD	-5.5193
UYTH	-5.5193
MOSS	-5.5193
IEFR	-5.5193
ONYI	-5.5193
GEUN	-5.5193
EAUA	-5.5193
NNYA	-5.5193
JOYW	-5.5193
AMAC	-5.5193
HUCK	-5.5193
VEDG	-5.5193
OHAU	-5.5193
ILTR	-5.5193
FFET	-5.5193
MIGR	-5.5193
LEWD	-5.5193
MCLE	-5.5193
ECHS	-5.5193
OFAK	-5.5193
DBIR	-5.5193
UGIT	-5.5193
AHLI	-5.5193
IEBU	-5.5193
OOFE	-5.5193
HDRI	-5.5193
EYDW	-5.5193
FSIC	-5.5193
ZZIT	-5.5193
THBI	-5.5193
NAIM	-5.5193
MIDW	-5.5193
LRAN	-5.5193
RDOV	-5.5193
EHIR	-5.5193
BHAD	-5.5193
ZPAH	-5.5193
LONB	-5.5193
AUEL	-5.5193
ANOM	-5.5193
AULD	-5.5193
AHSE	-5.5193
GICI	-5.5193
MUPI	-5.5193
DOAC	-5.5193
JEZE	-5.5193
TOZI	-5.5193
OMBT	-5.5193
ORAA	-5.5193
SBOL	-5.5193
MISR	-5.5193
AELR	-5.5193
ODSN	-5.5193
DSTW	-5.5193
RNTS	-5.5193
OMGA	-5.5193
HHEF	-5.5193
THOO	-5.5193
SNAI	-5.5193
LETG	-5.5193
UARI	-5.5193
NYEH	-5.5193
WOUR	-5.5193
AZER	-5.5193
RUPA	-5.5193
RJER	-5.5193
LIAC	-5.5193
NNIE	-5.5193
UGEF	-5.5193
HEAX	-5.5193
YWOO	-5.5193
HUSU	-5.5193
HUPA	-5.5193
FGIB	-5.5193
GRED	-5.5193
AHIA	-5.5193
AGTH	-5.5193
VIDC	-5.5193
WMOO	-5.5193
RUIA	-5.5193
ONIJ	-5.5193
DAAN	-5.5193
REZE	-5.5193
JAHS	-5.5193
USCU	-5.5193
ASIP	-5.5193
LFEI	-5.5193
HIPR	-5.5193
EEWO	-5.5193
UNUC	-5.5193
NUCH	-5.5193
HOAH	-5.5193
BWHO	-5.5193
IADE	-5.5193
ELAE	-5.5193
EHIE	-5.5193
NFIS	-5.5193
ARUC	-5.5193
TANF	-5.5193
ARCT	-5.5193
MMYJ	-5.5193
CRYW	-5.5193
BIES	-5.5193
AUMA	-5.5193
RLOA	-5.5193
TUEO	-5.5193
LIAI	-5.5193
IUSB	-5.5193
RYEY	-5.5193
FLUI	-5.5193
IPON	-5.5193
SKYL	-5.5193
PPAL	-5.5193
ADNT	-5.5193
JOVE	-5.5193
ICIL	-5.5193
OYLE	-5.5193
DMRT	-5.5193
CARF	-5.5193
TAUR	-5.5193
NICS	-5.5193
JEMS	-5.5193
ACBI	-5.5193
KMOR	-5.5357
TLEK	-5.5357
LDEM	-5.5357
NERP	-5.5357
ODPL	-5.5357
SMEH	-5.5357
UTAV	-5.5357
HPOO	-5.5357
FMRK	-5.5357
FWEC	-5.5357
RUSF	-5.5357
MSOE	-5.5357
TTYP	-5.5357
SIXO	-5.5357
LTEM	-5.5357
DAHU	-5.5357
FEQU	-5.5357
ELTB	-5.5357
IFEP	-5.5357
ETPA	-5.5357
PPYM	-5.5357
ULYA	-5.5357
OIMA	-5.5357
SFON	-5.5357
LIKI	-5.5357
WNAW	-5.5357
EFET	-5.5357
VICA	-5.5357
RENJ	-5.5357
FFEL	-5.5357
GSCH	-5.5357
FENT	-5.5357
HWOM	-5.5357
ALYE	-5.5357
NATS	-5.5357
UMPA	-5.5357
GEMM	-5.5357
GEFA	-5.5357
ELLV	-5.5357
LFAP	-5.5357
BEYM	-5.5357
GEEN	-5.5357
UVER	-5.5357
ODLU	-5.5357
URBI	-5.5357
YMPT	-5.5357
NYFR	-5.5357
BEKE	-5.5357
MDOY	-5.5357
NKHA	-5.5357
EMNL	-5.5357
RNEX	-5.5357
GITM	-5.5357
LSEM	-5.5357
MEEM	-5.5357
YSQU	-5.5357
EHAZ	-5.5357
SESY	-5.5357
ONTP	-5.5357
YEDM	-5.5357
KETC	-5.5357
LDPL	-5.5357
OEMP	-5.5357
BLYM	-5.5357
HEIC	-5.5357
LASY	-5.5357
NCHU	-5.5357
UNTC	-5.5357
DONP	-5.5357
INTN	-5.5357
NYAD	-5.5357
ODIR	-5.5357
YTWI	-5.5357
SEIK	-5.5357
PYWI	-5.5357
RSKN	-5.5357
IHAR	-5.5357
VEMR	-5.5357
MEIL	-5.5357
TAVA	-5.5357
KENY	-5.5357
EYAC	-5.5357
WERN	-5.5357
DYKN	-5.5357
NTAU	-5.5357
EMEG	-5.5357
RETY	-5.5357
URKN	-5.5357
TBYN	-5.5357
RUDG	-5.5357
GOFY	-5.5357
LTWE	-5.5357
GABS	-5.5357
RRYC	-5.5357
ISEQ	-5.5357
ALAP	-5.5357
RYPU	-5.5357
TALP	-5.5357
YAFA	-5.5357
YDEG	-5.5357
SISF	-5.5357
OMIW	-5.5357
NKMY	-5.5357
OPOI	-5.5357
ELPR	-5.5357
LWRI	-5.5357
OOSO	-5.5357
SHYE	-5.5357
KSYO	-5.5357
ULPA	-5.5357
RNUP	-5.5357
RYAP	-5.5357
XTHO	-5.5357
DPAC	-5.5357
MMYF	-5.5357
INID	-5.5357
DDTO	-5.5357
GESU	-5.5357
IRHU	-5.5357
DUNF	-5.5357
PICS	-5.5357
ICSW	-5.5357
LVAN	-5.5357
HBES	-5.5357
RPIT	-5.5357
RSRA	-5.5357
GEPA	-5.5357
PTBU	-5.5357
TENJ	-5.5357
OSCA	-5.5357
NONM	-5.5357
SETY	-5.5357
HUSC	-5.5357
LTOY	-5.5357
AFEE	-5.5357
CINI	-5.5357
EYVE	-5.5357
DINQ	-5.5357
GDEC	-5.5357
BYAB	-5.5357
UWEN	-5.5357
OTCU	-5.5357
ADIV	-5.5357
UDDI	-5.5357
UNNO	-5.5357
TLAB	-5.5357
YOFN	-5.5357
EEPG	-5.5357
RSAP	-5.5357
ENFU	-5.5357
ISJE	-5.5357
BEEM	-5.5357
OWPO	-5.5357
LAIT	-5.5357
DJAM	-5.5357
URPU	-5.5357
FSEP	-5.5357
TOFK	-5.5357
ALAF	-5.5357
ANKB	-5.5357
LDAH	-5.5357
AOFA	-5.5357
RCHF	-5.5357
YATE	-5.5357
SBLI	-5.5357
WEDF	-5.5357
YDOS	-5.5357
LTBY	-5.5357
MSLI	-5.5357
ILDD	-5.5357
CYBU	-5.5357
LEAW	-5.5357
GOBL	-5.5357
IFEU	-5.5357
ILAB	-5.5357
LLYY	-5.5357
MRDI	-5.5357
RDIX	-5.5357
OTEU	-5.5357
TEFE	-5.5357
HUNA	-5.5357
LERB	-5.5357
ICPR	-5.5357
NYOR	-5.5357
FAXI	-5.5357
NIMO	-5.5357
TEAK	-5.5357
BONN	-5.5357
GMIG	-5.5357
EYIM	-5.5357
WEDR	-5.5357
USHU	-5.5357
WAYR	-5.5357
SOQU	-5.5357
ONRI	-5.5357
LKWH	-5.5357
FTOG	-5.5357
HNEW	-5.5357
MYAC	-5.5357
JUNC	-5.5357
NKSB	-5.5357
UMEO	-5.5357
FSTU	-5.5357
DAYG	-5.5357
LGOW	-5.5357
ULBO	-5.5357
YNUM	-5.5357
STEB	-5.5357
OHDO	-5.5357
LSIV	-5.5357
LHEP	-5.5357
CUTA	-5.5357
LDOB	-5.5357
DRAU	-5.5357
FHUN	-5.5357
EYKE	-5.5357
PSMA	-5.5357
LASE	-5.5357
EMEU	-5.5357
FGUI	-5.5357
CALW	-5.5357
DYPR	-5.5357
STGL	-5.5357
YINY	-5.5357
TAWE	-5.5357
DEHO	-5.5357
MISP	-5.5357
ROMK	-5.5357
NOAR	-5.5357
IMLA	-5.5357
LSSA	-5.5357
CEGR	-5.5357
DYLA	-5.5357
GIWA	-5.5357
TNOC	-5.5357
IDIM	-5.5357
RIFO	-5.5357
KSTA	-5.5357
RDMI	-5.5357
ISMS	-5.5357
AVYS	-5.5357
MTAL	-5.5357
SEIL	-5.5357
KINP	-5.5357
EOHI	-5.5357
MSSO	-5.5357
KWER	-5.5357
LDVE	-5.5357
FIMM	-5.5357
RLYU	-5.5357
LMYC	-5.5357
RMBU	-5.5357
UEOR	-5.5357
YABR	-5.5357
PLYW	-5.5357
CUND	-5.5357
XICA	-5.5357
SGOA	-5.5357
TYRU	-5.5357
WETW	-5.5357
MYVE	-5.5357
MFRA	-5.5357
OYFO	-5.5357
WEME	-5.5357
BEIS	-5.5357
ORUL	-5.5357
GENG	-5.5357
AXES	-5.5357
HPAT	-5.5357
DLYU	-5.5357
HGRO	-5.5357
WELE	-5.5357
WERL	-5.5357
MOFE	-5.5357
ESRU	-5.5357
ESOJ	-5.5357
LOYA	-5.5357
UGHJ	-5.5357
USMY	-5.5357
BOXH	-5.5357
RDUS	-5.5357
NLOW	-5.5357
HOTS	-5.5357
YPOE	-5.5357
TYPA	-5.5357
VIVA	-5.5357
FAPE	-5.5357
YARI	-5.5357
GEFI	-5.5357
UNME	-5.5357
GHYE	-5.5357
GAYE	-5.5357
RSYM	-5.5357
RGEY	-5.5357
NAYT	-5.5357
OISL	-5.5357
EKHI	-5.5357
PUTB	-5.5357
HLYT	-5.5357
KUND	-5.5357
BSIN	-5.5357
LTDE	-5.5357
BYLE	-5.5357
IWRI	-5.5357
MYBU	-5.5357
GMER	-5.5357
YPAU	-5.5357
GLOU	-5.5357
KELA	-5.5357
EMSP	-5.5357
AKOU	-5.5357
BUSE	-5.5357
AZES	-5.5357
TROB	-5.5357
FSUS	-5.5357
WEFI	-5.5357
DLEH	-5.5357
ORNN	-5.5357
TESQ	-5.5357
WOBR	-5.5357
EHEY	-5.5357
NMEF	-5.5357
HOGA	-5.5357
UFFS	-5.5357
KEDY	-5.5357
OANT	-5.5357
MHOU	-5.5357
UTGE	-5.5357
NERU	-5.5357
FTSH	-5.5357
ALCI	-5.5357
IAHE	-5.5357
DPUB	-5.5357
UFFT	-5.5357
TARW	-5.5357
HROP	-5.5357
FALM	-5.5357
NNYW	-5.5357
MPRA	-5.5357
OWOM	-5.5357
DDOO	-5.5357
HMAS	-5.5357
ETGR	-5.5357
OWTA	-5.5357
AYTR	-5.5357
EEKB	-5.5357
HEHY	-5.5357
GNIS	-5.5357
CEFE	-5.5357
EIRY	-5.5357
ODOV	-5.5357
MORH	-5.5357
EAWF	-5.5357
RERH	-5.5357
RLDN	-5.5357
ICTS	-5.5357
TEDJ	-5.5357
VEPI	-5.5357
EKIS	-5.5357
EKAF	-5.5357
KEBY	-5.5357
SOCE	-5.5357
AVYH	-5.5357
GANB	-5.5357
GRAZ	-5.5357
TROM	-5.5357
OGUI	-5.5357
NCRU	-5.5357
KEFA	-5.5357
SSBR	-5.5357
DSBR	-5.5357
REEU	-5.5357
LENB	-5.5357
KARE	-5.5357
AYRO	-5.5357
YVIO	-5.5357
LOGG	-5.5357
RBTH	-5.5357
NNYI	-5.5357
NBAN	-5.5357
IDSW	-5.5357
KETF	-5.5357
LOFJ	-5.5357
YOFV	-5.5357
IGHD	-5.5357
ECKB	-5.5357
FNET	-5.5357
CUOU	-5.5357
NITL	-5.5357
MRED	-5.5357
NTSG	-5.5357
UDIT	-5.5357
NMEL	-5.5357
OAPA	-5.5357
NCAT	-5.5357
ARIB	-5.5357
DIGE	-5.5357
NOSP	-5.5357
SMYT	-5.5357
IDGI	-5.5357
ARPI	-5.5357
HAVO	-5.5357
BALE	-5.5357
GLAM	-5.5357
FAKI	-5.5357
YEMO	-5.5357
BOWO	-5.5357
EPBU	-5.5357
OLHE	-5.5357
UPHR	-5.5357
LDKI	-5.5357
EIGI	-5.5357
FTYY	-5.5357
DZEB	-5.5357
IHIS	-5.5357
HAIM	-5.5357
FDAM	-5.5357
HTYG	-5.5357
IEBE	-5.5357
HTYP	-5.5357
OOKJ	-5.5357
GEGO	-5.5357
EBUN	-5.5357
OBBL	-5.5357
ROGE	-5.5357
OINP	-5.5357
LIBN	-5.5357
FUZZ	-5.5357
HEKO	-5.5357
EXTU	-5.5357
NVOC	-5.5357
HIRO	-5.5357
GOIL	-5.5357
AFTA	-5.5357
EAAR	-5.5357
ENAA	-5.5357
NAAR	-5.5357
EPOM	-5.5357
TWOK	-5.5357
SWAV	-5.5357
OLYU	-5.5357
MMOU	-5.5357
DBIN	-5.5357
UMBS	-5.5357
YEAB	-5.5357
MHOL	-5.5357
UEOU	-5.5357
MBST	-5.5357
UDRE	-5.5357
EBTH	-5.5357
FYEH	-5.5357
HYTA	-5.5357
OWFL	-5.5357
ULSS	-5.5357
AROE	-5.5357
FTHM	-5.5357
RERW	-5.5357
ASEU	-5.5357
FINN	-5.5357
HGLA	-5.5357
KRON	-5.5357
UGRE	-5.5357
EWOE	-5.5357
ADSS	-5.5357
HESD	-5.5357
SDAV	-5.5357
POUS	-5.5357
DFLY	-5.5357
SHOA	-5.5357
DAZA	-5.5357
ECOS	-5.5357
HYSU	-5.5357
TVES	-5.5357
ENSY	-5.5357
TALY	-5.5357
LUMA	-5.5357
SEOL	-5.5357
WEWH	-5.5357
TOER	-5.5357
COPP	-5.5357
OLAW	-5.5357
YHAM	-5.5357
RKLE	-5.5357
EGNA	-5.5357
LIPT	-5.5357
BYRI	-5.5357
OKEY	-5.5357
DPAN	-5.5357
IASC	-5.5357
NFIG	-5.5357
NFIL	-5.5357
ASBI	-5.5357
CLIP	-5.5357
EDOD	-5.5357
TWIG	-5.5357
MITL	-5.5357
IUSL	-5.5357
CORC	-5.5357
SMTH	-5.5357
YCHR	-5.5357
TALF	-5.5357
JERK	-5.5357
MIDL	-5.5357
RUFF	-5.5357
MRTO	-5.5357
UEEZ	-5.5357
KIDD	-5.5357
GDRA	-5.5357
WILK	-5.5357
CTAU	-5.5357
CONY	-5.5357
LUID	-5.5357
UBBW	-5.5357
SEUE	-5.5357
IUER	-5.5357
UNPE	-5.5527
ANSR	-5.5527
FDEN	-5.5527
DHAB	-5.5527
GNEV	-5.5527
IERI	-5.5527
RIFS	-5.5527
DYWE	-5.5527
WETA	-5.5527
UBTW	-5.5527
IERF	-5.5527
IRMU	-5.5527
LLYV	-5.5527
WIMP	-5.5527
LFIM	-5.5527
AHMY	-5.5527
SIPR	-5.5527
IFWH	-5.5527
LITM	-5.5527
LFEV	-5.5527
KEMR	-5.5527
OKPL	-5.5527
LONC	-5.5527
AWSU	-5.5527
LSFR	-5.5527
WWEE	-5.5527
UNEQ	-5.5527
NNOD	-5.5527
LACQ	-5.5527
TOVA	-5.5527
NALH	-5.5527
WJUS	-5.5527
TYGI	-5.5527
ATAV	-5.5527
SEEG	-5.5527
THSB	-5.5527
GEXA	-5.5527
COWS	-5.5527
BIDM	-5.5527
REOH	-5.5527
CYWI	-5.5527
YESN	-5.5527
IEDV	-5.5527
CIME	-5.5527
MNLY	-5.5527
RYRI	-5.5527
HTMI	-5.5527
WITB	-5.5527
NFIX	-5.5527
MAIM	-5.5527
EBID	-5.5527
SMRW	-5.5527
IMIH	-5.5527
RUER	-5.5527
OESE	-5.5527
IROP	-5.5527
YICO	-5.5527
URAD	-5.5527
RSOD	-5.5527
OSLI	-5.5527
EMSU	-5.5527
DNOH	-5.5527
FDRA	-5.5527
ABAB	-5.5527
MODI	-5.5527
OGAL	-5.5527
UTEB	-5.5527
CELS	-5.5527
ZEDS	-5.5527
YITD	-5.5527
ONOI	-5.5527
ESTJ	-5.5527
YIMU	-5.5527
KITH	-5.5527
HCEN	-5.5527
EELM	-5.5527
WNSW	-5.5527
EEGR	-5.5527
DIAR	-5.5527
SLYM	-5.5527
NCIV	-5.5527
DESY	-5.5527
YASY	-5.5527
DSIH	-5.5527
TYAB	-5.5527
IMIW	-5.5527
NROB	-5.5527
AKST	-5.5527
RLAB	-5.5527
OHEI	-5.5527
ANAV	-5.5527
GBEN	-5.5527
REXT	-5.5527
YROB	-5.5527
RATM	-5.5527
NWET	-5.5527
NBEW	-5.5527
XEDH	-5.5527
GONB	-5.5527
LOFU	-5.5527
NSOB	-5.5527
ITTY	-5.5527
IRTW	-5.5527
DYDO	-5.5527
DYLO	-5.5527
BOTS	-5.5527
DPEE	-5.5527
WTOH	-5.5527
GTRU	-5.5527
ENTK	-5.5527
NTKE	-5.5527
RDSY	-5.5527
MUSA	-5.5527
IFIR	-5.5527
SMAM	-5.5527
KNIV	-5.5527
UROC	-5.5527
MORW	-5.5527
GLYR	-5.5527
SHWE	-5.5527
VEIA	-5.5527
FASM	-5.5527
OALW	-5.5527
SOSM	-5.5527
SPUB	-5.5527
OWOL	-5.5527
WAPP	-5.5527
ALFB	-5.5527
FFSH	-5.5527
UTFL	-5.5527
COBH	-5.5527
SYCH	-5.5527
TLEU	-5.5527
EALN	-5.5527
DETW	-5.5527
OWTE	-5.5527
GDID	-5.5527
TYIF	-5.5527
HYGL	-5.5527
STVA	-5.5527
HTLA	-5.5527
STOJ	-5.5527
RTTI	-5.5527
DOSU	-5.5527
FWEW	-5.5527
HTEL	-5.5527
GINY	-5.5527
GALW	-5.5527
ETEI	-5.5527
INJA	-5.5527
PAYA	-5.5527
DAWE	-5.5527
ISOM	-5.5527
NCHD	-5.5527
MAHO	-5.5527
GESC	-5.5527
BTAN	-5.5527
NNOO	-5.5527
TYEX	-5.5527
WOFE	-5.5527
RFUR	-5.5527
KEPO	-5.5527
YSAG	-5.5527
GPLE	-5.5527
PLIA	-5.5527
URNM	-5.5527
XEDS	-5.5527
SDUT	-5.5527
YMYF	-5.5527
KOFR	-5.5527
SUNM	-5.5527
GUNA	-5.5527
ELSU	-5.5527
EYIE	-5.5527
SISD	-5.5527
RKAS	-5.5527
EUSS	-5.5527
PENB	-5.5527
IEUT	-5.5527
IPCO	-5.5527
FFIT	-5.5527
OWNJ	-5.5527
RKEY	-5.5527
WOFO	-5.5527
YNIC	-5.5527
LEDJ	-5.5527
STMR	-5.5527
SISG	-5.5527
OFFY	-5.5527
OMGE	-5.5527
AYQU	-5.5527
ESIB	-5.5527
RYWR	-5.5527
PLYO	-5.5527
WSPR	-5.5527
VELW	-5.5527
UFOU	-5.5527
MSOO	-5.5527
IRAD	-5.5527
HRAN	-5.5527
AGAL	-5.5527
NYIT	-5.5527
IRUP	-5.5527
TYSU	-5.5527
YABS	-5.5527
WARO	-5.5527
GORT	-5.5527
IXDA	-5.5527
XDAY	-5.5527
KSEE	-5.5527
EBYB	-5.5527
WITO	-5.5527
IRNU	-5.5527
OASO	-5.5527
ENEB	-5.5527
SAMP	-5.5527
PLYB	-5.5527
NEWG	-5.5527
IARA	-5.5527
WALI	-5.5527
ILTW	-5.5527
HBUS	-5.5527
STWR	-5.5527
GETN	-5.5527
SLIB	-5.5527
NSEH	-5.5527
CESG	-5.5527
NYKI	-5.5527
GEMO	-5.5527
GISN	-5.5527
OPWI	-5.5527
WONL	-5.5527
RNAR	-5.5527
ORIB	-5.5527
GILB	-5.5527
LONF	-5.5527
ULIF	-5.5527
GEDL	-5.5527
ASIB	-5.5527
SWRE	-5.5527
ORNM	-5.5527
YSGO	-5.5527
HTKN	-5.5527
DIEU	-5.5527
RMHI	-5.5527
MYDO	-5.5527
LDTU	-5.5527
HAMU	-5.5527
OTSC	-5.5527
LFCA	-5.5527
LWIS	-5.5527
GEBO	-5.5527
LSYO	-5.5527
LLUD	-5.5527
PAAN	-5.5527
DYDE	-5.5527
GALT	-5.5527
HSLO	-5.5527
LCOR	-5.5527
NWRO	-5.5527
OCLI	-5.5527
NSIH	-5.5527
RDEX	-5.5527
AYMU	-5.5527
IMAH	-5.5527
ETLA	-5.5527
YISM	-5.5527
KECH	-5.5527
MIRR	-5.5527
UNPA	-5.5527
MBYA	-5.5527
CISS	-5.5527
FERV	-5.5527
ROPA	-5.5527
SMEW	-5.5527
OOSA	-5.5527
AKON	-5.5527
WANO	-5.5527
OUCE	-5.5527
UTPU	-5.5527
RYBL	-5.5527
ICSI	-5.5527
NUES	-5.5527
GWEH	-5.5527
BYAH	-5.5527
IPSF	-5.5527
IXAN	-5.5527
OCKY	-5.5527
ONOC	-5.5527
EALP	-5.5527
IVAC	-5.5527
RNYE	-5.5527
TICG	-5.5527
UEPO	-5.5527
RDSG	-5.5527
HYAS	-5.5527
ICKP	-5.5527
CKPA	-5.5527
ETBA	-5.5527
HEMK	-5.5527
FECO	-5.5527
THOB	-5.5527
ARIV	-5.5527
MISN	-5.5527
YMEC	-5.5527
ETIP	-5.5527
CLEM	-5.5527
ITIL	-5.5527
RUNR	-5.5527
NTDR	-5.5527
ORYP	-5.5527
MMEI	-5.5527
VEBL	-5.5527
ODKN	-5.5527
NOBT	-5.5527
HIPD	-5.5527
OWFE	-5.5527
SLOC	-5.5527
FBYT	-5.5527
LUSA	-5.5527
MYWE	-5.5527
HOAM	-5.5527
MEGE	-5.5527
WOIN	-5.5527
EEDP	-5.5527
EYPO	-5.5527
DLIB	-5.5527
FACU	-5.5527
LBOR	-5.5527
BORO	-5.5527
GLEN	-5.5527
GBUS	-5.5527
ALGA	-5.5527
MGEN	-5.5527
NDNU	-5.5527
IERW	-5.5527
AWSI	-5.5527
PANN	-5.5527
MACK	-5.5527
EGAD	-5.5527
OFBY	-5.5527
DOMH	-5.5527
IRSS	-5.5527
HUSL	-5.5527
NYBR	-5.5527
SWIV	-5.5527
BULE	-5.5527
DPOE	-5.5527
EBYD	-5.5527
ODIM	-5.5527
ARKM	-5.5527
OAPL	-5.5527
ODOG	-5.5527
ASVI	-5.5527
FEYE	-5.5527
NELL	-5.5527
OMAA	-5.5527
DLIM	-5.5527
DINU	-5.5527
LYEI	-5.5527
OHHO	-5.5527
LIPI	-5.5527
WESO	-5.5527
ESNU	-5.5527
PORI	-5.5527
GUPS	-5.5527
CHJO	-5.5527
HSAL	-5.5527
ITYG	-5.5527
ESIK	-5.5527
DDOG	-5.5527
WAGA	-5.5527
WHYB	-5.5527
LTES	-5.5527
DASG	-5.5527
TORL	-5.5527
UGES	-5.5527
IGNB	-5.5527
ELTU	-5.5527
ROBU	-5.5527
NBOO	-5.5527
HSAR	-5.5527
IDWO	-5.5527
OODV	-5.5527
HHEE	-5.5527
EGEA	-5.5527
HPOL	-5.5527
ILUN	-5.5527
WAYG	-5.5527
UTGA	-5.5527
NIPR	-5.5527
MABR	-5.5527
TBYR	-5.5527
OBOY	-5.5527
WUND	-5.5527
OYWA	-5.5527
NERL	-5.5527
UYET	-5.5527
IDFE	-5.5527
MOAN	-5.5527
CHUC	-5.5527
TOID	-5.5527
FRUS	-5.5527
SONU	-5.5527
CRUT	-5.5527
RIAC	-5.5527
EVOW	-5.5527
TARG	-5.5527
OCRY	-5.5527
MEHU	-5.5527
PREG	-5.5527
LONO	-5.5527
ODTR	-5.5527
SUNO	-5.5527
YISP	-5.5527
FITL	-5.5527
LICY	-5.5527
YEAH	-5.5527
AHDI	-5.5527
ENAZ	-5.5527
NIMB	-5.5527
ALAH	-5.5527
HIVI	-5.5527
CAHA	-5.5527
YBOS	-5.5527
EDSB	-5.5527
MBSW	-5.5527
WWAT	-5.5527
HHEG	-5.5527
HTYB	-5.5527
DSTS	-5.5527
HAZT	-5.5527
HBAN	-5.5527
HREI	-5.5527
TJOS	-5.5527
DIPP	-5.5527
HFOO	-5.5527
ULSW	-5.5527
YPIL	-5.5527
HIDH	-5.5527
RHID	-5.5527
FKOH	-5.5527
ELKA	-5.5527
OILB	-5.5527
FLAX	-5.5527
RBSO	-5.5527
CKDA	-5.5527
TEJU	-5.5527
NYEB	-5.5527
IBAN	-5.5527
NSPU	-5.5527
LYEH	-5.5527
UNTU	-5.5527
AKDO	-5.5527
OUDC	-5.5527
MITR	-5.5527
AMBT	-5.5527
RNWO	-5.5527
LETB	-5.5527
EESF	-5.5527
UBYT	-5.5527
UIWI	-5.5527
ZERT	-5.5527
UNOF	-5.5527
BYJE	-5.5527
OBAA	-5.5527
MPAG	-5.5527
IRDY	-5.5527
OLSW	-5.5527
YROC	-5.5527
OYEN	-5.5527
NAMB	-5.5527
AMKI	-5.5527
HDOD	-5.5527
OHEZ	-5.5527
KEIL	-5.5527
ABIE	-5.5527
ABNO	-5.5527
AALI	-5.5527
UDDY	-5.5527
BALI	-5.5527
HTYI	-5.5527
HAZZ	-5.5527
OAMS	-5.5527
ABIJ	-5.5527
ONZE	-5.5527
NICH	-5.5527
ZENS	-5.5527
CUPS	-5.5527
GARN	-5.5527
TBAB	-5.5527
BINN	-5.5527
UCAS	-5.5527
YEAW	-5.5527
HFIE	-5.5527
EROG	-5.5527
DEFL	-5.5527
VEGE	-5.5527
SUSF	-5.5527
IASW	-5.5527
SVIC	-5.5527
ISMT	-5.5527
DCAE	-5.5527
DEXH	-5.5527
RSVO	-5.5527
BUMP	-5.5527
YJAY	-5.5527
GFIS	-5.5527
SIVO	-5.5527
ADUE	-5.5527
VALR	-5.5527
VOLI	-5.5527
VIBR	-5.5527
FEUR	-5.5527
MOTO	-5.5527
SSEO	-5.5527
DOCK	-5.5527
OSSM	-5.5527
ALVO	-5.5527
REGN	-5.5527
YANK	-5.5527
MUTI	-5.5527
GVOY	-5.5527
MRTA	-5.5527
EGWH	-5.5527
RCTI	-5.5527
UEGT	-5.5527
IADS	-5.5527
OYCE	-5.5527
TIUE	-5.5527
MAIE	-5.5527
NDVN	-5.5527
TAUI	-5.5527
UMEI	-5.5705
YTWE	-5.5705
FEMM	-5.5705
ADCE	-5.5705
HTGR	-5.5705
LFWE	-5.5705
USIL	-5.5705
RVEW	-5.5705
AYFU	-5.5705
YCIV	-5.5705
YEXA	-5.5705
FAHO	-5.5705
ORJA	-5.5705
UNSW	-5.5705
PPYC	-5.5705
YINQ	-5.5705
DAVA	-5.5705
UTIB	-5.5705
YOUQ	-5.5705
NIRR	-5.5705
LSWO	-5.5705
SOJU	-5.5705
SOAP	-5.5705
UNFI	-5.5705
ERUM	-5.5705
ULDV	-5.5705
RMSF	-5.5705
DYAL	-5.5705
ONGV	-5.5705
LKNE	-5.5705
UNPO	-5.5705
HLYB	-5.5705
WAWA	-5.5705
ANUR	-5.5705
IMGR	-5.5705
LEDV	-5.5705
UTOA	-5.5705
FGLA	-5.5705
RGEE	-5.5705
OBOR	-5.5705
YNOD	-5.5705
BEYH	-5.5705
TYTI	-5.5705
EIMI	-5.5705
RYOD	-5.5705
SIXY	-5.5705
GAFE	-5.5705
KOFO	-5.5705
BLYP	-5.5705
MICO	-5.5705
WWER	-5.5705
NEAI	-5.5705
CEOH	-5.5705
DYLI	-5.5705
HTVE	-5.5705
MMAM	-5.5705
DOHA	-5.5705
MAGO	-5.5705
URQU	-5.5705
CTWE	-5.5705
HCRE	-5.5705
DYRE	-5.5705
SHSU	-5.5705
IHEL	-5.5705
MEIK	-5.5705
ACYI	-5.5705
EYAT	-5.5705
YSDE	-5.5705
LLSR	-5.5705
CTAL	-5.5705
NKON	-5.5705
TPOR	-5.5705
MBEY	-5.5705
LMYP	-5.5705
DEAA	-5.5705
LDAV	-5.5705
AZEA	-5.5705
YELA	-5.5705
WSSO	-5.5705
ECEM	-5.5705
NSGO	-5.5705
IFFU	-5.5705
YDUT	-5.5705
ULDJ	-5.5705
LDJU	-5.5705
ETTU	-5.5705
NINR	-5.5705
BYSP	-5.5705
WNAF	-5.5705
UAMO	-5.5705
WOTO	-5.5705
FFBU	-5.5705
OPEM	-5.5705
GDRO	-5.5705
ODYK	-5.5705
DUBI	-5.5705
NYAM	-5.5705
GSPO	-5.5705
TYNI	-5.5705
ATOH	-5.5705
DYOR	-5.5705
RMOM	-5.5705
FEYO	-5.5705
GSOH	-5.5705
ENEP	-5.5705
TINQ	-5.5705
PTWE	-5.5705
ZAAN	-5.5705
ONDP	-5.5705
WSOR	-5.5705
AYEI	-5.5705
LPOO	-5.5705
OWGL	-5.5705
BTIN	-5.5705
TAQU	-5.5705
CEID	-5.5705
WMAR	-5.5705
SODR	-5.5705
USPU	-5.5705
UITM	-5.5705
ANEQ	-5.5705
NDSG	-5.5705
ETPO	-5.5705
FERB	-5.5705
KTOA	-5.5705
NROA	-5.5705
RTPA	-5.5705
FENE	-5.5705
NREG	-5.5705
UMYL	-5.5705
SEPT	-5.5705
LNEA	-5.5705
YJOI	-5.5705
BYJO	-5.5705
OATB	-5.5705
YIHO	-5.5705
MINN	-5.5705
DUSW	-5.5705
ICWA	-5.5705
UELC	-5.5705
XEDU	-5.5705
AHES	-5.5705
ATIU	-5.5705
RYIL	-5.5705
PTST	-5.5705
TICD	-5.5705
NLYV	-5.5705
DWRA	-5.5705
EPWA	-5.5705
ORTC	-5.5705
HCER	-5.5705
OTAV	-5.5705
YWEW	-5.5705
GFRA	-5.5705
EJEA	-5.5705
BADO	-5.5705
RSVE	-5.5705
UPUL	-5.5705
OKBU	-5.5705
WOCA	-5.5705
KPAR	-5.5705
LATR	-5.5705
TIGO	-5.5705
OMIM	-5.5705
HTID	-5.5705
NUAT	-5.5705
SLYE	-5.5705
GHSU	-5.5705
YORW	-5.5705
HTFE	-5.5705
SLYF	-5.5705
FALE	-5.5705
OUNL	-5.5705
WNPL	-5.5705
RTOJ	-5.5705
URTB	-5.5705
GNOS	-5.5705
YEXE	-5.5705
REYI	-5.5705
GSST	-5.5705
FNON	-5.5705
YSSU	-5.5705
DMRC	-5.5705
ORWR	-5.5705
ISIW	-5.5705
PEFR	-5.5705
HTEX	-5.5705
WEDN	-5.5705
NTKI	-5.5705
SJAN	-5.5705
NITN	-5.5705
XWAS	-5.5705
RSGI	-5.5705
DSUG	-5.5705
FLAB	-5.5705
CESR	-5.5705
MMYH	-5.5705
ELOI	-5.5705
TONR	-5.5705
AVYB	-5.5705
TEFL	-5.5705
FWOU	-5.5705
UBOR	-5.5705
EKHE	-5.5705
NATM	-5.5705
OLFO	-5.5705
OPAI	-5.5705
DORR	-5.5705
LCUR	-5.5705
FPAI	-5.5705
TPIC	-5.5705
MIMI	-5.5705
UIES	-5.5705
SAPU	-5.5705
VERV	-5.5705
USDA	-5.5705
GCHE	-5.5705
WEBO	-5.5705
CBUT	-5.5705
RYFL	-5.5705
SOCR	-5.5705
AVIR	-5.5705
YETG	-5.5705
NCUM	-5.5705
FITD	-5.5705
FHUR	-5.5705
AFEI	-5.5705
YUNS	-5.5705
PUDE	-5.5705
HTCH	-5.5705
LISN	-5.5705
RTSU	-5.5705
ODYP	-5.5705
EUSF	-5.5705
RYCU	-5.5705
LLOH	-5.5705
ANKM	-5.5705
HIFI	-5.5705
GLYB	-5.5705
EMLA	-5.5705
ULEW	-5.5705
ODMI	-5.5705
MYJO	-5.5705
URCU	-5.5705
LIHE	-5.5705
ARDJ	-5.5705
AIRN	-5.5705
WISS	-5.5705
GTOK	-5.5705
FSPA	-5.5705
WDAN	-5.5705
RARO	-5.5705
SDAM	-5.5705
IGOA	-5.5705
FTAB	-5.5705
FROB	-5.5705
RUNB	-5.5705
NYLA	-5.5705
LDSF	-5.5705
OSOA	-5.5705
UPSH	-5.5705
GNER	-5.5705
EWBA	-5.5705
YEIG	-5.5705
OMGI	-5.5705
OCKM	-5.5705
YAPA	-5.5705
AIRP	-5.5705
GHDI	-5.5705
KLYI	-5.5705
OYSI	-5.5705
HNEA	-5.5705
LEIG	-5.5705
WSTE	-5.5705
EPSW	-5.5705
NGLU	-5.5705
TMYE	-5.5705
MADB	-5.5705
SLYP	-5.5705
AVAR	-5.5705
IARC	-5.5705
NTUA	-5.5705
ONPI	-5.5705
IPEN	-5.5705
YIRE	-5.5705
SIFL	-5.5705
FSMO	-5.5705
PSFO	-5.5705
SDOS	-5.5705
SOAG	-5.5705
EMSW	-5.5705
DTES	-5.5705
IDCE	-5.5705
DARL	-5.5705
CALO	-5.5705
HOBU	-5.5705
RAHE	-5.5705
MYEN	-5.5705
TNOF	-5.5705
CHKE	-5.5705
WCHA	-5.5705
HRUN	-5.5705
DWEB	-5.5705
INTC	-5.5705
ARYN	-5.5705
YNAY	-5.5705
FVIE	-5.5705
TVIO	-5.5705
YCRU	-5.5705
ELNE	-5.5705
GOAG	-5.5705
MATS	-5.5705
RUEO	-5.5705
RKAL	-5.5705
TTAT	-5.5705
RUMA	-5.5705
DSFE	-5.5705
TAXE	-5.5705
MPOW	-5.5705
ISHR	-5.5705
FATN	-5.5705
AVAT	-5.5705
NGKE	-5.5705
ULYS	-5.5705
RSFL	-5.5705
BEVI	-5.5705
HTDA	-5.5705
WPRE	-5.5705
MEJE	-5.5705
AWNY	-5.5705
MNTH	-5.5705
HLOU	-5.5705
EBAY	-5.5705
TICR	-5.5705
VEIC	-5.5705
OETR	-5.5705
ALUS	-5.5705
ENSN	-5.5705
ESFU	-5.5705
ITSY	-5.5705
SNUG	-5.5705
YSOW	-5.5705
YHEF	-5.5705
UPSI	-5.5705
MARL	-5.5705
WOFD	-5.5705
EETP	-5.5705
UPBO	-5.5705
MNAS	-5.5705
PSSA	-5.5705
YMAC	-5.5705
IMBI	-5.5705
AILN	-5.5705
MEFL	-5.5705
CIFY	-5.5705
LATS	-5.5705
RELD	-5.5705
IHOL	-5.5705
ATVO	-5.5705
EMFA	-5.5705
HEWB	-5.5705
USAM	-5.5705
BHIS	-5.5705
TATN	-5.5705
MDRI	-5.5705
TUEA	-5.5705
RMAH	-5.5705
ECAY	-5.5705
HNWH	-5.5705
EBEU	-5.5705
DAKI	-5.5705
SVIO	-5.5705
CECR	-5.5705
ICRE	-5.5705
CHAU	-5.5705
EWSC	-5.5705
ORML	-5.5705
HYBU	-5.5705
DSOJ	-5.5705
DOND	-5.5705
HHUN	-5.5705
SOBB	-5.5705
SSLU	-5.5705
RUSB	-5.5705
TOLU	-5.5705
EEBA	-5.5705
DARU	-5.5705
ONYS	-5.5705
EAUI	-5.5705
GHME	-5.5705
TUSP	-5.5705
ERNB	-5.5705
CKSC	-5.5705
SHMO	-5.5705
RIHE	-5.5705
YEMB	-5.5705
SDIG	-5.5705
IEAT	-5.5705
HKEP	-5.5705
IWRO	-5.5705
TAMM	-5.5705
DREE	-5.5705
FUGI	-5.5705
OENO	-5.5705
URBL	-5.5705
AANT	-5.5705
ASHK	-5.5705
HUTA	-5.5705
BKIN	-5.5705
ILDG	-5.5705
LTGI	-5.5705
UAHA	-5.5705
DELD	-5.5705
LAHI	-5.5705
CINT	-5.5705
SAUA	-5.5705
AHLO	-5.5705
AYBL	-5.5705
DGOF	-5.5705
UMYS	-5.5705
ISJA	-5.5705
LTSP	-5.5705
ODEW	-5.5705
HLAB	-5.5705
AKWH	-5.5705
BAMA	-5.5705
NAHW	-5.5705
SCUP	-5.5705
ATPH	-5.5705
AOHT	-5.5705
OHKI	-5.5705
YEAF	-5.5705
HEZR	-5.5705
HONK	-5.5705
LYIE	-5.5705
NDYI	-5.5705
OUKI	-5.5705
HYRO	-5.5705
OSWA	-5.5705
ARYU	-5.5705
FOXE	-5.5705
ONDF	-5.5705
HINU	-5.5705
WOKI	-5.5705
KIDN	-5.5705
CRYF	-5.5705
AIAS	-5.5705
THKE	-5.5705
EDSK	-5.5705
LMOF	-5.5705
SUES	-5.5705
YHEB	-5.5705
LIEL	-5.5705
AFTT	-5.5705
FBAL	-5.5705
NRAM	-5.5705
ROYH	-5.5705
ROER	-5.5705
GEFU	-5.5705
HYBA	-5.5705
IZPE	-5.5705
ZPEH	-5.5705
EKRO	-5.5705
DIDG	-5.5705
ZEBA	-5.5705
BOAZ	-5.5705
SHDA	-5.5705
POFC	-5.5705
OWIP	-5.5705
RPSA	-5.5705
DOKT	-5.5705
DMEU	-5.5705
APRA	-5.5705
ZABA	-5.5705
KIMT	-5.5705
IAHM	-5.5705
CYRU	-5.5705
NROY	-5.5705
PSAR	-5.5705
TWID	-5.5705
KETR	-5.5705
EVAP	-5.5705
HFIS	-5.5705
UHOL	-5.5705
RTSL	-5.5705
ECKF	-5.5705
RKSS	-5.5705
SRAG	-5.5705
LSUD	-5.5705
RJAW	-5.5705
HURN	-5.5705
LTUO	-5.5705
HYGI	-5.5705
SAMB	-5.5705
LUPT	-5.5705
LICH	-5.5705
SKYI	-5.5705
ELAZ	-5.5705
BRES	-5.5705
XHAL	-5.5705
RHYM	-5.5705
OLEU	-5.5705
WAMP	-5.5705
GTRA	-5.5705
EGAS	-5.5705
ASUA	-5.5705
LUTC	-5.5705
GROT	-5.5705
DSKY	-5.5705
INIU	-5.5705
MRGL	-5.5705
ANOK	-5.5705
ORBS	-5.5705
LPHU	-5.5705
AUEW	-5.5705
YONG	-5.5705
IUDG	-5.5705
MOUE	-5.5705
UANC	-5.5889
HTSB	-5.5889
SOOB	-5.5889
SACI	-5.5889
YMRK	-5.5889
OYYO	-5.5889
STAH	-5.5889
OESP	-5.5889
UEMY	-5.5889
GSOW	-5.5889
NKSF	-5.5889
LFPA	-5.5889
CLEN	-5.5889
EUPM	-5.5889
IFMR	-5.5889
OKAB	-5.5889
OLEY	-5.5889
ULMI	-5.5889
MBOD	-5.5889
HTOK	-5.5889
MFRI	-5.5889
NNUI	-5.5889
EWLY	-5.5889
ECAK	-5.5889
GHEM	-5.5889
GMOT	-5.5889
TECR	-5.5889
LKER	-5.5889
TYUP	-5.5889
PONN	-5.5889
LHON	-5.5889
SSFE	-5.5889
RTPL	-5.5889
TPLU	-5.5889
TUNW	-5.5889
IORA	-5.5889
OFTB	-5.5889
OBEQ	-5.5889
MRAT	-5.5889
HSEL	-5.5889
DSBO	-5.5889
HOFU	-5.5889
GBEY	-5.5889
OWSY	-5.5889
IXYE	-5.5889
XYEA	-5.5889
AWNF	-5.5889
OOPA	-5.5889
GABA	-5.5889
OURQ	-5.5889
NSEX	-5.5889
TEIM	-5.5889
OSSF	-5.5889
AALW	-5.5889
HDIF	-5.5889
LSRE	-5.5889
ULCR	-5.5889
OMNA	-5.5889
LYIC	-5.5889
UCRI	-5.5889
RAMU	-5.5889
DWIV	-5.5889
OYHI	-5.5889
BEAK	-5.5889
NEJU	-5.5889
GCRI	-5.5889
LEIC	-5.5889
ADIR	-5.5889
OOPO	-5.5889
USHH	-5.5889
BYGR	-5.5889
TIGI	-5.5889
GHAG	-5.5889
MAYY	-5.5889
NSEF	-5.5889
AYVE	-5.5889
TCHP	-5.5889
MAWH	-5.5889
ECHH	-5.5889
ODTE	-5.5889
MYON	-5.5889
TASB	-5.5889
RITD	-5.5889
KSOT	-5.5889
DCHU	-5.5889
RAYL	-5.5889
RSOB	-5.5889
FFEM	-5.5889
SUNP	-5.5889
RYAD	-5.5889
CKCH	-5.5889
IRPU	-5.5889
ECHW	-5.5889
DPUS	-5.5889
WNLO	-5.5889
RITP	-5.5889
MYAD	-5.5889
PITH	-5.5889
NYTE	-5.5889
KTOO	-5.5889
UCTT	-5.5889
DEIF	-5.5889
AYID	-5.5889
YSEP	-5.5889
RITL	-5.5889
GFRE	-5.5889
DAFL	-5.5889
HWEC	-5.5889
AHSO	-5.5889
GREL	-5.5889
GHSI	-5.5889
EIFS	-5.5889
GFOO	-5.5889
LWEC	-5.5889
EYFR	-5.5889
LVEO	-5.5889
ETFE	-5.5889
UMNA	-5.5889
EAIT	-5.5889
YISB	-5.5889
SBIL	-5.5889
KLYS	-5.5889
NNOI	-5.5889
DONN	-5.5889
LARH	-5.5889
FIXI	-5.5889
WALO	-5.5889
IIIT	-5.5889
GEIF	-5.5889
FSNO	-5.5889
IVAN	-5.5889
RTBY	-5.5889
OTOE	-5.5889
YANX	-5.5889
FCAT	-5.5889
LLSN	-5.5889
WTOD	-5.5889
RMWA	-5.5889
PINM	-5.5889
UNKW	-5.5889
TLYK	-5.5889
GMEI	-5.5889
IBAB	-5.5889
ASAJ	-5.5889
HHOP	-5.5889
IRLH	-5.5889
GHCH	-5.5889
GUNP	-5.5889
OOWI	-5.5889
EMAH	-5.5889
GASU	-5.5889
ELFG	-5.5889
OOGR	-5.5889
VARY	-5.5889
HSMO	-5.5889
PUPP	-5.5889
ANKG	-5.5889
NKGO	-5.5889
ANEB	-5.5889
AMAA	-5.5889
LTWO	-5.5889
OIRE	-5.5889
GSUS	-5.5889
SOIA	-5.5889
GIME	-5.5889
NLOS	-5.5889
MCOL	-5.5889
THJA	-5.5889
OAPE	-5.5889
YNEE	-5.5889
WSOL	-5.5889
UTYW	-5.5889
LTHW	-5.5889
MAPR	-5.5889
GBEI	-5.5889
ICID	-5.5889
WAMO	-5.5889
DIUN	-5.5889
AXIS	-5.5889
LIGO	-5.5889
NSIW	-5.5889
AYSY	-5.5889
MEPI	-5.5889
WSAS	-5.5889
NLIS	-5.5889
TAYH	-5.5889
BERD	-5.5889
KHAN	-5.5889
YORE	-5.5889
PSSO	-5.5889
LREN	-5.5889
ACTB	-5.5889
OANU	-5.5889
GSAB	-5.5889
RLSH	-5.5889
YCEA	-5.5889
SOIF	-5.5889
OTCR	-5.5889
UDYO	-5.5889
WNAB	-5.5889
ATAI	-5.5889
MWAL	-5.5889
PALO	-5.5889
MANV	-5.5889
UANS	-5.5889
ICBU	-5.5889
HEXT	-5.5889
WOHA	-5.5889
IERB	-5.5889
GSEL	-5.5889
IALH	-5.5889
KOFC	-5.5889
EDSQ	-5.5889
NDEQ	-5.5889
OABE	-5.5889
NOEV	-5.5889
EYGI	-5.5889
TEEA	-5.5889
VEOV	-5.5889
HOPO	-5.5889
EOHT	-5.5889
YEEV	-5.5889
LISC	-5.5889
XTHA	-5.5889
HSIG	-5.5889
EFTW	-5.5889
NKSW	-5.5889
LSBY	-5.5889
XITY	-5.5889
NUSW	-5.5889
DBYP	-5.5889
WNAC	-5.5889
NSBA	-5.5889
MGRE	-5.5889
ORVA	-5.5889
EAHT	-5.5889
SMED	-5.5889
ICLI	-5.5889
EBOS	-5.5889
EWEV	-5.5889
EWEF	-5.5889
RUNL	-5.5889
OMYA	-5.5889
OAFA	-5.5889
STCI	-5.5889
UNEM	-5.5889
EJOH	-5.5889
NSHR	-5.5889
WNNE	-5.5889
EIAL	-5.5889
HTYC	-5.5889
PESF	-5.5889
AMIC	-5.5889
GHSP	-5.5889
YADA	-5.5889
PYIS	-5.5889
SHUG	-5.5889
WHAS	-5.5889
UPUT	-5.5889
UTSL	-5.5889
UIST	-5.5889
ORYN	-5.5889
TYAM	-5.5889
DSOG	-5.5889
EMOB	-5.5889
EJUN	-5.5889
ELYV	-5.5889
RRYP	-5.5889
TTRY	-5.5889
UITL	-5.5889
OLNE	-5.5889
SADU	-5.5889
DONK	-5.5889
OLMA	-5.5889
NESR	-5.5889
UNDP	-5.5889
INIC	-5.5889
FMAD	-5.5889
TIRI	-5.5889
LFPR	-5.5889
BUTQ	-5.5889
BADL	-5.5889
IFAT	-5.5889
LERH	-5.5889
GOSA	-5.5889
RDIL	-5.5889
ADRY	-5.5889
ELAV	-5.5889
MULO	-5.5889
NBEB	-5.5889
RETF	-5.5889
MNAY	-5.5889
VEES	-5.5889
YIFA	-5.5889
OOTF	-5.5889
AUTO	-5.5889
KLYT	-5.5889
ELTF	-5.5889
GSCE	-5.5889
CEGA	-5.5889
HTGI	-5.5889
RNSU	-5.5889
EWYE	-5.5889
AMIF	-5.5889
AMIM	-5.5889
FTME	-5.5889
WCAL	-5.5889
OGAI	-5.5889
EWUN	-5.5889
ECCE	-5.5889
EONY	-5.5889
EOBT	-5.5889
OSOC	-5.5889
INUR	-5.5889
BYYE	-5.5889
MADH	-5.5889
GMES	-5.5889
DOGI	-5.5889
NBLE	-5.5889
LSAM	-5.5889
MEVA	-5.5889
MSET	-5.5889
TBYO	-5.5889
OPTE	-5.5889
SOJE	-5.5889
EPHY	-5.5889
MRAM	-5.5889
LAIR	-5.5889
FCLA	-5.5889
UMSY	-5.5889
EMIH	-5.5889
UNSI	-5.5889
EINK	-5.5889
OCOA	-5.5889
ICDE	-5.5889
IFTB	-5.5889
LIGN	-5.5889
BOYC	-5.5889
NTTU	-5.5889
GGOT	-5.5889
MEGA	-5.5889
GTHH	-5.5889
LSUM	-5.5889
GHPA	-5.5889
RTAG	-5.5889
MCHI	-5.5889
HBUI	-5.5889
EVEX	-5.5889
YPAL	-5.5889
LCAT	-5.5889
POFF	-5.5889
BYLA	-5.5889
GSUF	-5.5889
HIDA	-5.5889
HJEA	-5.5889
CASH	-5.5889
OKFR	-5.5889
ALFF	-5.5889
ODBO	-5.5889
NTPU	-5.5889
SRIN	-5.5889
ICMA	-5.5889
ODSD	-5.5889
ITYK	-5.5889
TBIN	-5.5889
NYIS	-5.5889
EMSS	-5.5889
EEAP	-5.5889
TEBA	-5.5889
DCEL	-5.5889
HBYC	-5.5889
LBEJ	-5.5889
NPIC	-5.5889
BYTE	-5.5889
FLIB	-5.5889
OISW	-5.5889
RNOA	-5.5889
NIGG	-5.5889
SORU	-5.5889
PONG	-5.5889
IBEC	-5.5889
UINM	-5.5889
NTIP	-5.5889
FIBE	-5.5889
ZAHA	-5.5889
HONM	-5.5889
NORK	-5.5889
EADG	-5.5889
RTCA	-5.5889
UIDO	-5.5889
RTAD	-5.5889
SSHR	-5.5889
ACOO	-5.5889
RORL	-5.5889
RINY	-5.5889
TMIR	-5.5889
AYFL	-5.5889
OKUN	-5.5889
ETUB	-5.5889
MHAM	-5.5889
FTYC	-5.5889
AHON	-5.5889
GLIV	-5.5889
SHKI	-5.5889
IUNT	-5.5889
AHEV	-5.5889
EKEN	-5.5889
TOFZ	-5.5889
HEWU	-5.5889
FEUN	-5.5889
OPOT	-5.5889
SWEI	-5.5889
DANW	-5.5889
BDID	-5.5889
NRAC	-5.5889
HOUV	-5.5889
DIEL	-5.5889
USHD	-5.5889
KANT	-5.5889
DADT	-5.5889
JETH	-5.5889
AELL	-5.5889
RIDH	-5.5889
UBRO	-5.5889
SPHA	-5.5889
TPHA	-5.5889
ASHB	-5.5889
ICEV	-5.5889
MFEA	-5.5889
MUSH	-5.5889
SEAE	-5.5889
YOLO	-5.5889
ANOX	-5.5889
XENF	-5.5889
KEBO	-5.5889
AGAT	-5.5889
HUMM	-5.5889
LYEP	-5.5889
TYEC	-5.5889
IDSM	-5.5889
EDEU	-5.5889
DEUE	-5.5889
MAHL	-5.5889
HUSK	-5.5889
GARL	-5.5889
OOTY	-5.5889
DEDJ	-5.5889
RTSF	-5.5889
IANR	-5.5889
FFYO	-5.5889
DMEP	-5.5889
SILA	-5.5889
DRAB	-5.5889
ILTU	-5.5889
AALS	-5.5889
REYF	-5.5889
SMID	-5.5889
HJER	-5.5889
TBYF	-5.5889
WYEN	-5.5889
ABBL	-5.5889
RDRU	-5.5889
AHFR	-5.5889
EOMY	-5.5889
OUDF	-5.5889
ETJE	-5.5889
SBYF	-5.5889
AZAE	-5.5889
ZAEL	-5.5889
HPEA	-5.5889
SARW	-5.5889
IPET	-5.5889
BBAB	-5.5889
ARPT	-5.5889
IANY	-5.5889
COAN	-5.5889
TAMB	-5.5889
KGRE	-5.5889
SOVA	-5.5889
LIAA	-5.5889
PHOL	-5.5889
EHYP	-5.5889
ORNL	-5.5889
LIPW	-5.5889
HLAY	-5.5889
LOWG	-5.5889
SMAJ	-5.5889
IPSP	-5.5889
TTYR	-5.5889
NVIL	-5.5889
ATSD	-5.5889
BEDN	-5.5889
DDUC	-5.5889
CRUM	-5.5889
FNAZ	-5.5889
IDQU	-5.5889
LAZA	-5.5889
YPHI	-5.5889
LAPO	-5.5889
LELS	-5.5889
TOML	-5.5889
GRUN	-5.5889
SNTS	-5.5889
NDYA	-5.5889
DOWY	-5.5889
REYN	-5.5889
DAIS	-5.5889
EEZI	-5.5889
CULL	-5.5889
ICSP	-5.5889
ZONE	-5.5889
CAVA	-5.5889
COSM	-5.5889
CLUT	-5.5889
KHAT	-5.5889
TORG	-5.5889
LHAU	-5.5889
WDOR	-5.5889
UERN	-5.5889
RADN	-5.5889
DVPO	-5.5889
LFEW	-5.5889
NKEI	-5.5889
VNTO	-5.5889
VPTH	-5.5889
NYEN	-5.6082
SATP	-5.6082
LORM	-5.6082
GAFF	-5.6082
LFAD	-5.6082
DATD	-5.6082
ALKH	-5.6082
LKHA	-5.6082
UTJA	-5.6082
HMRW	-5.6082
TYSP	-5.6082
NUSI	-5.6082
AYPO	-5.6082
TBYE	-5.6082
MTOY	-5.6082
BYOT	-5.6082
HTJU	-5.6082
FTOP	-5.6082
NOHI	-5.6082
LENJ	-5.6082
TYPO	-5.6082
KPRO	-5.6082
LFEN	-5.6082
NOVI	-5.6082
NEBL	-5.6082
YUNF	-5.6082
ETYS	-5.6082
LRAT	-5.6082
LACR	-5.6082
HOCC	-5.6082
KWOU	-5.6082
APIC	-5.6082
GLEM	-5.6082
ALUP	-5.6082
OKSB	-5.6082
MYCU	-5.6082
OLOW	-5.6082
UCTU	-5.6082
RERB	-5.6082
TYIH	-5.6082
TSOG	-5.6082
BLYG	-5.6082
LHEI	-5.6082
EYUS	-5.6082
ULGI	-5.6082
DEFF	-5.6082
EONP	-5.6082
OODJ	-5.6082
VEEM	-5.6082
GUEH	-5.6082
ALFD	-5.6082
AMAP	-5.6082
LEEY	-5.6082
FFUL	-5.6082
MYDR	-5.6082
EUNJ	-5.6082
ASYS	-5.6082
LCRA	-5.6082
NSKI	-5.6082
TBEQ	-5.6082
ENIP	-5.6082
UADI	-5.6082
RYSW	-5.6082
ULEX	-5.6082
HMRE	-5.6082
MADR	-5.6082
NSMU	-5.6082
UDOT	-5.6082
SIRM	-5.6082
ROHI	-5.6082
NAGI	-5.6082
FASK	-5.6082
OOSH	-5.6082
RDEM	-5.6082
FAHE	-5.6082
OUEI	-5.6082
RMEH	-5.6082
GTEN	-5.6082
GASK	-5.6082
ULHO	-5.6082
ETSL	-5.6082
AJUD	-5.6082
LYSC	-5.6082
EGIT	-5.6082
RALN	-5.6082
CTNE	-5.6082
RUNE	-5.6082
DUEA	-5.6082
CKYE	-5.6082
DMRP	-5.6082
YERT	-5.6082
ARKG	-5.6082
SAWF	-5.6082
HNOB	-5.6082
OIMM	-5.6082
HMEM	-5.6082
GBYA	-5.6082
OOCO	-5.6082
OASY	-5.6082
WDOE	-5.6082
ESHY	-5.6082
EURG	-5.6082
DWRE	-5.6082
SOTE	-5.6082
GWRO	-5.6082
NSOG	-5.6082
RIHO	-5.6082
OLYW	-5.6082
DSEP	-5.6082
SAUC	-5.6082
MMYB	-5.6082
SHST	-5.6082
WONA	-5.6082
OBAS	-5.6082
YUNE	-5.6082
YAIR	-5.6082
HYPL	-5.6082
OATM	-5.6082
RUEC	-5.6082
NHEK	-5.6082
TRYR	-5.6082
PUDD	-5.6082
EYJO	-5.6082
ROIS	-5.6082
RMYR	-5.6082
DMYV	-5.6082
EELC	-5.6082
PATA	-5.6082
NNIG	-5.6082
APSF	-5.6082
LFYE	-5.6082
DMYE	-5.6082
NOPU	-5.6082
KASS	-5.6082
EERH	-5.6082
YQUA	-5.6082
TNOA	-5.6082
RAPL	-5.6082
ULPR	-5.6082
MISL	-5.6082
BEDM	-5.6082
NERN	-5.6082
IZEO	-5.6082
YPEN	-5.6082
RETB	-5.6082
UCTW	-5.6082
LDMU	-5.6082
ACYT	-5.6082
HTSM	-5.6082
NGIK	-5.6082
APEF	-5.6082
SEEJ	-5.6082
ANEU	-5.6082
INIR	-5.6082
ANIB	-5.6082
DORP	-5.6082
ARMU	-5.6082
FUSS	-5.6082
WOWH	-5.6082
LUEF	-5.6082
EVUL	-5.6082
TIAB	-5.6082
RORC	-5.6082
CKMY	-5.6082
PORK	-5.6082
LEGT	-5.6082
SIAL	-5.6082
AWKI	-5.6082
LMYM	-5.6082
RWEC	-5.6082
ITCE	-5.6082
ITJU	-5.6082
ESJO	-5.6082
UTBO	-5.6082
SHUP	-5.6082
ETSD	-5.6082
FAWE	-5.6082
NGAU	-5.6082
SOGL	-5.6082
NEDJ	-5.6082
YAFO	-5.6082
GLOS	-5.6082
VEYI	-5.6082
ALAG	-5.6082
PTBY	-5.6082
JOYH	-5.6082
WNSP	-5.6082
TEDQ	-5.6082
LTIS	-5.6082
GTAL	-5.6082
YBAL	-5.6082
IRKN	-5.6082
FSLE	-5.6082
YERR	-5.6082
SSSI	-5.6082
ALPU	-5.6082
YHIN	-5.6082
TEBY	-5.6082
YHEN	-5.6082
YSSI	-5.6082
KATA	-5.6082
TJOI	-5.6082
YVAN	-5.6082
RLIB	-5.6082
DYIE	-5.6082
IRAF	-5.6082
OTEB	-5.6082
TYBR	-5.6082
MSBU	-5.6082
EOST	-5.6082
LGLA	-5.6082
TEHU	-5.6082
ENAY	-5.6082
DSIC	-5.6082
GHDE	-5.6082
ROIN	-5.6082
ESHD	-5.6082
ECEC	-5.6082
LWOM	-5.6082
ROHA	-5.6082
ATOC	-5.6082
YATI	-5.6082
BYFR	-5.6082
HOAT	-5.6082
MADT	-5.6082
NEOH	-5.6082
AWSH	-5.6082
GAWO	-5.6082
AYOH	-5.6082
USIE	-5.6082
MBYH	-5.6082
RTEX	-5.6082
NEIC	-5.6082
OOKR	-5.6082
KROU	-5.6082
UESB	-5.6082
UEAF	-5.6082
SHIH	-5.6082
KEYT	-5.6082
EEMU	-5.6082
ROBI	-5.6082
MSOH	-5.6082
IANE	-5.6082
OGIL	-5.6082
SHEY	-5.6082
TEEX	-5.6082
EWFA	-5.6082
WSIR	-5.6082
OKSW	-5.6082
GUSH	-5.6082
NENS	-5.6082
OISY	-5.6082
KEVI	-5.6082
SSFI	-5.6082
OINM	-5.6082
NMEH	-5.6082
EMAP	-5.6082
NKAT	-5.6082
AMIW	-5.6082
UCKU	-5.6082
EEKL	-5.6082
DEES	-5.6082
RYEM	-5.6082
EWSU	-5.6082
UDHE	-5.6082
NMIT	-5.6082
RISB	-5.6082
FGET	-5.6082
MYAF	-5.6082
GSYE	-5.6082
AWAV	-5.6082
OOLR	-5.6082
UDIB	-5.6082
EEKY	-5.6082
KAMO	-5.6082
SFLI	-5.6082
UTGI	-5.6082
OUUS	-5.6082
LABR	-5.6082
ULYT	-5.6082
MITB	-5.6082
NTAH	-5.6082
BISC	-5.6082
WESI	-5.6082
EMSL	-5.6082
ETCR	-5.6082
BOXA	-5.6082
DOSE	-5.6082
SERR	-5.6082
PERG	-5.6082
TECI	-5.6082
ENDG	-5.6082
BWHE	-5.6082
LMEL	-5.6082
HHUM	-5.6082
OOKV	-5.6082
ORYR	-5.6082
CALB	-5.6082
UPEV	-5.6082
LJOI	-5.6082
NYFI	-5.6082
BEDU	-5.6082
CLEE	-5.6082
NGSV	-5.6082
RYDU	-5.6082
KONL	-5.6082
IRVE	-5.6082
OCRU	-5.6082
TENR	-5.6082
YONS	-5.6082
MPOO	-5.6082
WSFR	-5.6082
KGRO	-5.6082
LPAI	-5.6082
DSCE	-5.6082
TUPR	-5.6082
RUEB	-5.6082
TCHL	-5.6082
INIH	-5.6082
ASAU	-5.6082
LECU	-5.6082
EXPI	-5.6082
TERQ	-5.6082
AWET	-5.6082
AWNS	-5.6082
IRGL	-5.6082
NBIR	-5.6082
KEPE	-5.6082
LITO	-5.6082
LREL	-5.6082
HTSL	-5.6082
LSSE	-5.6082
DWEI	-5.6082
ADUT	-5.6082
EGHE	-5.6082
NSVO	-5.6082
WNAR	-5.6082
DSSP	-5.6082
DIBR	-5.6082
UFAI	-5.6082
OBIL	-5.6082
ALNA	-5.6082
GDAL	-5.6082
TFIF	-5.6082
EEGI	-5.6082
WATH	-5.6082
ERDH	-5.6082
EEFI	-5.6082
CHBL	-5.6082
CHIV	-5.6082
TTAU	-5.6082
RKIL	-5.6082
ALAI	-5.6082
RBYM	-5.6082
ACLU	-5.6082
RMHO	-5.6082
MRMU	-5.6082
NCHS	-5.6082
OGSA	-5.6082
ISSY	-5.6082
UOUR	-5.6082
LTPR	-5.6082
USVO	-5.6082
LPAT	-5.6082
MFEE	-5.6082
HSTU	-5.6082
OMUP	-5.6082
PCOM	-5.6082
IMTE	-5.6082
CKBR	-5.6082
ECHL	-5.6082
FPOE	-5.6082
PTOD	-5.6082
ANUT	-5.6082
AYBO	-5.6082
EUTE	-5.6082
IMFE	-5.6082
MMOV	-5.6082
ASVA	-5.6082
UMMA	-5.6082
RTFA	-5.6082
OTSF	-5.6082
FDOW	-5.6082
AMPR	-5.6082
BUYA	-5.6082
UAST	-5.6082
ILTL	-5.6082
FITR	-5.6082
UNAL	-5.6082
CINA	-5.6082
RTEV	-5.6082
BEJO	-5.6082
LTAM	-5.6082
CHJE	-5.6082
TSIW	-5.6082
RAZI	-5.6082
BBIS	-5.6082
TTIR	-5.6082
AWAG	-5.6082
ULME	-5.6082
VIES	-5.6082
DAHC	-5.6082
EGIB	-5.6082
IOFF	-5.6082
NPAL	-5.6082
TEXI	-5.6082
ABYT	-5.6082
FARG	-5.6082
SVIR	-5.6082
BEDC	-5.6082
AHIL	-5.6082
WOEN	-5.6082
GSLA	-5.6082
GARS	-5.6082
LDBA	-5.6082
STEH	-5.6082
RKWE	-5.6082
YMYB	-5.6082
CTMA	-5.6082
RNEE	-5.6082
OWIV	-5.6082
TUSK	-5.6082
BYHO	-5.6082
BYUS	-5.6082
URDW	-5.6082
USGI	-5.6082
ICUO	-5.6082
CECL	-5.6082
TPAL	-5.6082
UTCL	-5.6082
FRIV	-5.6082
KENL	-5.6082
WLIG	-5.6082
DFOW	-5.6082
HTBA	-5.6082
NAUD	-5.6082
CALH	-5.6082
LDIG	-5.6082
YGOA	-5.6082
DYEW	-5.6082
AYFE	-5.6082
GHLI	-5.6082
UTDR	-5.6082
PTBE	-5.6082
RNWE	-5.6082
UETT	-5.6082
ROID	-5.6082
ECHN	-5.6082
DOAK	-5.6082
HSFO	-5.6082
WLEA	-5.6082
YRAM	-5.6082
DDRY	-5.6082
MYCI	-5.6082
RREW	-5.6082
BRIB	-5.6082
HUFF	-5.6082
ESBI	-5.6082
LAHW	-5.6082
TUBA	-5.6082
JAPH	-5.6082
RARA	-5.6082
DODA	-5.6082
DCUS	-5.6082
GAZA	-5.6082
MFOU	-5.6082
YPTU	-5.6082
PMYC	-5.6082
GILA	-5.6082
HAZO	-5.6082
EBAH	-5.6082
BANA	-5.6082
DPOT	-5.6082
OILU	-5.6082
ADPI	-5.6082
SEGE	-5.6082
APIS	-5.6082
CCOT	-5.6082
SUEA	-5.6082
FMAS	-5.6082
PINO	-5.6082
MYRR	-5.6082
PTYE	-5.6082
HDOT	-5.6082
AOHK	-5.6082
PHRE	-5.6082
FYEB	-5.6082
RHIT	-5.6082
OBSH	-5.6082
OMJU	-5.6082
ONDJ	-5.6082
UBED	-5.6082
SKSA	-5.6082
IMAA	-5.6082
ILSF	-5.6082
CRYT	-5.6082
UTEJ	-5.6082
FUNL	-5.6082
LSOJ	-5.6082
AELP	-5.6082
ROAM	-5.6082
IRDM	-5.6082
ADOX	-5.6082
FVIR	-5.6082
BADG	-5.6082
KNOP	-5.6082
SHHO	-5.6082
SVES	-5.6082
KBON	-5.6082
KLER	-5.6082
SHLI	-5.6082
APEG	-5.6082
HOUJ	-5.6082
YEHO	-5.6082
STSD	-5.6082
DYEB	-5.6082
REAA	-5.6082
GISR	-5.6082
ZARH	-5.6082
DOGT	-5.6082
IBLA	-5.6082
INOV	-5.6082
RDIM	-5.6082
OUAW	-5.6082
EAXE	-5.6082
STVO	-5.6082
LHEF	-5.6082
EYRI	-5.6082
INOI	-5.6082
ALBI	-5.6082
NDEH	-5.6082
TOMW	-5.6082
JOEL	-5.6082
YRAC	-5.6082
NVAD	-5.6082
IGSA	-5.6082
BASA	-5.6082
TPIL	-5.6082
DATJ	-5.6082
RMYG	-5.6082
YLOA	-5.6082
HABF	-5.6082
AROP	-5.6082
TZIO	-5.6082
SARH	-5.6082
HABN	-5.6082
ORYY	-5.6082
EEJE	-5.6082
TMAL	-5.6082
LJOY	-5.6082
UMBI	-5.6082
RWOE	-5.6082
IFTM	-5.6082
RBAG	-5.6082
ISUT	-5.6082
AFTH	-5.6082
TDRU	-5.6082
WESS	-5.6082
SPET	-5.6082
LLUR	-5.6082
CEFL	-5.6082
EOPH	-5.6082
USRA	-5.6082
LBOD	-5.6082
WERV	-5.6082
RADL	-5.6082
FWOE	-5.6082
REYC	-5.6082
SOER	-5.6082
SSII	-5.6082
DNTC	-5.6082
TBIG	-5.6082
DNTY	-5.6082
DOLL	-5.6082
RUMM	-5.6082
DNTM	-5.6082
SNTT	-5.6082
NRED	-5.6082
LULL	-5.6082
MRTU	-5.6082
YSIO	-5.6082
GBOA	-5.6082
GCRO	-5.6082
AENT	-5.6082
RIUE	-5.6082
CAWD	-5.6082
TUNR	-5.6284
HBEY	-5.6284
VEMB	-5.6284
TYAG	-5.6284
UPAP	-5.6284
FARN	-5.6284
RJAM	-5.6284
DNOE	-5.6284
LYAV	-5.6284
ULMO	-5.6284
KATM	-5.6284
SAYP	-5.6284
LTRO	-5.6284
TBYI	-5.6284
CTBY	-5.6284
RIFW	-5.6284
AHOM	-5.6284
WFOU	-5.6284
YORK	-5.6284
NSUI	-5.6284
RINR	-5.6284
AIMO	-5.6284
LAWE	-5.6284
NTVO	-5.6284
RCOO	-5.6284
RLSW	-5.6284
RGOA	-5.6284
VEOT	-5.6284
CLEH	-5.6284
MEMM	-5.6284
ELFV	-5.6284
DYSO	-5.6284
RLWH	-5.6284
ARVA	-5.6284
TDOC	-5.6284
WOSU	-5.6284
YNEX	-5.6284
VEOB	-5.6284
ANIK	-5.6284
UIMA	-5.6284
TOOY	-5.6284
KASH	-5.6284
LEMP	-5.6284
NSDA	-5.6284
OWAW	-5.6284
AMOD	-5.6284
BYAD	-5.6284
BEIF	-5.6284
HTMR	-5.6284
AROB	-5.6284
CYBE	-5.6284
TDOH	-5.6284
SAYR	-5.6284
AALT	-5.6284
VEAV	-5.6284
DDOH	-5.6284
BYAG	-5.6284
NKIH	-5.6284
KILF	-5.6284
ETEO	-5.6284
NRAP	-5.6284
FPOR	-5.6284
LEMM	-5.6284
MDAY	-5.6284
STEC	-5.6284
TSRA	-5.6284
DANX	-5.6284
MRIG	-5.6284
AGHA	-5.6284
MESR	-5.6284
PYBU	-5.6284
KIWI	-5.6284
LKBE	-5.6284
OESY	-5.6284
EYTW	-5.6284
MIWA	-5.6284
YHEP	-5.6284
YIFH	-5.6284
ELYK	-5.6284
GINR	-5.6284
MAIT	-5.6284
ENSD	-5.6284
TYAF	-5.6284
MIKN	-5.6284
PHAZ	-5.6284
FSEL	-5.6284
RYHU	-5.6284
MSAW	-5.6284
YASF	-5.6284
PPYF	-5.6284
FIWI	-5.6284
ACTR	-5.6284
LLTW	-5.6284
NTFU	-5.6284
ODEO	-5.6284
RKAT	-5.6284
DINK	-5.6284
CONU	-5.6284
GMYF	-5.6284
IFEY	-5.6284
MIWO	-5.6284
OHMI	-5.6284
EOHM	-5.6284
UITB	-5.6284
WMYD	-5.6284
YERI	-5.6284
LACA	-5.6284
OYBU	-5.6284
OHNI	-5.6284
IMKN	-5.6284
ABEC	-5.6284
RLDC	-5.6284
ORAV	-5.6284
WOLD	-5.6284
OWAP	-5.6284
LIDL	-5.6284
NBEO	-5.6284
YSUD	-5.6284
HYON	-5.6284
ANJO	-5.6284
PTOO	-5.6284
UBOT	-5.6284
LFEX	-5.6284
JURI	-5.6284
TBLI	-5.6284
OUIC	-5.6284
WMRS	-5.6284
VEOC	-5.6284
LDSB	-5.6284
AFEN	-5.6284
OHGO	-5.6284
YISU	-5.6284
BADN	-5.6284
EPTN	-5.6284
RATW	-5.6284
LMEH	-5.6284
CUPY	-5.6284
FVOI	-5.6284
IMIM	-5.6284
HCLE	-5.6284
OORN	-5.6284
WNFI	-5.6284
YUNP	-5.6284
WSAL	-5.6284
BTRU	-5.6284
CITO	-5.6284
OIDT	-5.6284
DSMY	-5.6284
JANU	-5.6284
ANUA	-5.6284
MOFB	-5.6284
THAZ	-5.6284
TBEJ	-5.6284
KCHA	-5.6284
GITE	-5.6284
OMEX	-5.6284
THSN	-5.6284
IADM	-5.6284
CUMU	-5.6284
EDSN	-5.6284
LIRI	-5.6284
DUNE	-5.6284
GPAI	-5.6284
AMEX	-5.6284
LSDI	-5.6284
MNOS	-5.6284
OICO	-5.6284
ARYG	-5.6284
AJOU	-5.6284
ETBO	-5.6284
DMOD	-5.6284
TOSY	-5.6284
RUEP	-5.6284
NUNN	-5.6284
EWCA	-5.6284
YATO	-5.6284
GPEA	-5.6284
EASR	-5.6284
NLAI	-5.6284
GIKN	-5.6284
CTHO	-5.6284
XTHI	-5.6284
IPBE	-5.6284
RJOI	-5.6284
ONJA	-5.6284
MTIM	-5.6284
HSOO	-5.6284
WMON	-5.6284
TDUR	-5.6284
WBED	-5.6284
FBYA	-5.6284
FETE	-5.6284
OIWA	-5.6284
OITC	-5.6284
WNEI	-5.6284
RIRE	-5.6284
ADHU	-5.6284
AWME	-5.6284
AIAM	-5.6284
PTSI	-5.6284
BUYI	-5.6284
OKHA	-5.6284
KTOE	-5.6284
HESR	-5.6284
KSAG	-5.6284
GSOI	-5.6284
TSVA	-5.6284
USAP	-5.6284
ORVI	-5.6284
XMON	-5.6284
KOFY	-5.6284
IZEI	-5.6284
GONF	-5.6284
KONH	-5.6284
RHEU	-5.6284
OTOD	-5.6284
FARH	-5.6284
RBOL	-5.6284
SEJO	-5.6284
SMYO	-5.6284
HADQ	-5.6284
AREK	-5.6284
OMWO	-5.6284
GLYG	-5.6284
DIFN	-5.6284
ISKO	-5.6284
HEOS	-5.6284
DLYN	-5.6284
GESL	-5.6284
OKOR	-5.6284
RUAR	-5.6284
SDUL	-5.6284
TALD	-5.6284
SHPE	-5.6284
LDOS	-5.6284
YBYM	-5.6284
SSSP	-5.6284
EMFU	-5.6284
TBID	-5.6284
TSLU	-5.6284
DTIR	-5.6284
CEDN	-5.6284
LSCH	-5.6284
LBEQ	-5.6284
MSWO	-5.6284
EPBE	-5.6284
LFWO	-5.6284
GEMU	-5.6284
HTSF	-5.6284
WOWE	-5.6284
OWEE	-5.6284
DBEK	-5.6284
EIWE	-5.6284
ITKN	-5.6284
WEDL	-5.6284
RYID	-5.6284
TSIA	-5.6284
AKAG	-5.6284
DYYO	-5.6284
RIEW	-5.6284
TMEC	-5.6284
OWIK	-5.6284
WIKN	-5.6284
WDON	-5.6284
GSIG	-5.6284
NYGE	-5.6284
LDHU	-5.6284
ARCR	-5.6284
GBOT	-5.6284
THOH	-5.6284
EFTU	-5.6284
LISO	-5.6284
LACO	-5.6284
EWSL	-5.6284
AIMB	-5.6284
NCYS	-5.6284
IRVA	-5.6284
NTFL	-5.6284
ELMY	-5.6284
NEIL	-5.6284
LDOY	-5.6284
LDOC	-5.6284
ZEDB	-5.6284
NPUL	-5.6284
EDIK	-5.6284
KALO	-5.6284
NAYI	-5.6284
AWCO	-5.6284
WOSE	-5.6284
UDYI	-5.6284
NYHI	-5.6284
YIDI	-5.6284
RDGI	-5.6284
ANVO	-5.6284
OXHI	-5.6284
NOWK	-5.6284
YBLU	-5.6284
MREM	-5.6284
TMYA	-5.6284
YISR	-5.6284
MREC	-5.6284
LWEW	-5.6284
ETDR	-5.6284
RREJ	-5.6284
TGLI	-5.6284
LSDE	-5.6284
ERNU	-5.6284
WIRE	-5.6284
LNON	-5.6284
GEDN	-5.6284
LMAC	-5.6284
CEPO	-5.6284
EANR	-5.6284
GYOF	-5.6284
FBLI	-5.6284
USHW	-5.6284
BYEX	-5.6284
CETR	-5.6284
IERE	-5.6284
MACR	-5.6284
RDMU	-5.6284
IDOE	-5.6284
DASD	-5.6284
OFIF	-5.6284
ESGE	-5.6284
EFTY	-5.6284
SMYR	-5.6284
GGET	-5.6284
DYGR	-5.6284
OLAM	-5.6284
EWOL	-5.6284
OYSS	-5.6284
WUPT	-5.6284
LNOS	-5.6284
WHAP	-5.6284
GERG	-5.6284
ECTY	-5.6284
UDAR	-5.6284
CTUS	-5.6284
SUSM	-5.6284
SSYS	-5.6284
STPI	-5.6284
ULYE	-5.6284
TKEL	-5.6284
SEGI	-5.6284
MEAV	-5.6284
CONO	-5.6284
IENA	-5.6284
UCTS	-5.6284
ERDF	-5.6284
ERDM	-5.6284
KEPA	-5.6284
YBYD	-5.6284
CUFF	-5.6284
HKNE	-5.6284
FTWH	-5.6284
UPTU	-5.6284
OFTF	-5.6284
NOCL	-5.6284
YMOO	-5.6284
GOTW	-5.6284
NESN	-5.6284
HINJ	-5.6284
TKNE	-5.6284
FTBY	-5.6284
RYGA	-5.6284
EEPP	-5.6284
DFIT	-5.6284
TGIB	-5.6284
WCRE	-5.6284
RWIF	-5.6284
MMEM	-5.6284
GOLI	-5.6284
UNGD	-5.6284
NNEN	-5.6284
EYKI	-5.6284
RANF	-5.6284
LDPI	-5.6284
BBTH	-5.6284
LBOU	-5.6284
BHER	-5.6284
TPEN	-5.6284
LYPI	-5.6284
DAPI	-5.6284
NRIV	-5.6284
DIDJ	-5.6284
OSTY	-5.6284
UTEU	-5.6284
SMIR	-5.6284
KWOR	-5.6284
DIIN	-5.6284
OWBA	-5.6284
HACK	-5.6284
KIST	-5.6284
SYNO	-5.6284
NALG	-5.6284
TALH	-5.6284
HUTI	-5.6284
URNR	-5.6284
OWSR	-5.6284
LEOH	-5.6284
MDEC	-5.6284
ODEM	-5.6284
GLEB	-5.6284
RDOC	-5.6284
FICK	-5.6284
UGOD	-5.6284
WOWO	-5.6284
DFER	-5.6284
LPOL	-5.6284
KBEA	-5.6284
DUNR	-5.6284
TEES	-5.6284
HNWA	-5.6284
HHIL	-5.6284
RLTH	-5.6284
ORNC	-5.6284
NTGA	-5.6284
WNGR	-5.6284
LTUP	-5.6284
KUPH	-5.6284
AVIG	-5.6284
FERY	-5.6284
KSDO	-5.6284
SIWH	-5.6284
ILTF	-5.6284
MFAL	-5.6284
BYTA	-5.6284
XTOR	-5.6284
ULKO	-5.6284
LSOE	-5.6284
TURF	-5.6284
RDTE	-5.6284
YKIC	-5.6284
LOTF	-5.6284
FEDU	-5.6284
ASLU	-5.6284
ORLU	-5.6284
UCKF	-5.6284
RYVA	-5.6284
NYSP	-5.6284
AWMA	-5.6284
RKEL	-5.6284
ELEY	-5.6284
FERD	-5.6284
MDTH	-5.6284
KESL	-5.6284
LUTA	-5.6284
WDOF	-5.6284
NEPU	-5.6284
LKES	-5.6284
FHIL	-5.6284
RCUI	-5.6284
ONBL	-5.6284
IGHF	-5.6284
NGSK	-5.6284
MSSH	-5.6284
HTAM	-5.6284
TAPH	-5.6284
MMYL	-5.6284
RNEB	-5.6284
ITDR	-5.6284
ELUR	-5.6284
HOED	-5.6284
FMAL	-5.6284
WSWO	-5.6284
BTIL	-5.6284
ARKR	-5.6284
OPMA	-5.6284
ULIV	-5.6284
LOTW	-5.6284
AMOL	-5.6284
RLAC	-5.6284
GMYL	-5.6284
MSAR	-5.6284
SOBO	-5.6284
HREB	-5.6284
MAHT	-5.6284
CETW	-5.6284
POFI	-5.6284
IFGO	-5.6284
EJOS	-5.6284
BNOW	-5.6284
OUFL	-5.6284
TILN	-5.6284
HMYB	-5.6284
ILIC	-5.6284
OAKA	-5.6284
YLOI	-5.6284
UKEO	-5.6284
DHIR	-5.6284
MOFP	-5.6284
RDDR	-5.6284
UPIS	-5.6284
EZRO	-5.6284
ELGO	-5.6284
DLIP	-5.6284
LTKN	-5.6284
XTUN	-5.6284
YEEN	-5.6284
DEPI	-5.6284
HTET	-5.6284
EYEE	-5.6284
DHOT	-5.6284
NNAA	-5.6284
AWCA	-5.6284
HTHD	-5.6284
PPHI	-5.6284
SHAF	-5.6284
SIXC	-5.6284
TWAV	-5.6284
FHOL	-5.6284
HFAL	-5.6284
TWRA	-5.6284
SUEO	-5.6284
HARU	-5.6284
FWIC	-5.6284
MIEL	-5.6284
DANB	-5.6284
LEBT	-5.6284
FFIG	-5.6284
ANSV	-5.6284
ETAH	-5.6284
HUPH	-5.6284
STNU	-5.6284
UCKD	-5.6284
UAWA	-5.6284
GLUT	-5.6284
OWSD	-5.6284
DGOR	-5.6284
STSG	-5.6284
DAZE	-5.6284
HARF	-5.6284
OAMW	-5.6284
NAOM	-5.6284
AOMI	-5.6284
UELH	-5.6284
OJON	-5.6284
HCRA	-5.6284
HREJ	-5.6284
VIDL	-5.6284
DAHF	-5.6284
ADAA	-5.6284
YMBA	-5.6284
UNHI	-5.6284
GSGO	-5.6284
TIEA	-5.6284
RUBA	-5.6284
RCYT	-5.6284
NNAP	-5.6284
GSME	-5.6284
GNAS	-5.6284
HABD	-5.6284
IACO	-5.6284
GFIG	-5.6284
IWAI	-5.6284
IDUS	-5.6284
SORG	-5.6284
EBUZ	-5.6284
NBAB	-5.6284
CAMI	-5.6284
ODAI	-5.6284
SATJ	-5.6284
IPPA	-5.6284
UMTR	-5.6284
JOPP	-5.6284
OKEU	-5.6284
SAHU	-5.6284
BIAN	-5.6284
KANS	-5.6284
EGIS	-5.6284
ARRU	-5.6284
AFTI	-5.6284
LTET	-5.6284
LYOL	-5.6284
DMAJ	-5.6284
TPAN	-5.6284
YRIV	-5.6284
SFOE	-5.6284
UDHA	-5.6284
AGEU	-5.6284
PPIT	-5.6284
EGSO	-5.6284
IPSE	-5.6284
DFLI	-5.6284
ILKW	-5.6284
GEOL	-5.6284
RRAB	-5.6284
EFOA	-5.6284
SCOF	-5.6284
AFLY	-5.6284
YPOT	-5.6284
OCHR	-5.6284
PELS	-5.6284
TBAD	-5.6284
ZARU	-5.6284
UGEN	-5.6284
UESM	-5.6284
TBOD	-5.6284
ALYS	-5.6284
BOYL	-5.6284
EERB	-5.6284
SCOI	-5.6284
ETUL	-5.6284
UFFO	-5.6284
OWSC	-5.6284
MRFI	-5.6284
DNTW	-5.6284
EPEE	-5.6284
GRUM	-5.6284
GULL	-5.6284
REWL	-5.6284
ALEY	-5.6284
BITR	-5.6284
KYLI	-5.6284
TLAT	-5.6284
BOXE	-5.6284
RIML	-5.6284
ICCH	-5.6284
SGLI	-5.6284
ROCI	-5.6284
EGHA	-5.6284
PYRA	-5.6284
SERM	-5.6284
DIML	-5.6284
CKKN	-5.6284
UEGI	-5.6284
KEVP	-5.6284
TVPO	-5.6284
EUIL	-5.6284
IUEH	-5.6284
SVPO	-5.6284
HNOP	-5.6496
ONYB	-5.6496
GSET	-5.6496
MASB	-5.6496
AWOK	-5.6496
KMIS	-5.6496
IOBS	-5.6496
OPOO	-5.6496
CKGA	-5.6496
AWBA	-5.6496
JOYB	-5.6496
MABU	-5.6496
INAJ	-5.6496
RMRK	-5.6496
EWPE	-5.6496
EFAU	-5.6496
PHOF	-5.6496
SYCO	-5.6496
NICI	-5.6496
YFAV	-5.6496
SENN	-5.6496
DVAI	-5.6496
UPAC	-5.6496
YMRE	-5.6496
OOLN	-5.6496
UCEH	-5.6496
FTIS	-5.6496
RDMR	-5.6496
EARV	-5.6496
HSBE	-5.6496
EEMH	-5.6496
LKAT	-5.6496
SUPW	-5.6496
EOHY	-5.6496
BLYR	-5.6496
EYIT	-5.6496
YIME	-5.6496
ILYN	-5.6496
ALGE	-5.6496
CHVE	-5.6496
NISG	-5.6496
ARMP	-5.6496
GWES	-5.6496
WNBA	-5.6496
HAGI	-5.6496
IRJU	-5.6496
APSN	-5.6496
UWIS	-5.6496
LEYF	-5.6496
WNOV	-5.6496
DDIF	-5.6496
BIDA	-5.6496
DION	-5.6496
ARNH	-5.6496
RAKI	-5.6496
UPRA	-5.6496
RYIW	-5.6496
YAPR	-5.6496
URPI	-5.6496
URDR	-5.6496
UCHK	-5.6496
UOBS	-5.6496
LLEI	-5.6496
NUNL	-5.6496
OHUS	-5.6496
CILT	-5.6496
SGAL	-5.6496
NISD	-5.6496
OINW	-5.6496
UFEE	-5.6496
OUAD	-5.6496
ALRU	-5.6496
MYDU	-5.6496
DIAD	-5.6496
AOFM	-5.6496
MNEV	-5.6496
VIII	-5.6496
BLEJ	-5.6496
PSTI	-5.6496
YTIR	-5.6496
FATU	-5.6496
BLYN	-5.6496
HFEE	-5.6496
RHEG	-5.6496
NKOR	-5.6496
NATW	-5.6496
NQUA	-5.6496
NLOR	-5.6496
NTIG	-5.6496
OWCL	-5.6496
MOTT	-5.6496
CHGI	-5.6496
AYJU	-5.6496
NONY	-5.6496
OOKG	-5.6496
RYTE	-5.6496
NUNW	-5.6496
TWEP	-5.6496
BOYB	-5.6496
SAYG	-5.6496
AKNI	-5.6496
CKDI	-5.6496
GATR	-5.6496
HIRR	-5.6496
ODDT	-5.6496
OLTO	-5.6496
RAHH	-5.6496
MANJ	-5.6496
LKON	-5.6496
TUIT	-5.6496
ARIH	-5.6496
RNEP	-5.6496
EYAW	-5.6496
RTFU	-5.6496
RUEE	-5.6496
AGOH	-5.6496
SICH	-5.6496
FAXT	-5.6496
AXTH	-5.6496
EMUD	-5.6496
SDRU	-5.6496
SOSW	-5.6496
ITOC	-5.6496
YYAR	-5.6496
ASIK	-5.6496
SMUT	-5.6496
AKAS	-5.6496
FLAK	-5.6496
YORB	-5.6496
ARDV	-5.6496
HGRI	-5.6496
HSNO	-5.6496
NSSP	-5.6496
NEVA	-5.6496
HCIR	-5.6496
OBTR	-5.6496
RDEG	-5.6496
NUAR	-5.6496
RTUP	-5.6496
ADYG	-5.6496
IVEK	-5.6496
EEKW	-5.6496
EOWE	-5.6496
UGME	-5.6496
RUPU	-5.6496
GNEW	-5.6496
IDAW	-5.6496
LTOI	-5.6496
YROA	-5.6496
FAMU	-5.6496
YHAB	-5.6496
YADO	-5.6496
LFIA	-5.6496
YTOJ	-5.6496
OPME	-5.6496
EAON	-5.6496
MSCA	-5.6496
TEIF	-5.6496
LFAF	-5.6496
ETSN	-5.6496
TSBL	-5.6496
MSPO	-5.6496
HSLA	-5.6496
RLIM	-5.6496
LSSI	-5.6496
AKYO	-5.6496
UPPY	-5.6496
YINN	-5.6496
NCYB	-5.6496
OMFL	-5.6496
PORE	-5.6496
TOIR	-5.6496
NBEM	-5.6496
TAFL	-5.6496
MYGU	-5.6496
XOFT	-5.6496
YLIM	-5.6496
LINP	-5.6496
DIUM	-5.6496
ATDU	-5.6496
XWIT	-5.6496
OSCH	-5.6496
OMEJ	-5.6496
OVOC	-5.6496
HMYO	-5.6496
OMIA	-5.6496
ANVE	-5.6496
KWIL	-5.6496
WNOP	-5.6496
YMYM	-5.6496
HACU	-5.6496
TEBL	-5.6496
OPUN	-5.6496
HEUM	-5.6496
YATM	-5.6496
ALOB	-5.6496
PUPI	-5.6496
ETSG	-5.6496
ETYB	-5.6496
ALKU	-5.6496
UKEE	-5.6496
TBYC	-5.6496
TIFL	-5.6496
RORP	-5.6496
OOMC	-5.6496
TBUY	-5.6496
FMYA	-5.6496
CTSE	-5.6496
AFED	-5.6496
IZEH	-5.6496
ERIR	-5.6496
EEMR	-5.6496
GLAT	-5.6496
GUPF	-5.6496
VEGL	-5.6496
FVIS	-5.6496
WBEG	-5.6496
HFAS	-5.6496
OHEN	-5.6496
DBEQ	-5.6496
ULVO	-5.6496
OPWH	-5.6496
OYON	-5.6496
RENR	-5.6496
LSRO	-5.6496
ETQU	-5.6496
DMYJ	-5.6496
UMPL	-5.6496
LDOH	-5.6496
LKEP	-5.6496
LEGW	-5.6496
RISU	-5.6496
WIFY	-5.6496
HSOS	-5.6496
FHEN	-5.6496
NPAC	-5.6496
YASL	-5.6496
LHEE	-5.6496
HTTE	-5.6496
ODEX	-5.6496
WSLE	-5.6496
KLYW	-5.6496
USEP	-5.6496
URSY	-5.6496
ACHN	-5.6496
GSAV	-5.6496
DVEX	-5.6496
ASHF	-5.6496
YUNL	-5.6496
KWHY	-5.6496
KEMU	-5.6496
COOP	-5.6496
UREQ	-5.6496
SASR	-5.6496
ORKH	-5.6496
NUNK	-5.6496
USHS	-5.6496
ETPE	-5.6496
NYAP	-5.6496
DUNB	-5.6496
LREG	-5.6496
TYEI	-5.6496
ARLS	-5.6496
KMUS	-5.6496
BADM	-5.6496
YMYG	-5.6496
ERTF	-5.6496
IWHE	-5.6496
DELY	-5.6496
GLYO	-5.6496
LDSL	-5.6496
BYAT	-5.6496
PALT	-5.6496
FLAR	-5.6496
YSST	-5.6496
UDAC	-5.6496
LOFV	-5.6496
ERSJ	-5.6496
EMEP	-5.6496
WEOF	-5.6496
ULKY	-5.6496
OWGE	-5.6496
SCEA	-5.6496
OOML	-5.6496
IRSB	-5.6496
EFEV	-5.6496
KBRO	-5.6496
FCRI	-5.6496
LDSS	-5.6496
MCER	-5.6496
SAWC	-5.6496
RKOR	-5.6496
YUPA	-5.6496
NGAY	-5.6496
ITEY	-5.6496
STSN	-5.6496
TOUP	-5.6496
RFAS	-5.6496
LYCE	-5.6496
WTUR	-5.6496
HMAA	-5.6496
NTPI	-5.6496
DUPE	-5.6496
HOIT	-5.6496
VACI	-5.6496
ENOK	-5.6496
CESD	-5.6496
UEMO	-5.6496
NFUT	-5.6496
GOMY	-5.6496
GSAC	-5.6496
OSEJ	-5.6496
AKEJ	-5.6496
INYA	-5.6496
LAVI	-5.6496
GEMI	-5.6496
ITOT	-5.6496
ROWR	-5.6496
PHEH	-5.6496
LWON	-5.6496
ICTR	-5.6496
AKID	-5.6496
WNAP	-5.6496
OENA	-5.6496
HUSP	-5.6496
WNEX	-5.6496
NUPR	-5.6496
RUNH	-5.6496
BSWH	-5.6496
VIED	-5.6496
NBYR	-5.6496
GBEL	-5.6496
SYOF	-5.6496
KEBA	-5.6496
ASKB	-5.6496
WMAD	-5.6496
HOTW	-5.6496
RONN	-5.6496
EAKC	-5.6496
YBYW	-5.6496
WINI	-5.6496
OPEC	-5.6496
CHKN	-5.6496
FUST	-5.6496
DIGO	-5.6496
EWDR	-5.6496
IASE	-5.6496
RNOV	-5.6496
LBAN	-5.6496
LOUC	-5.6496
RNAU	-5.6496
BERC	-5.6496
HONW	-5.6496
OTSS	-5.6496
AYTU	-5.6496
AMFR	-5.6496
DAUT	-5.6496
TYTA	-5.6496
IVIO	-5.6496
YSFR	-5.6496
RISG	-5.6496
RVAD	-5.6496
OILH	-5.6496
ARUL	-5.6496
YAGI	-5.6496
OSIS	-5.6496
TPOC	-5.6496
PECO	-5.6496
ICKR	-5.6496
NUPI	-5.6496
IPNO	-5.6496
LDIK	-5.6496
TOMT	-5.6496
SVOL	-5.6496
GCAL	-5.6496
TIPA	-5.6496
ILTB	-5.6496
OPSH	-5.6496
TTAW	-5.6496
EPAW	-5.6496
MERD	-5.6496
HITD	-5.6496
HLAR	-5.6496
NCYC	-5.6496
TOLY	-5.6496
ODFE	-5.6496
HUNW	-5.6496
ANGF	-5.6496
PLIG	-5.6496
NTHH	-5.6496
ITQU	-5.6496
DLOI	-5.6496
MHED	-5.6496
RDTR	-5.6496
LLEF	-5.6496
EBYR	-5.6496
LISW	-5.6496
ETHV	-5.6496
VECL	-5.6496
GTRI	-5.6496
NDII	-5.6496
RVIR	-5.6496
GEPR	-5.6496
UENE	-5.6496
UWOR	-5.6496
SWEG	-5.6496
IMTI	-5.6496
LELY	-5.6496
EYEY	-5.6496
GHEI	-5.6496
MYHI	-5.6496
RNRE	-5.6496
OESD	-5.6496
EPUM	-5.6496
OULC	-5.6496
GOSO	-5.6496
NACY	-5.6496
ISUF	-5.6496
SROM	-5.6496
OHMA	-5.6496
IREQ	-5.6496
AMBY	-5.6496
YSOC	-5.6496
ONVA	-5.6496
BACH	-5.6496
FAWI	-5.6496
LKST	-5.6496
HAMF	-5.6496
OODK	-5.6496
GGAI	-5.6496
INAY	-5.6496
GOAF	-5.6496
ORSR	-5.6496
YPUL	-5.6496
CYAS	-5.6496
NIWE	-5.6496
FHAI	-5.6496
FETT	-5.6496
NBYN	-5.6496
WDRO	-5.6496
OHNB	-5.6496
NYEC	-5.6496
MRPR	-5.6496
DGEY	-5.6496
MYOL	-5.6496
CEES	-5.6496
BERK	-5.6496
NEUR	-5.6496
LELU	-5.6496
RBEB	-5.6496
IDTE	-5.6496
RSSK	-5.6496
SBIT	-5.6496
RPHI	-5.6496
YREW	-5.6496
KMYS	-5.6496
UPTT	-5.6496
RKSB	-5.6496
KSTI	-5.6496
UUPT	-5.6496
OAKI	-5.6496
DSBA	-5.6496
OMJO	-5.6496
URCR	-5.6496
ANPI	-5.6496
EVAG	-5.6496
IFFO	-5.6496
DVIR	-5.6496
OSOI	-5.6496
STYW	-5.6496
TUEI	-5.6496
NIHI	-5.6496
RBOF	-5.6496
ODUS	-5.6496
OFSK	-5.6496
WLSA	-5.6496
PABO	-5.6496
NSBL	-5.6496
NDUZ	-5.6496
OADU	-5.6496
RTAF	-5.6496
LOTC	-5.6496
HFLE	-5.6496
EMRO	-5.6496
MROS	-5.6496
AXEN	-5.6496
AACS	-5.6496
EHOV	-5.6496
OEPH	-5.6496
GELB	-5.6496
RAWW	-5.6496
MSSE	-5.6496
AUSA	-5.6496
OULM	-5.6496
LISL	-5.6496
YJAC	-5.6496
SREB	-5.6496
DRAK	-5.6496
EGOF	-5.6496
HYHI	-5.6496
DUSF	-5.6496
FRAC	-5.6496
AELJ	-5.6496
EUEL	-5.6496
UKEA	-5.6496
USSL	-5.6496
BENS	-5.6496
PHWH	-5.6496
PHUN	-5.6496
FIBR	-5.6496
ZRON	-5.6496
ABIH	-5.6496
LTDI	-5.6496
SEAU	-5.6496
HYWR	-5.6496
KNEI	-5.6496
BESM	-5.6496
LENF	-5.6496
HUAN	-5.6496
APPH	-5.6496
INSD	-5.6496
WOTE	-5.6496
DYPI	-5.6496
ESHL	-5.6496
LSHU	-5.6496
OOTU	-5.6496
WOFL	-5.6496
SBUL	-5.6496
ELUM	-5.6496
YEPU	-5.6496
NJEH	-5.6496
EMNF	-5.6496
FFIE	-5.6496
TWEF	-5.6496
SROC	-5.6496
BBET	-5.6496
OABH	-5.6496
NPHI	-5.6496
FHEZ	-5.6496
UHAM	-5.6496
DORU	-5.6496
SHIB	-5.6496
OTHJ	-5.6496
SMUL	-5.6496
NREB	-5.6496
PYOF	-5.6496
IGTH	-5.6496
NEOL	-5.6496
UOLO	-5.6496
OEIS	-5.6496
RAFI	-5.6496
LCIT	-5.6496
ZORA	-5.6496
MHEB	-5.6496
EGAZ	-5.6496
ETHK	-5.6496
DADU	-5.6496
ZIBA	-5.6496
EHUD	-5.6496
FJAB	-5.6496
UNTZ	-5.6496
YRID	-5.6496
UEAR	-5.6496
EWDN	-5.6496
WDNE	-5.6496
ABHE	-5.6496
UGLE	-5.6496
SSEB	-5.6496
EGGA	-5.6496
DSTC	-5.6496
AULB	-5.6496
TFLY	-5.6496
HOKI	-5.6496
AWSE	-5.6496
VIDK	-5.6496
AILR	-5.6496
LIAD	-5.6496
IAHD	-5.6496
GSFA	-5.6496
OFKA	-5.6496
ELSY	-5.6496
MLAN	-5.6496
AHIJ	-5.6496
GNAC	-5.6496
ABMA	-5.6496
ESKU	-5.6496
RIAR	-5.6496
WSLA	-5.6496
AHIK	-5.6496
HIKA	-5.6496
IACH	-5.6496
LBAR	-5.6496
JEHI	-5.6496
OFCY	-5.6496
AZET	-5.6496
RRHA	-5.6496
RRIL	-5.6496
RFOE	-5.6496
TWEK	-5.6496
NGEP	-5.6496
FURR	-5.6496
YWAV	-5.6496
EABY	-5.6496
IFTN	-5.6496
EGST	-5.6496
CYCL	-5.6496
OPLU	-5.6496
FVIO	-5.6496
KISA	-5.6496
YLOC	-5.6496
UODA	-5.6496
LOGE	-5.6496
OSSD	-5.6496
RMDI	-5.6496
LDFL	-5.6496
RROL	-5.6496
LUEC	-5.6496
HOHO	-5.6496
DSBL	-5.6496
AEUS	-5.6496
GHAI	-5.6496
RNFI	-5.6496
VOUT	-5.6496
DGLI	-5.6496
TIOC	-5.6496
RPIP	-5.6496
GECR	-5.6496
WDTH	-5.6496
BIGP	-5.6496
WLYR	-5.6496
CILY	-5.6496
URSN	-5.6496
GNIZ	-5.6496
BOXI	-5.6496
BOLO	-5.6496
ACAD	-5.6496
VANM	-5.6496
PKEE	-5.6496
PPON	-5.6496
HAWS	-5.6496
AIDQ	-5.6496
IPLO	-5.6496
IGES	-5.6496
MACN	-5.6496
ACNA	-5.6496
CNAB	-5.6496
PTYI	-5.6496
MRBU	-5.6496
UOYA	-5.6496
DYBA	-5.6496
FREI	-5.6496
PAUM	-5.6496
TDYE	-5.6496
ENEU	-5.6496
EBUO	-5.6496
NKEO	-5.6496
IUIN	-5.6496
UCIL	-5.6496
OUEO	-5.6496
EICH	-5.6719
NKAS	-5.6719
GESN	-5.6719
YSDI	-5.6719
OTMR	-5.6719
WAMI	-5.6719
BANG	-5.6719
MHIG	-5.6719
NBRU	-5.6719
OUJO	-5.6719
GLEE	-5.6719
IPLA	-5.6719
RERF	-5.6719
NEMB	-5.6719
ORUM	-5.6719
RERM	-5.6719
LOCC	-5.6719
YONW	-5.6719
FOFI	-5.6719
IFRO	-5.6719
FREG	-5.6719
NMOD	-5.6719
ROMV	-5.6719
YORC	-5.6719
OVAN	-5.6719
LFVE	-5.6719
AIRR	-5.6719
TEPE	-5.6719
DCIV	-5.6719
NSAD	-5.6719
LEGG	-5.6719
ALFG	-5.6719
RVAR	-5.6719
RMOO	-5.6719
IMMR	-5.6719
UDOU	-5.6719
WOLO	-5.6719
MASU	-5.6719
HIHE	-5.6719
FWAL	-5.6719
NLAT	-5.6719
IETR	-5.6719
HRIV	-5.6719
MMRE	-5.6719
ETBL	-5.6719
ODIH	-5.6719
ODJU	-5.6719
UROB	-5.6719
OWEM	-5.6719
OTID	-5.6719
WOHE	-5.6719
MAIS	-5.6719
FEAL	-5.6719
TIIN	-5.6719
GIHO	-5.6719
IBEI	-5.6719
HTAH	-5.6719
FHIN	-5.6719
YITC	-5.6719
TYAC	-5.6719
NOSC	-5.6719
NKSS	-5.6719
ORKD	-5.6719
SICT	-5.6719
CKAD	-5.6719
KEIA	-5.6719
HSOI	-5.6719
ESSK	-5.6719
OOGO	-5.6719
WLYS	-5.6719
BTSO	-5.6719
NYDO	-5.6719
AYIL	-5.6719
HTOY	-5.6719
UHES	-5.6719
YSFE	-5.6719
OANX	-5.6719
ITOP	-5.6719
UCES	-5.6719
WANI	-5.6719
YWEI	-5.6719
OPTA	-5.6719
SEOP	-5.6719
DOMU	-5.6719
NIFS	-5.6719
IALR	-5.6719
OESR	-5.6719
ITAV	-5.6719
NUNR	-5.6719
DSAP	-5.6719
NMYE	-5.6719
FINM	-5.6719
ADEQ	-5.6719
IONJ	-5.6719
PHIE	-5.6719
YMRW	-5.6719
OACK	-5.6719
IORO	-5.6719
ETVE	-5.6719
ALBY	-5.6719
CHSW	-5.6719
KGOO	-5.6719
PEWE	-5.6719
IFPO	-5.6719
EYSC	-5.6719
ETMU	-5.6719
WEPA	-5.6719
WGLA	-5.6719
RROA	-5.6719
HTOI	-5.6719
ALOC	-5.6719
FGAR	-5.6719
FREL	-5.6719
FEXT	-5.6719
LLVA	-5.6719
ERXI	-5.6719
LDEF	-5.6719
OGRI	-5.6719
PTEM	-5.6719
EOCL	-5.6719
AMIH	-5.6719
WEYM	-5.6719
DYEV	-5.6719
WMAK	-5.6719
UPAB	-5.6719
EDWR	-5.6719
OWDY	-5.6719
WTOC	-5.6719
BLYL	-5.6719
CEBA	-5.6719
GHPE	-5.6719
ODMR	-5.6719
GMYD	-5.6719
CWAS	-5.6719
NCOO	-5.6719
LEIL	-5.6719
DONR	-5.6719
GEAF	-5.6719
FNOC	-5.6719
OOMD	-5.6719
RTIW	-5.6719
CHCI	-5.6719
RUDI	-5.6719
OBEJ	-5.6719
LEUS	-5.6719
BYGE	-5.6719
NRUL	-5.6719
MTOK	-5.6719
AUGM	-5.6719
ETYH	-5.6719
NUSH	-5.6719
FWED	-5.6719
SHOD	-5.6719
HUTO	-5.6719
BEBY	-5.6719
GFEA	-5.6719
HBOA	-5.6719
MGRA	-5.6719
MYEX	-5.6719
BTIT	-5.6719
OROO	-5.6719
GMOS	-5.6719
RBLU	-5.6719
AONT	-5.6719
DIFM	-5.6719
EMSC	-5.6719
OTTW	-5.6719
CLAT	-5.6719
PYHE	-5.6719
OPEE	-5.6719
HLYC	-5.6719
OSSL	-5.6719
RNMA	-5.6719
BYVI	-5.6719
APUP	-5.6719
DDOL	-5.6719
OJAN	-5.6719
NIBU	-5.6719
EGIM	-5.6719
AMPF	-5.6719
LICP	-5.6719
UCHY	-5.6719
ERIK	-5.6719
ATSR	-5.6719
SMYN	-5.6719
TMRC	-5.6719
YISC	-5.6719
CHHU	-5.6719
IETU	-5.6719
LAIA	-5.6719
OROH	-5.6719
HLYS	-5.6719
HSUB	-5.6719
EMIX	-5.6719
OLME	-5.6719
TEGA	-5.6719
LADH	-5.6719
ORYM	-5.6719
SLUG	-5.6719
NIHO	-5.6719
FDEF	-5.6719
EUNN	-5.6719
PEBE	-5.6719
HWEW	-5.6719
YEAM	-5.6719
WORI	-5.6719
OONU	-5.6719
DATY	-5.6719
URUS	-5.6719
PLYS	-5.6719
CSAN	-5.6719
LAPT	-5.6719
VEGU	-5.6719
SHFA	-5.6719
TTIC	-5.6719
YBYS	-5.6719
CWHI	-5.6719
XEDF	-5.6719
TRAF	-5.6719
ITOD	-5.6719
RISD	-5.6719
TETI	-5.6719
OJOH	-5.6719
KTIL	-5.6719
WSET	-5.6719
HMEL	-5.6719
LODI	-5.6719
YERW	-5.6719
OTAH	-5.6719
NYBA	-5.6719
HSLI	-5.6719
KSWA	-5.6719
HROO	-5.6719
WNYE	-5.6719
WSAT	-5.6719
OISC	-5.6719
URGU	-5.6719
NTCU	-5.6719
SENH	-5.6719
DISQ	-5.6719
GLYL	-5.6719
YSUM	-5.6719
ICWI	-5.6719
MGOT	-5.6719
TMOD	-5.6719
INKC	-5.6719
DKNI	-5.6719
SSAH	-5.6719
EYDA	-5.6719
HUNS	-5.6719
AUIN	-5.6719
TEPU	-5.6719
EPUZ	-5.6719
NSFL	-5.6719
AYSK	-5.6719
FBAD	-5.6719
BRAG	-5.6719
EWAX	-5.6719
TIMS	-5.6719
FEWL	-5.6719
YDOC	-5.6719
NUPS	-5.6719
NNOY	-5.6719
WILF	-5.6719
SNAY	-5.6719
MEER	-5.6719
RTDO	-5.6719
HOHI	-5.6719
NUNP	-5.6719
GPEN	-5.6719
CHFL	-5.6719
UTBA	-5.6719
NPOR	-5.6719
EERM	-5.6719
DIBO	-5.6719
TLYY	-5.6719
KTOC	-5.6719
LUNI	-5.6719
RGAL	-5.6719
LAYC	-5.6719
OKSL	-5.6719
RAVO	-5.6719
YVIE	-5.6719
UNHO	-5.6719
WIFI	-5.6719
SGAY	-5.6719
FCLE	-5.6719
UTIR	-5.6719
OMSP	-5.6719
UTEC	-5.6719
PSMO	-5.6719
TRIT	-5.6719
TASD	-5.6719
XTOL	-5.6719
EUMA	-5.6719
EWAF	-5.6719
WANA	-5.6719
NYEX	-5.6719
PTCO	-5.6719
WEHO	-5.6719
NYVE	-5.6719
IFEG	-5.6719
WDEA	-5.6719
UACC	-5.6719
WSUP	-5.6719
RWAK	-5.6719
RUBS	-5.6719
OLYF	-5.6719
WETR	-5.6719
HTIA	-5.6719
THAY	-5.6719
DOEN	-5.6719
IDGA	-5.6719
INOC	-5.6719
XPIR	-5.6719
FNEE	-5.6719
KIMA	-5.6719
MYKN	-5.6719
LMAI	-5.6719
MNEA	-5.6719
RFUT	-5.6719
RDPE	-5.6719
GBRA	-5.6719
IPAR	-5.6719
UOFA	-5.6719
VENK	-5.6719
ILTC	-5.6719
NBYC	-5.6719
EBYY	-5.6719
AGAC	-5.6719
FFLU	-5.6719
CHBI	-5.6719
LDBI	-5.6719
LERG	-5.6719
LEEI	-5.6719
RLIA	-5.6719
OWEI	-5.6719
NNUA	-5.6719
ELOB	-5.6719
OTEQ	-5.6719
TEGE	-5.6719
NSTP	-5.6719
VEEL	-5.6719
WHEM	-5.6719
SDOG	-5.6719
ORND	-5.6719
FANU	-5.6719
DVIL	-5.6719
MSOI	-5.6719
UNKS	-5.6719
EWAG	-5.6719
LWEG	-5.6719
LDIB	-5.6719
OMYN	-5.6719
CHVI	-5.6719
SBYP	-5.6719
HIPN	-5.6719
ISNU	-5.6719
CKTI	-5.6719
RICL	-5.6719
NNYH	-5.6719
HELV	-5.6719
MFIT	-5.6719
GGLO	-5.6719
ASYM	-5.6719
WEXC	-5.6719
RTEO	-5.6719
BYRO	-5.6719
LITN	-5.6719
WERC	-5.6719
ALLQ	-5.6719
EBAI	-5.6719
MSOU	-5.6719
FTSM	-5.6719
RAYG	-5.6719
MTEL	-5.6719
ALQU	-5.6719
HREV	-5.6719
WFAI	-5.6719
UPOR	-5.6719
LMUL	-5.6719
OTSB	-5.6719
ULYO	-5.6719
YRAP	-5.6719
EMPA	-5.6719
NMED	-5.6719
HOTB	-5.6719
UDEP	-5.6719
LNAM	-5.6719
OVIO	-5.6719
MSOL	-5.6719
HASJ	-5.6719
OEMB	-5.6719
ADYY	-5.6719
UBEI	-5.6719
UTRO	-5.6719
HAMY	-5.6719
RTGR	-5.6719
RNRO	-5.6719
WHYO	-5.6719
UHIS	-5.6719
DGID	-5.6719
IALG	-5.6719
YDOA	-5.6719
OGON	-5.6719
LVEB	-5.6719
LSOY	-5.6719
PARO	-5.6719
TSIH	-5.6719
FMEW	-5.6719
DDIM	-5.6719
UTSM	-5.6719
YABI	-5.6719
ODVE	-5.6719
IRFU	-5.6719
IALE	-5.6719
HCAT	-5.6719
CYIS	-5.6719
POPE	-5.6719
HFUR	-5.6719
OEYE	-5.6719
RNHO	-5.6719
FDIF	-5.6719
YMAA	-5.6719
KCRI	-5.6719
MILO	-5.6719
MSTE	-5.6719
UBEE	-5.6719
HTSC	-5.6719
RONY	-5.6719
UCYA	-5.6719
ELEW	-5.6719
HITF	-5.6719
OLYI	-5.6719
DMYN	-5.6719
PYET	-5.6719
KEWO	-5.6719
ELCR	-5.6719
RLDY	-5.6719
PTIL	-5.6719
DIVO	-5.6719
EEKF	-5.6719
HBAC	-5.6719
ETTS	-5.6719
OHOH	-5.6719
ROYS	-5.6719
NNYT	-5.6719
FFLY	-5.6719
ERPH	-5.6719
FYIT	-5.6719
SBAB	-5.6719
RTDI	-5.6719
TLAI	-5.6719
AAMW	-5.6719
ULAM	-5.6719
KDIS	-5.6719
YGOE	-5.6719
DOMN	-5.6719
EMFE	-5.6719
HNIG	-5.6719
COHE	-5.6719
OXIC	-5.6719
RCRU	-5.6719
IWAT	-5.6719
ICUT	-5.6719
CSOF	-5.6719
DDYI	-5.6719
GTEA	-5.6719
ODSL	-5.6719
FSWI	-5.6719
FMAA	-5.6719
TSPU	-5.6719
NPUN	-5.6719
DFEM	-5.6719
OAHS	-5.6719
KTWO	-5.6719
HDIE	-5.6719
FSON	-5.6719
IAGA	-5.6719
DNAP	-5.6719
PHTO	-5.6719
DGOM	-5.6719
ARPH	-5.6719
DJOB	-5.6719
OMUR	-5.6719
YPTH	-5.6719
MLIF	-5.6719
OBAH	-5.6719
AHAI	-5.6719
MOLD	-5.6719
NAMM	-5.6719
ELSD	-5.6719
ODEU	-5.6719
EECU	-5.6719
OUHU	-5.6719
NAHH	-5.6719
KEJE	-5.6719
NDEZ	-5.6719
RREI	-5.6719
DADW	-5.6719
MAGD	-5.6719
NTYP	-5.6719
LIEB	-5.6719
AHPR	-5.6719
EPHU	-5.6719
HOML	-5.6719
BSWI	-5.6719
WERU	-5.6719
ELIW	-5.6719
LETL	-5.6719
OWTU	-5.6719
IDPU	-5.6719
DUZZ	-5.6719
ZZIE	-5.6719
RAAR	-5.6719
KLEI	-5.6719
DCAK	-5.6719
HARN	-5.6719
EAEV	-5.6719
ASAA	-5.6719
LPUS	-5.6719
RUTT	-5.6719
RYEW	-5.6719
YEDR	-5.6719
OPSI	-5.6719
FSCA	-5.6719
TARF	-5.6719
THAA	-5.6719
LWEB	-5.6719
AWRI	-5.6719
UOFF	-5.6719
LDIP	-5.6719
GISS	-5.6719
GUEF	-5.6719
LTLO	-5.6719
LVEC	-5.6719
LOMI	-5.6719
GSTW	-5.6719
SEHH	-5.6719
FJEP	-5.6719
TSDR	-5.6719
RAYU	-5.6719
NOPH	-5.6719
DMOA	-5.6719
OCKN	-5.6719
LOPH	-5.6719
IRZA	-5.6719
RZAH	-5.6719
YVOW	-5.6719
IBNA	-5.6719
BNAH	-5.6719
ETHJ	-5.6719
RPIO	-5.6719
OEBU	-5.6719
ASKD	-5.6719
FVIC	-5.6719
BALT	-5.6719
RBOS	-5.6719
OYEH	-5.6719
UAMA	-5.6719
EYOB	-5.6719
FSLA	-5.6719
JEAR	-5.6719
MMEL	-5.6719
GCIT	-5.6719
ELGA	-5.6719
DIPL	-5.6719
RAFL	-5.6719
BBAA	-5.6719
SOGI	-5.6719
ANTK	-5.6719
ABFO	-5.6719
NMIC	-5.6719
KESB	-5.6719
ELGR	-5.6719
DTIE	-5.6719
EAPH	-5.6719
VIDR	-5.6719
DABN	-5.6719
PHIT	-5.6719
EEKD	-5.6719
OISD	-5.6719
HBOS	-5.6719
TIAH	-5.6719
FOBE	-5.6719
SJON	-5.6719
STYI	-5.6719
SIXF	-5.6719
FTSI	-5.6719
YARN	-5.6719
DADS	-5.6719
EHUT	-5.6719
NTZI	-5.6719
HABC	-5.6719
GIRT	-5.6719
DEGO	-5.6719
LYEF	-5.6719
EBUD	-5.6719
GSGA	-5.6719
CAIT	-5.6719
NNIA	-5.6719
EESM	-5.6719
FROT	-5.6719
EDSS	-5.6719
SMAG	-5.6719
OERR	-5.6719
MJES	-5.6719
BIGT	-5.6719
WSUN	-5.6719
LETC	-5.6719
HYDR	-5.6719
WERJ	-5.6719
OGAV	-5.6719
YHIL	-5.6719
MEOG	-5.6719
SKIP	-5.6719
ALSL	-5.6719
NPIL	-5.6719
SLOA	-5.6719
MISD	-5.6719
LERF	-5.6719
ATYR	-5.6719
LOGA	-5.6719
TROC	-5.6719
OILD	-5.6719
CKSP	-5.6719
DROT	-5.6719
WOLV	-5.6719
RDEW	-5.6719
USSC	-5.6719
NBOL	-5.6719
AVOC	-5.6719
NCAE	-5.6719
DRHO	-5.6719
DSSU	-5.6719
IMYL	-5.6719
RYPI	-5.6719
CRAD	-5.6719
IBBL	-5.6719
GAMB	-5.6719
ILKY	-5.6719
SDWI	-5.6719
ZZIN	-5.6719
LATF	-5.6719
RONZ	-5.6719
YIVE	-5.6719
EIMS	-5.6719
AISY	-5.6719
BUGL	-5.6719
APDO	-5.6719
NVOK	-5.6719
DREY	-5.6719
BRAZ	-5.6719
FALC	-5.6719
FLEX	-5.6719
MICI	-5.6719
IGWA	-5.6719
YRIN	-5.6719
QUAY	-5.6719
UAYL	-5.6719
BLIQ	-5.6719
XASP	-5.6719
EXIC	-5.6719
OHIO	-5.6719
BTER	-5.6719
RDFL	-5.6719
UERD	-5.6719
FOSS	-5.6719
EMPY	-5.6719
BOTI	-5.6719
URKS	-5.6719
QUOH	-5.6719
WELD	-5.6719
ECKD	-5.6719
IUEL	-5.6719
IUEA	-5.6719
BRUW	-5.6719
VOYC	-5.6719
IUEI	-5.6719
PPYD	-5.6954
LENL	-5.6954
HLYE	-5.6954
ESUI	-5.6954
FSIX	-5.6954
OEQU	-5.6954
WNDA	-5.6954
GVIS	-5.6954
VILP	-5.6954
LPOF	-5.6954
RYMR	-5.6954
TYIW	-5.6954
NNOH	-5.6954
WOES	-5.6954
INOH	-5.6954
LSIM	-5.6954
UCLE	-5.6954
WOPR	-5.6954
NPAP	-5.6954
NKVE	-5.6954
ESOK	-5.6954
SSUA	-5.6954
OTCE	-5.6954
NATF	-5.6954
WDEL	-5.6954
TACI	-5.6954
HLYP	-5.6954
YDOM	-5.6954
BIAS	-5.6954
TEAA	-5.6954
ICFA	-5.6954
IETP	-5.6954
USYI	-5.6954
HLAI	-5.6954
YUNW	-5.6954
DSDR	-5.6954
AWRO	-5.6954
RRYE	-5.6954
ISSR	-5.6954
EMYN	-5.6954
IETB	-5.6954
GSYM	-5.6954
KHAR	-5.6954
UBEG	-5.6954
OKWA	-5.6954
OMRK	-5.6954
FESE	-5.6954
NEDV	-5.6954
HMRK	-5.6954
TVAR	-5.6954
GITD	-5.6954
ATIP	-5.6954
LSYE	-5.6954
YESG	-5.6954
ONIB	-5.6954
FSIT	-5.6954
EMDR	-5.6954
MYSK	-5.6954
ATSV	-5.6954
ITGI	-5.6954
YALE	-5.6954
HTSN	-5.6954
GMEO	-5.6954
OUOH	-5.6954
NOWQ	-5.6954
AASS	-5.6954
AATT	-5.6954
GNST	-5.6954
RTDE	-5.6954
IGGL	-5.6954
KESY	-5.6954
SHGI	-5.6954
TOHT	-5.6954
GEAM	-5.6954
FNOB	-5.6954
OUTV	-5.6954
ESPH	-5.6954
KSUC	-5.6954
LYIK	-5.6954
YCHU	-5.6954
WDES	-5.6954
LEYM	-5.6954
WFIR	-5.6954
CIPH	-5.6954
PIDE	-5.6954
TPON	-5.6954
UAPP	-5.6954
MEGL	-5.6954
LFMI	-5.6954
NITP	-5.6954
NESY	-5.6954
YSOP	-5.6954
BEEQ	-5.6954
TMIC	-5.6954
GSIM	-5.6954
NLED	-5.6954
SHIC	-5.6954
RYIH	-5.6954
OKAG	-5.6954
CKFA	-5.6954
OSOW	-5.6954
DORG	-5.6954
SOIH	-5.6954
YORM	-5.6954
YSFI	-5.6954
RFIF	-5.6954
SHEQ	-5.6954
KONA	-5.6954
VEIR	-5.6954
FLYO	-5.6954
LDCL	-5.6954
INWR	-5.6954
RSTV	-5.6954
MASY	-5.6954
PSOR	-5.6954
IRYA	-5.6954
RYIA	-5.6954
ODDL	-5.6954
HSIM	-5.6954
NHIR	-5.6954
USOP	-5.6954
DLOD	-5.6954
RMAP	-5.6954
NREJ	-5.6954
GEOV	-5.6954
RNDA	-5.6954
CHGE	-5.6954
RELB	-5.6954
RMWO	-5.6954
GDEP	-5.6954
WNIM	-5.6954
NASB	-5.6954
WHEI	-5.6954
SSTY	-5.6954
OASE	-5.6954
CCUM	-5.6954
YURG	-5.6954
SDOA	-5.6954
YSHU	-5.6954
FTOO	-5.6954
MYAS	-5.6954
OLEV	-5.6954
SIRY	-5.6954
INEQ	-5.6954
VITH	-5.6954
FIFI	-5.6954
RYFU	-5.6954
SOAC	-5.6954
DONG	-5.6954
ACUT	-5.6954
IUSO	-5.6954
NTJU	-5.6954
OSYM	-5.6954
UTHP	-5.6954
YFIX	-5.6954
BADF	-5.6954
GLYD	-5.6954
ALOP	-5.6954
BTOT	-5.6954
GASL	-5.6954
CTUP	-5.6954
MDET	-5.6954
SISV	-5.6954
GAFA	-5.6954
IKEJ	-5.6954
FMOT	-5.6954
ASLY	-5.6954
SYWI	-5.6954
ODTA	-5.6954
UTPI	-5.6954
IDTR	-5.6954
SUBO	-5.6954
HTBO	-5.6954
ASOC	-5.6954
BYEL	-5.6954
UDEM	-5.6954
RSUM	-5.6954
NJUN	-5.6954
GGIS	-5.6954
UPIL	-5.6954
TIUS	-5.6954
EXAG	-5.6954
XAGG	-5.6954
TAGL	-5.6954
NNOA	-5.6954
OWNQ	-5.6954
WNQU	-5.6954
DJUM	-5.6954
FEXE	-5.6954
OPAU	-5.6954
EMRF	-5.6954
LMOV	-5.6954
VEDP	-5.6954
HOSM	-5.6954
LDEI	-5.6954
BORT	-5.6954
NVAN	-5.6954
UTPL	-5.6954
CYRE	-5.6954
OAMU	-5.6954
WBES	-5.6954
UCKM	-5.6954
KHED	-5.6954
RTRY	-5.6954
IAMJ	-5.6954
UANO	-5.6954
MLAR	-5.6954
GGON	-5.6954
IAMY	-5.6954
OSSS	-5.6954
PITF	-5.6954
NUNE	-5.6954
LPOR	-5.6954
RTYL	-5.6954
EEXQ	-5.6954
ERAY	-5.6954
SNEP	-5.6954
MGON	-5.6954
YMYV	-5.6954
AFEM	-5.6954
UNTD	-5.6954
GORW	-5.6954
NUEI	-5.6954
OTDW	-5.6954
EKSO	-5.6954
KEIF	-5.6954
WSUR	-5.6954
ICPA	-5.6954
NNEG	-5.6954
TYBA	-5.6954
RKHA	-5.6954
TSCU	-5.6954
EAOR	-5.6954
GOHI	-5.6954
SUPS	-5.6954
WESM	-5.6954
IDJU	-5.6954
SBYO	-5.6954
LYER	-5.6954
CLEB	-5.6954
WNLE	-5.6954
YONM	-5.6954
UINC	-5.6954
OUIL	-5.6954
WSPE	-5.6954
SOHT	-5.6954
IMCH	-5.6954
NGEE	-5.6954
ESEJ	-5.6954
EEOT	-5.6954
SOVI	-5.6954
SCUI	-5.6954
NBYI	-5.6954
TSMU	-5.6954
ANGD	-5.6954
WOBE	-5.6954
TMAI	-5.6954
RENV	-5.6954
SDEB	-5.6954
LUEH	-5.6954
FSET	-5.6954
UWAL	-5.6954
YNOO	-5.6954
GISC	-5.6954
RDUE	-5.6954
CABB	-5.6954
PURN	-5.6954
EOND	-5.6954
KEYH	-5.6954
LGED	-5.6954
EMTI	-5.6954
TFLI	-5.6954
RMEY	-5.6954
WOLE	-5.6954
LATC	-5.6954
YASB	-5.6954
OOWA	-5.6954
SIXA	-5.6954
OAFI	-5.6954
LDNA	-5.6954
MECE	-5.6954
EYHU	-5.6954
EOCT	-5.6954
ODQU	-5.6954
OALM	-5.6954
FINV	-5.6954
GUEC	-5.6954
RTFE	-5.6954
ANBL	-5.6954
YMEO	-5.6954
DOMD	-5.6954
ATAK	-5.6954
CTMY	-5.6954
OTIH	-5.6954
MADW	-5.6954
CROA	-5.6954
OTPI	-5.6954
MSLO	-5.6954
USGA	-5.6954
WHEC	-5.6954
UALG	-5.6954
WNEN	-5.6954
SITG	-5.6954
OUOW	-5.6954
ITBO	-5.6954
BYEA	-5.6954
IDCH	-5.6954
RMEC	-5.6954
HLAU	-5.6954
LEWR	-5.6954
NYAG	-5.6954
NIDL	-5.6954
CAFF	-5.6954
RIFF	-5.6954
CLAW	-5.6954
OBBY	-5.6954
EVAC	-5.6954
EVIG	-5.6954
TDIG	-5.6954
URSG	-5.6954
WERG	-5.6954
RINQ	-5.6954
KTOL	-5.6954
OMTR	-5.6954
VALW	-5.6954
ACOT	-5.6954
SIWE	-5.6954
ANOS	-5.6954
WOGR	-5.6954
LYFU	-5.6954
BYPO	-5.6954
HSUN	-5.6954
RTYP	-5.6954
ITWR	-5.6954
LCAP	-5.6954
LISB	-5.6954
TTAH	-5.6954
WARH	-5.6954
RENY	-5.6954
RMNE	-5.6954
HIMQ	-5.6954
XTAN	-5.6954
NEXH	-5.6954
SENV	-5.6954
HORL	-5.6954
USGL	-5.6954
WNOB	-5.6954
OSSY	-5.6954
LSDO	-5.6954
EEIA	-5.6954
DURG	-5.6954
RDTU	-5.6954
KEEA	-5.6954
RTLO	-5.6954
VYTH	-5.6954
MSAF	-5.6954
KLYF	-5.6954
OKBE	-5.6954
LPEA	-5.6954
PEHI	-5.6954
WANE	-5.6954
NPLU	-5.6954
TSHR	-5.6954
EKOR	-5.6954
LQUA	-5.6954
FPAT	-5.6954
TDIM	-5.6954
IRDH	-5.6954
LBAT	-5.6954
FULY	-5.6954
EGSH	-5.6954
AFUN	-5.6954
RMSB	-5.6954
SURN	-5.6954
NLEV	-5.6954
RPOE	-5.6954
OEDW	-5.6954
AIWI	-5.6954
GAWH	-5.6954
BUZZ	-5.6954
RMOD	-5.6954
HONC	-5.6954
TIDR	-5.6954
KNOR	-5.6954
IPWR	-5.6954
NYCR	-5.6954
IRYT	-5.6954
LAYL	-5.6954
LICR	-5.6954
FFON	-5.6954
ULPH	-5.6954
OFFC	-5.6954
DUNW	-5.6954
THAQ	-5.6954
RYED	-5.6954
OVEG	-5.6954
SUMA	-5.6954
NENW	-5.6954
CORO	-5.6954
OKSE	-5.6954
HAKN	-5.6954
SDEM	-5.6954
IRSM	-5.6954
EYPI	-5.6954
DANK	-5.6954
IUSS	-5.6954
HAMC	-5.6954
KEFU	-5.6954
RCHD	-5.6954
ARAV	-5.6954
REOC	-5.6954
NSTC	-5.6954
SOGA	-5.6954
UCYI	-5.6954
VECI	-5.6954
RIVO	-5.6954
LROS	-5.6954
HFIL	-5.6954
OWBL	-5.6954
RNEM	-5.6954
NYEL	-5.6954
OMSL	-5.6954
RLAP	-5.6954
KIKN	-5.6954
GMEW	-5.6954
HMYR	-5.6954
EIVO	-5.6954
RSSC	-5.6954
DMEC	-5.6954
ICSC	-5.6954
ODKI	-5.6954
DRUI	-5.6954
UTSW	-5.6954
OLBO	-5.6954
RNSB	-5.6954
OXOR	-5.6954
ELIR	-5.6954
LSFI	-5.6954
OYMA	-5.6954
IABO	-5.6954
RIDS	-5.6954
HPIT	-5.6954
IDOM	-5.6954
FREV	-5.6954
ODAW	-5.6954
SSFL	-5.6954
KSRE	-5.6954
EBYG	-5.6954
OWLT	-5.6954
YFLY	-5.6954
HGOE	-5.6954
CHTU	-5.6954
UBAL	-5.6954
AMLI	-5.6954
KBEC	-5.6954
SHSE	-5.6954
MILC	-5.6954
RAMH	-5.6954
OSOJ	-5.6954
NDOX	-5.6954
BENU	-5.6954
GSDA	-5.6954
MELC	-5.6954
DLOA	-5.6954
ASHY	-5.6954
KNEA	-5.6954
HAMD	-5.6954
OORU	-5.6954
MBFO	-5.6954
UFEA	-5.6954
TOEP	-5.6954
PHRO	-5.6954
HUAH	-5.6954
AMSL	-5.6954
BANT	-5.6954
AUWH	-5.6954
HELH	-5.6954
GHDA	-5.6954
HSSO	-5.6954
IDBI	-5.6954
TGIL	-5.6954
WEGI	-5.6954
DEZE	-5.6954
EKES	-5.6954
DDIP	-5.6954
OTIP	-5.6954
TUPU	-5.6954
EZAN	-5.6954
PCOR	-5.6954
AITL	-5.6954
LOGO	-5.6954
AELY	-5.6954
WGIV	-5.6954
ACOF	-5.6954
OAGO	-5.6954
LMYW	-5.6954
SBOS	-5.6954
SROD	-5.6954
ANSK	-5.6954
ARAA	-5.6954
SDIE	-5.6954
TILW	-5.6954
HBIT	-5.6954
MLIG	-5.6954
MYEH	-5.6954
CORI	-5.6954
EUSO	-5.6954
EMJU	-5.6954
GCAS	-5.6954
OFOX	-5.6954
FGOA	-5.6954
TIPO	-5.6954
UMEW	-5.6954
HURO	-5.6954
YGOL	-5.6954
LLJE	-5.6954
RDPU	-5.6954
HCOA	-5.6954
UDWA	-5.6954
PSOT	-5.6954
UDBU	-5.6954
EOWL	-5.6954
RFLY	-5.6954
CABA	-5.6954
RVOW	-5.6954
KTRE	-5.6954
RAZO	-5.6954
HBOW	-5.6954
AELK	-5.6954
NPAN	-5.6954
VEFL	-5.6954
ESYI	-5.6954
HYCL	-5.6954
MSUN	-5.6954
LDOO	-5.6954
BIRA	-5.6954
RKSF	-5.6954
POFP	-5.6954
BONI	-5.6954
TIRZ	-5.6954
FJEZ	-5.6954
OERA	-5.6954
KHEL	-5.6954
ASHM	-5.6954
TLAC	-5.6954
UFAC	-5.6954
LKAF	-5.6954
YEPE	-5.6954
FCIT	-5.6954
NWEE	-5.6954
OUPF	-5.6954
IBID	-5.6954
DVES	-5.6954
YBAB	-5.6954
ODEB	-5.6954
GGOA	-5.6954
SEHU	-5.6954
HTPO	-5.6954
ASHS	-5.6954
OWLF	-5.6954
XESA	-5.6954
ATOA	-5.6954
RDGR	-5.6954
IPSM	-5.6954
IREJ	-5.6954
DSTM	-5.6954
MAAZ	-5.6954
SRUD	-5.6954
RUDD	-5.6954
VIDF	-5.6954
ENAU	-5.6954
SBAG	-5.6954
IGAI	-5.6954
MOFJ	-5.6954
DOKI	-5.6954
RBYD	-5.6954
IDSL	-5.6954
DZAD	-5.6954
IAHC	-5.6954
LOMS	-5.6954
SUPI	-5.6954
RHIR	-5.6954
LAYG	-5.6954
GGOL	-5.6954
LZEB	-5.6954
FROA	-5.6954
ADKI	-5.6954
SBOX	-5.6954
BOSC	-5.6954
OESU	-5.6954
PHAE	-5.6954
PSST	-5.6954
UEGO	-5.6954
CKLA	-5.6954
TSGA	-5.6954
XERX	-5.6954
ERXE	-5.6954
RXES	-5.6954
USRI	-5.6954
DWIP	-5.6954
TOET	-5.6954
DNAK	-5.6954
ELMT	-5.6954
DODE	-5.6954
RNLI	-5.6954
YERB	-5.6954
YREI	-5.6954
KBER	-5.6954
ICRY	-5.6954
LDOL	-5.6954
WIMI	-5.6954
OZIO	-5.6954
SHLO	-5.6954
USGE	-5.6954
SLUS	-5.6954
WOEI	-5.6954
WLYB	-5.6954
CYPR	-5.6954
LIPO	-5.6954
EBIB	-5.6954
TWAK	-5.6954
DPIP	-5.6954
AISD	-5.6954
UTOW	-5.6954
LTAB	-5.6954
RCOV	-5.6954
RNEO	-5.6954
USBL	-5.6954
WNEB	-5.6954
RCEB	-5.6954
FSCO	-5.6954
WIGS	-5.6954
OATC	-5.6954
TYER	-5.6954
IPCA	-5.6954
SARU	-5.6954
LFBA	-5.6954
RNEH	-5.6954
CEQU	-5.6954
SERG	-5.6954
AIUS	-5.6954
ALYT	-5.6954
TEXH	-5.6954
DTIT	-5.6954
GCRA	-5.6954
TUTO	-5.6954
UNRU	-5.6954
EIVA	-5.6954
PSED	-5.6954
DCOW	-5.6954
OBIG	-5.6954
BOYR	-5.6954
DNTG	-5.6954
SNTI	-5.6954
BIGS	-5.6954
HOEM	-5.6954
AZYM	-5.6954
ZYMA	-5.6954
ALRI	-5.6954
FLOG	-5.6954
BOOM	-5.6954
SBID	-5.6954
MPEY	-5.6954
SPOE	-5.6954
DMAU	-5.6954
PAGN	-5.6954
LEAI	-5.6954
YARC	-5.6954
CHNI	-5.6954
ROON	-5.6954
MPYR	-5.6954
PEGG	-5.6954
MRHO	-5.6954
OPKI	-5.6954
RKEH	-5.6954
SEYW	-5.6954
JETS	-5.6954
EOSO	-5.6954
SOVR	-5.6954
OVRA	-5.6954
VRAN	-5.6954
HDTH	-5.6954
ECIU	-5.6954
EIUD	-5.6954
NDEO	-5.6954
WNEH	-5.6954
HEAY	-5.6954
EAYR	-5.6954
COLM	-5.6954
CBTH	-5.6954
ACBW	-5.6954
ENVO	-5.7202
NUAN	-5.7202
EBTO	-5.7202
DPEC	-5.7202
CTOB	-5.7202
USVI	-5.7202
GHOV	-5.7202
YWED	-5.7202
BTWH	-5.7202
KSQU	-5.7202
DITV	-5.7202
OYBE	-5.7202
NOIM	-5.7202
LEYL	-5.7202
HMEY	-5.7202
CTSU	-5.7202
IRIF	-5.7202
OITY	-5.7202
RDOP	-5.7202
AMEK	-5.7202
INKV	-5.7202
THDU	-5.7202
OFEQ	-5.7202
WTIL	-5.7202
DGOV	-5.7202
MASL	-5.7202
MAWE	-5.7202
SLIC	-5.7202
LABB	-5.7202
DRIL	-5.7202
ULSP	-5.7202
GOSS	-5.7202
OLWA	-5.7202
FDON	-5.7202
ILSC	-5.7202
LSCR	-5.7202
OWUS	-5.7202
TWOV	-5.7202
ECTD	-5.7202
LTAG	-5.7202
HBOO	-5.7202
ASTJ	-5.7202
IIMA	-5.7202
TMRM	-5.7202
FBES	-5.7202
IORC	-5.7202
CKIA	-5.7202
LBIR	-5.7202
EFFI	-5.7202
INSR	-5.7202
OQUA	-5.7202
DOON	-5.7202
OKSU	-5.7202
IEIT	-5.7202
TTYH	-5.7202
YSPL	-5.7202
ADOE	-5.7202
MEIG	-5.7202
EMMI	-5.7202
MDRA	-5.7202
EWDI	-5.7202
LERR	-5.7202
HAWE	-5.7202
EOHN	-5.7202
CALN	-5.7202
DOPR	-5.7202
GSIH	-5.7202
HDOU	-5.7202
ARMN	-5.7202
RCIB	-5.7202
GOTM	-5.7202
WBUS	-5.7202
LEJU	-5.7202
FCER	-5.7202
ORTD	-5.7202
SIRD	-5.7202
NSMY	-5.7202
GIMM	-5.7202
OOFW	-5.7202
AKYE	-5.7202
UBTN	-5.7202
ELPW	-5.7202
AAST	-5.7202
OAFR	-5.7202
PYAS	-5.7202
YNIN	-5.7202
GHMI	-5.7202
VASS	-5.7202
GRYS	-5.7202
TVIE	-5.7202
ILUR	-5.7202
KORS	-5.7202
TSEF	-5.7202
PTOL	-5.7202
FADM	-5.7202
NMAI	-5.7202
RREQ	-5.7202
EPCO	-5.7202
HUNI	-5.7202
OONN	-5.7202
ETJU	-5.7202
XYOU	-5.7202
DSCL	-5.7202
LWET	-5.7202
SECE	-5.7202
EKSI	-5.7202
IRYC	-5.7202
UEWO	-5.7202
CTMO	-5.7202
DYSC	-5.7202
WHYP	-5.7202
YMYC	-5.7202
OCKD	-5.7202
KDIN	-5.7202
HTTU	-5.7202
KEIH	-5.7202
AREX	-5.7202
WINF	-5.7202
NOAD	-5.7202
DATP	-5.7202
LAHS	-5.7202
CYCO	-5.7202
OROM	-5.7202
WHED	-5.7202
ULYI	-5.7202
PTYS	-5.7202
EPTL	-5.7202
MEOB	-5.7202
SNER	-5.7202
NUNG	-5.7202
KINF	-5.7202
OOOF	-5.7202
NTYI	-5.7202
REIR	-5.7202
GISU	-5.7202
LSUF	-5.7202
ABYW	-5.7202
NJOH	-5.7202
MECU	-5.7202
FADR	-5.7202
ULAF	-5.7202
ETSY	-5.7202
NEOP	-5.7202
PSIS	-5.7202
UPYE	-5.7202
BADS	-5.7202
SBYR	-5.7202
SSVI	-5.7202
OWPU	-5.7202
LALA	-5.7202
UEYE	-5.7202
KASA	-5.7202
FCIR	-5.7202
NIFW	-5.7202
FDUT	-5.7202
IPWE	-5.7202
SVIE	-5.7202
MEDQ	-5.7202
FDRI	-5.7202
NSAK	-5.7202
HSUS	-5.7202
GECH	-5.7202
HOMU	-5.7202
YVEN	-5.7202
VECE	-5.7202
TEAH	-5.7202
OOFR	-5.7202
ELTM	-5.7202
SVEX	-5.7202
MREV	-5.7202
OFFD	-5.7202
SLYU	-5.7202
AHOP	-5.7202
IDPO	-5.7202
RUNP	-5.7202
RLEV	-5.7202
DAMM	-5.7202
OAFO	-5.7202
LOPM	-5.7202
KASW	-5.7202
BIOU	-5.7202
LMOT	-5.7202
PSEA	-5.7202
LREF	-5.7202
TACU	-5.7202
HSEC	-5.7202
RYUS	-5.7202
NCEV	-5.7202
TMRF	-5.7202
TWEY	-5.7202
EWEO	-5.7202
DOIF	-5.7202
ELTR	-5.7202
UCEE	-5.7202
RAUT	-5.7202
HEOM	-5.7202
EEMD	-5.7202
PYWH	-5.7202
UUPO	-5.7202
HSMI	-5.7202
MEXT	-5.7202
KDON	-5.7202
ILEU	-5.7202
ARJA	-5.7202
ASJA	-5.7202
EAAT	-5.7202
TESG	-5.7202
GRAF	-5.7202
SDUR	-5.7202
ONDN	-5.7202
BYGI	-5.7202
NDAJ	-5.7202
HAFU	-5.7202
WNVE	-5.7202
NWRA	-5.7202
OLDV	-5.7202
RWET	-5.7202
AGOS	-5.7202
DOIW	-5.7202
YGOW	-5.7202
FIWA	-5.7202
GAYA	-5.7202
CHLY	-5.7202
VAUN	-5.7202
ATOD	-5.7202
EONN	-5.7202
CCOS	-5.7202
OWEH	-5.7202
DRYS	-5.7202
CHAV	-5.7202
DMYA	-5.7202
LILO	-5.7202
ROWP	-5.7202
EYBA	-5.7202
NEGI	-5.7202
YGIF	-5.7202
OUKE	-5.7202
PSTE	-5.7202
OKLE	-5.7202
RVIT	-5.7202
GHBR	-5.7202
UEDL	-5.7202
DEDV	-5.7202
FESC	-5.7202
LLDU	-5.7202
NEAA	-5.7202
KLYB	-5.7202
UCTH	-5.7202
RLSO	-5.7202
NCYF	-5.7202
GUPB	-5.7202
NYIM	-5.7202
DOCE	-5.7202
BEYS	-5.7202
UHET	-5.7202
FUSW	-5.7202
TWRE	-5.7202
OINJ	-5.7202
NNAY	-5.7202
RHAU	-5.7202
NFLY	-5.7202
GSOC	-5.7202
DUSO	-5.7202
NBYF	-5.7202
BSID	-5.7202
TEMU	-5.7202
MYAU	-5.7202
BONY	-5.7202
DNOU	-5.7202
GMAK	-5.7202
WINM	-5.7202
LISD	-5.7202
PLYF	-5.7202
ORYG	-5.7202
NLAB	-5.7202
HLYF	-5.7202
NKID	-5.7202
YSCE	-5.7202
TUPY	-5.7202
RYOH	-5.7202
PHEI	-5.7202
IRMY	-5.7202
SBYC	-5.7202
KANO	-5.7202
GIFY	-5.7202
OMSS	-5.7202
TIFN	-5.7202
IKEV	-5.7202
ULEV	-5.7202
MHEF	-5.7202
MLYS	-5.7202
BLEK	-5.7202
LBUS	-5.7202
OGYO	-5.7202
YEUN	-5.7202
RUED	-5.7202
YGAI	-5.7202
FGRI	-5.7202
NORV	-5.7202
MRSU	-5.7202
ARKP	-5.7202
SATY	-5.7202
FWEE	-5.7202
EPME	-5.7202
AITU	-5.7202
UGAL	-5.7202
NSKN	-5.7202
KOFJ	-5.7202
ALKF	-5.7202
HNHA	-5.7202
GETB	-5.7202
VIND	-5.7202
WSNE	-5.7202
FFAG	-5.7202
ISAQ	-5.7202
AVEQ	-5.7202
UNEN	-5.7202
ESEQ	-5.7202
WORR	-5.7202
SHGA	-5.7202
CANU	-5.7202
MEOP	-5.7202
LAHH	-5.7202
YIPR	-5.7202
ERIU	-5.7202
OTFL	-5.7202
HOTI	-5.7202
PSIE	-5.7202
SCIS	-5.7202
DCLU	-5.7202
LEXT	-5.7202
BOXW	-5.7202
GHHO	-5.7202
WBRO	-5.7202
FABS	-5.7202
BOXO	-5.7202
HAGL	-5.7202
YADI	-5.7202
CHSC	-5.7202
MBWH	-5.7202
UCER	-5.7202
NIOR	-5.7202
SHPO	-5.7202
ADNA	-5.7202
FCRO	-5.7202
ESEK	-5.7202
LLUC	-5.7202
NFED	-5.7202
DYFI	-5.7202
AJOY	-5.7202
ULGR	-5.7202
REJA	-5.7202
TAYN	-5.7202
YORH	-5.7202
OODQ	-5.7202
SYON	-5.7202
IRUS	-5.7202
LPEN	-5.7202
OAHI	-5.7202
NTWR	-5.7202
HOBR	-5.7202
AWNW	-5.7202
LTIC	-5.7202
YAPE	-5.7202
AKHI	-5.7202
ADUS	-5.7202
DLEC	-5.7202
WADE	-5.7202
ACTM	-5.7202
KONM	-5.7202
FIFE	-5.7202
YUNK	-5.7202
BSCR	-5.7202
MSAM	-5.7202
UDAL	-5.7202
OGOS	-5.7202
WDIS	-5.7202
MWIN	-5.7202
GDEE	-5.7202
UALN	-5.7202
RYJO	-5.7202
LWEM	-5.7202
METS	-5.7202
YISW	-5.7202
BIDF	-5.7202
TCEN	-5.7202
EITK	-5.7202
SEKN	-5.7202
CKAB	-5.7202
FDOU	-5.7202
FTYM	-5.7202
RSPU	-5.7202
AVYO	-5.7202
PLOD	-5.7202
CEKN	-5.7202
DEPU	-5.7202
XEST	-5.7202
HKIL	-5.7202
GPOI	-5.7202
CEEL	-5.7202
VELV	-5.7202
EXET	-5.7202
XETE	-5.7202
LESQ	-5.7202
GLAU	-5.7202
DEOV	-5.7202
DRUB	-5.7202
OFOV	-5.7202
CKTA	-5.7202
ONIZ	-5.7202
OMFE	-5.7202
HIPU	-5.7202
ICFO	-5.7202
OESL	-5.7202
KALA	-5.7202
SIXS	-5.7202
AZEL	-5.7202
YISG	-5.7202
KHEC	-5.7202
YPUN	-5.7202
LLEW	-5.7202
OMTA	-5.7202
EPSL	-5.7202
OFEY	-5.7202
HFAM	-5.7202
RUNU	-5.7202
KBLU	-5.7202
MPHE	-5.7202
IMRU	-5.7202
MBSH	-5.7202
CEGI	-5.7202
NAFU	-5.7202
DWEK	-5.7202
RADR	-5.7202
RTBR	-5.7202
PITU	-5.7202
GAFO	-5.7202
BYPE	-5.7202
OPON	-5.7202
PWOU	-5.7202
AOFG	-5.7202
LYBI	-5.7202
GSAM	-5.7202
EPTC	-5.7202
OCKL	-5.7202
WMIL	-5.7202
STYR	-5.7202
EGAP	-5.7202
FAHU	-5.7202
LENW	-5.7202
WARY	-5.7202
RKHI	-5.7202
YISD	-5.7202
OCOO	-5.7202
WSCA	-5.7202
OWOV	-5.7202
MSPA	-5.7202
LYIR	-5.7202
LTUN	-5.7202
GNAW	-5.7202
PYAR	-5.7202
PSOU	-5.7202
ONYH	-5.7202
ULSU	-5.7202
HRIF	-5.7202
SGIF	-5.7202
HTFL	-5.7202
MRDA	-5.7202
MOFL	-5.7202
RSCU	-5.7202
UGLI	-5.7202
IDIL	-5.7202
RDCR	-5.7202
RSUD	-5.7202
MSFR	-5.7202
OOFB	-5.7202
VEER	-5.7202
HBYO	-5.7202
BYIS	-5.7202
EECL	-5.7202
WOFC	-5.7202
OHNN	-5.7202
WTON	-5.7202
DJOU	-5.7202
WDOT	-5.7202
HSCR	-5.7202
GOTF	-5.7202
MAXI	-5.7202
AXIM	-5.7202
ETIH	-5.7202
REYM	-5.7202
UEPR	-5.7202
KSIS	-5.7202
MERY	-5.7202
IRDC	-5.7202
GPAT	-5.7202
HIGN	-5.7202
UCYT	-5.7202
ILRE	-5.7202
FSOT	-5.7202
ITPU	-5.7202
WOFW	-5.7202
PWIL	-5.7202
PEYE	-5.7202
GEPO	-5.7202
PTME	-5.7202
LIFA	-5.7202
CTAV	-5.7202
YHOT	-5.7202
HMEH	-5.7202
GASF	-5.7202
SOBI	-5.7202
LCRU	-5.7202
KLEO	-5.7202
MITF	-5.7202
LFRU	-5.7202
VORC	-5.7202
EKFO	-5.7202
ADOB	-5.7202
MANX	-5.7202
IFFA	-5.7202
GSAW	-5.7202
SEJE	-5.7202
VANW	-5.7202
TVIN	-5.7202
UNAM	-5.7202
FNOA	-5.7202
UESU	-5.7202
DOTT	-5.7202
RNSS	-5.7202
SIDL	-5.7202
KNAV	-5.7202
OLTT	-5.7202
RIEA	-5.7202
OLYE	-5.7202
RTUO	-5.7202
SYEL	-5.7202
AKIS	-5.7202
NOES	-5.7202
FFBE	-5.7202
CHSL	-5.7202
MYSC	-5.7202
SHUF	-5.7202
WLTH	-5.7202
IBSA	-5.7202
HYHU	-5.7202
AINK	-5.7202
RMYV	-5.7202
DMAH	-5.7202
OAHT	-5.7202
SHDI	-5.7202
JAVA	-5.7202
OGER	-5.7202
LAHB	-5.7202
IKLA	-5.7202
DOPH	-5.7202
OSAR	-5.7202
TUPN	-5.7202
RANW	-5.7202
HSAV	-5.7202
SWAX	-5.7202
CLAV	-5.7202
HUEL	-5.7202
MBOW	-5.7202
ADBL	-5.7202
MIPR	-5.7202
HYPI	-5.7202
EYBL	-5.7202
ZIMR	-5.7202
DDUM	-5.7202
ULIE	-5.7202
HELW	-5.7202
YMYR	-5.7202
DSTB	-5.7202
GUTT	-5.7202
COBI	-5.7202
AULO	-5.7202
IEAL	-5.7202
IEBY	-5.7202
DICR	-5.7202
YUSA	-5.7202
WEBR	-5.7202
AYDW	-5.7202
DROY	-5.7202
IGAD	-5.7202
DWAX	-5.7202
KMAS	-5.7202
USEJ	-5.7202
TAAR	-5.7202
LRED	-5.7202
MEGY	-5.7202
AKAL	-5.7202
RODW	-5.7202
MSUP	-5.7202
RJEW	-5.7202
FITU	-5.7202
IGNU	-5.7202
AUPO	-5.7202
FPAL	-5.7202
IGNF	-5.7202
YEMU	-5.7202
NTHP	-5.7202
BEUT	-5.7202
ALTU	-5.7202
MPSH	-5.7202
SAJE	-5.7202
MHEP	-5.7202
CONE	-5.7202
PAWS	-5.7202
FLEP	-5.7202
IMCL	-5.7202
CABS	-5.7202
IEON	-5.7202
BUYE	-5.7202
EBUY	-5.7202
EOFZ	-5.7202
AGIF	-5.7202
EUPL	-5.7202
OSPY	-5.7202
IFTW	-5.7202
IPEI	-5.7202
NWOE	-5.7202
ILDY	-5.7202
MRIS	-5.7202
SALC	-5.7202
HYRA	-5.7202
DSTD	-5.7202
HCUT	-5.7202
ILAM	-5.7202
EMNT	-5.7202
HEWF	-5.7202
NUSB	-5.7202
LPHE	-5.7202
DIMN	-5.7202
DGIL	-5.7202
DEBI	-5.7202
SJER	-5.7202
THOA	-5.7202
GIBB	-5.7202
YERU	-5.7202
IMGI	-5.7202
TOAK	-5.7202
ARAK	-5.7202
BINO	-5.7202
AFLE	-5.7202
JEOP	-5.7202
LMUN	-5.7202
KFIR	-5.7202
IBEN	-5.7202
NBIT	-5.7202
YPET	-5.7202
LUSW	-5.7202
TIBR	-5.7202
AGSA	-5.7202
AINJ	-5.7202
REEE	-5.7202
NLOA	-5.7202
VIDG	-5.7202
AIOT	-5.7202
GDOT	-5.7202
MDAV	-5.7202
EKME	-5.7202
AHME	-5.7202
OAAN	-5.7202
HIBO	-5.7202
FCED	-5.7202
LODE	-5.7202
IAHU	-5.7202
DOKA	-5.7202
IAHJ	-5.7202
IELO	-5.7202
ABSB	-5.7202
ACOC	-5.7202
GREH	-5.7202
GNWH	-5.7202
WHYF	-5.7202
AMOV	-5.7202
IABU	-5.7202
HABM	-5.7202
EWMY	-5.7202
ETAV	-5.7202
EZED	-5.7202
GTEL	-5.7202
RIAI	-5.7202
ZACH	-5.7202
CIST	-5.7202
LAMT	-5.7202
KAMT	-5.7202
BUZA	-5.7202
FJED	-5.7202
YFOE	-5.7202
KEPR	-5.7202
ATNU	-5.7202
UMBA	-5.7202
OBIA	-5.7202
UDSH	-5.7202
MYRT	-5.7202
YRTL	-5.7202
FWRA	-5.7202
GFAI	-5.7202
RKES	-5.7202
SSDW	-5.7202
OUOP	-5.7202
YPLU	-5.7202
UBIE	-5.7202
SKYW	-5.7202
UDSB	-5.7202
HYCR	-5.7202
BMAN	-5.7202
STUO	-5.7202
UCRO	-5.7202
HOSI	-5.7202
DWEF	-5.7202
GMYB	-5.7202
LADF	-5.7202
NHAU	-5.7202
OEWH	-5.7202
ILKE	-5.7202
POFW	-5.7202
LHAM	-5.7202
URTU	-5.7202
SOAK	-5.7202
HIPL	-5.7202
SHFI	-5.7202
ADSB	-5.7202
LEER	-5.7202
DWAK	-5.7202
NPIP	-5.7202
SUSL	-5.7202
NAUM	-5.7202
ISOI	-5.7202
AEAN	-5.7202
IPEO	-5.7202
FURL	-5.7202
MPOT	-5.7202
GANF	-5.7202
PRUS	-5.7202
LASB	-5.7202
PELW	-5.7202
YMNS	-5.7202
IEIS	-5.7202
IVAB	-5.7202
UESC	-5.7202
BOYM	-5.7202
SIFB	-5.7202
EOER	-5.7202
NSKY	-5.7202
OROS	-5.7202
MRWH	-5.7202
AGGY	-5.7202
ZINE	-5.7202
HNIC	-5.7202
CRIC	-5.7202
OADC	-5.7202
RGIA	-5.7202
GLEG	-5.7202
EYLL	-5.7202
DODG	-5.7202
UIDS	-5.7202
PEPP	-5.7202
LABY	-5.7202
MADS	-5.7202
BLON	-5.7202
EHOG	-5.7202
ICMO	-5.7202
TUBE	-5.7202
GAIR	-5.7202
HAWT	-5.7202
INUO	-5.7202
AUER	-5.7202
CARW	-5.7202
LSIO	-5.7202
ILKH	-5.7202
EGIG	-5.7202
DSEY	-5.7202
MBRU	-5.7202
DCOI	-5.7202
DDRM	-5.7202
LAVA	-5.7202
TUFT	-5.7202
COWH	-5.7202
ESUV	-5.7202
SUVI	-5.7202
UVIU	-5.7202
VIUS	-5.7202
RDYW	-5.7202
WIEL	-5.7202
RDYS	-5.7202
BUNG	-5.7202
YOJO	-5.7202
CHDT	-5.7202
COUE	-5.7202
OFVS	-5.7202
SSDT	-5.7202
OUNI	-5.7465
SGOV	-5.7465
FAUT	-5.7465
IRAG	-5.7465
NKMI	-5.7465
HLYD	-5.7465
SGOE	-5.7465
POFB	-5.7465
TAVI	-5.7465
FTOL	-5.7465
GLYE	-5.7465
DOSI	-5.7465
ESIP	-5.7465
SLEI	-5.7465
SEOB	-5.7465
PYMA	-5.7465
FSOS	-5.7465
CARY	-5.7465
TNOH	-5.7465
EWPR	-5.7465
WINO	-5.7465
OMBL	-5.7465
MPUS	-5.7465
RASR	-5.7465
LBAS	-5.7465
URTY	-5.7465
SSPU	-5.7465
LKWO	-5.7465
ODPA	-5.7465
ADOZ	-5.7465
SNAS	-5.7465
WSEA	-5.7465
JUNE	-5.7465
RDJU	-5.7465
SIDA	-5.7465
FTAK	-5.7465
WYAR	-5.7465
CKEY	-5.7465
ADVO	-5.7465
UEXP	-5.7465
SMRK	-5.7465
CEPL	-5.7465
NMRK	-5.7465
USIW	-5.7465
MMAG	-5.7465
NKIA	-5.7465
GUSE	-5.7465
ASUC	-5.7465
FSUB	-5.7465
MASG	-5.7465
LTHS	-5.7465
AFAU	-5.7465
NGSJ	-5.7465
LFIH	-5.7465
NANX	-5.7465
GWAN	-5.7465
YMYO	-5.7465
ECET	-5.7465
HTGA	-5.7465
NSVE	-5.7465
PPYE	-5.7465
UTYS	-5.7465
HAWL	-5.7465
OPAC	-5.7465
LOFN	-5.7465
MMYD	-5.7465
NIMU	-5.7465
CHCE	-5.7465
LDWR	-5.7465
OLHA	-5.7465
USUC	-5.7465
EISQ	-5.7465
RYRU	-5.7465
GSAG	-5.7465
SKME	-5.7465
UWRO	-5.7465
EISK	-5.7465
YLIB	-5.7465
GRUD	-5.7465
CTAG	-5.7465
SYAS	-5.7465
OOHI	-5.7465
HOBS	-5.7465
PYFO	-5.7465
LFIW	-5.7465
DYSU	-5.7465
OKPA	-5.7465
RUEG	-5.7465
GUNC	-5.7465
LFAW	-5.7465
CTSB	-5.7465
ETSR	-5.7465
GSMU	-5.7465
OACR	-5.7465
TOHM	-5.7465
LBYH	-5.7465
LCHU	-5.7465
WNTI	-5.7465
OHBU	-5.7465
PAYS	-5.7465
MAON	-5.7465
TOAI	-5.7465
RDYA	-5.7465
MISB	-5.7465
NSAP	-5.7465
CHSM	-5.7465
LIBA	-5.7465
FIKN	-5.7465
FECA	-5.7465
WMIS	-5.7465
ARYV	-5.7465
MMYM	-5.7465
EMMR	-5.7465
DACK	-5.7465
NYQU	-5.7465
NYFE	-5.7465
NYNE	-5.7465
TWEO	-5.7465
ASYI	-5.7465
SENJ	-5.7465
MONR	-5.7465
RATF	-5.7465
MIXI	-5.7465
GCOR	-5.7465
USOB	-5.7465
OHIB	-5.7465
ZATH	-5.7465
ALPI	-5.7465
ULEF	-5.7465
XSAI	-5.7465
SEDV	-5.7465
OAWO	-5.7465
ENVA	-5.7465
CKDE	-5.7465
CEPU	-5.7465
USIH	-5.7465
YTRY	-5.7465
DSMR	-5.7465
RKSM	-5.7465
UDOA	-5.7465
TPUN	-5.7465
WICO	-5.7465
RUCE	-5.7465
CEBL	-5.7465
MAMI	-5.7465
PSFR	-5.7465
FWON	-5.7465
FSAF	-5.7465
NSDR	-5.7465
ULDQ	-5.7465
EMMU	-5.7465
REFF	-5.7465
HIWO	-5.7465
NIDA	-5.7465
FDIR	-5.7465
LTYH	-5.7465
FJAM	-5.7465
UDSW	-5.7465
SYWH	-5.7465
CORT	-5.7465
UTSC	-5.7465
NMYA	-5.7465
DAMC	-5.7465
LDGL	-5.7465
UBIO	-5.7465
LATW	-5.7465
TETA	-5.7465
SIXW	-5.7465
RTOV	-5.7465
LABU	-5.7465
OKCA	-5.7465
IFFR	-5.7465
WWES	-5.7465
MBHE	-5.7465
LFMY	-5.7465
FFBY	-5.7465
RWED	-5.7465
SDIX	-5.7465
YCRA	-5.7465
OTOI	-5.7465
PBET	-5.7465
VOTI	-5.7465
WNJU	-5.7465
SAWJ	-5.7465
RNOL	-5.7465
BAGS	-5.7465
GHEB	-5.7465
PTAW	-5.7465
KMYC	-5.7465
EGTO	-5.7465
ROTO	-5.7465
EWSM	-5.7465
GPAN	-5.7465
UMWH	-5.7465
MSAV	-5.7465
EWPL	-5.7465
RTID	-5.7465
ARAU	-5.7465
EMYJ	-5.7465
USYW	-5.7465
MGET	-5.7465
PPYP	-5.7465
UEDR	-5.7465
IPEL	-5.7465
HSAG	-5.7465
URMY	-5.7465
CKTW	-5.7465
CHOH	-5.7465
BTHI	-5.7465
NCTS	-5.7465
WENG	-5.7465
ESGL	-5.7465
TSEM	-5.7465
NGIG	-5.7465
UBTB	-5.7465
BEPI	-5.7465
WTOL	-5.7465
YLAM	-5.7465
DNOG	-5.7465
YBIL	-5.7465
ROYM	-5.7465
UCAR	-5.7465
IARO	-5.7465
FAPI	-5.7465
URTM	-5.7465
LGIN	-5.7465
PSMI	-5.7465
CETE	-5.7465
RACU	-5.7465
ENYA	-5.7465
OIDS	-5.7465
TOYI	-5.7465
OYIE	-5.7465
LINJ	-5.7465
GUEM	-5.7465
TOPW	-5.7465
STEY	-5.7465
MLAS	-5.7465
WOCU	-5.7465
IABS	-5.7465
NOYE	-5.7465
YMYP	-5.7465
RDOH	-5.7465
AUND	-5.7465
EAJO	-5.7465
SIEV	-5.7465
KSMO	-5.7465
UHIT	-5.7465
STJA	-5.7465
HBYM	-5.7465
GESM	-5.7465
FVAN	-5.7465
FROO	-5.7465
MWAN	-5.7465
WCLO	-5.7465
WEND	-5.7465
SIBR	-5.7465
BADW	-5.7465
YORN	-5.7465
LYVO	-5.7465
OOSM	-5.7465
WICH	-5.7465
OMOB	-5.7465
ILSU	-5.7465
ABEI	-5.7465
LANH	-5.7465
WFRI	-5.7465
LHOR	-5.7465
SHPR	-5.7465
HDEN	-5.7465
DERV	-5.7465
WCAR	-5.7465
LRIN	-5.7465
TTYI	-5.7465
CHVA	-5.7465
TUNP	-5.7465
TTYF	-5.7465
AURE	-5.7465
NTYB	-5.7465
MDEL	-5.7465
PPYO	-5.7465
UTAY	-5.7465
GFOL	-5.7465
ONSK	-5.7465
SENW	-5.7465
VENJ	-5.7465
UNBR	-5.7465
FPIT	-5.7465
ELTN	-5.7465
OMAW	-5.7465
EHEU	-5.7465
MIGO	-5.7465
YSEI	-5.7465
LAYY	-5.7465
UILI	-5.7465
TPUB	-5.7465
INNY	-5.7465
SEGL	-5.7465
ARYY	-5.7465
PMAN	-5.7465
UUSE	-5.7465
ESHG	-5.7465
GIFA	-5.7465
GHRA	-5.7465
RYCE	-5.7465
FATF	-5.7465
WLYC	-5.7465
MMYO	-5.7465
NDIU	-5.7465
KDID	-5.7465
URIW	-5.7465
SADT	-5.7465
AWEV	-5.7465
FSMI	-5.7465
GHGR	-5.7465
RDJA	-5.7465
SMYV	-5.7465
URVA	-5.7465
YCLI	-5.7465
RLDD	-5.7465
OXWH	-5.7465
ASUF	-5.7465
UDEE	-5.7465
SGUA	-5.7465
MBEM	-5.7465
OXOF	-5.7465
OBOX	-5.7465
UTNU	-5.7465
OWKN	-5.7465
SDUS	-5.7465
GHEX	-5.7465
RTIR	-5.7465
ORMB	-5.7465
ISHV	-5.7465
HSUD	-5.7465
WMEW	-5.7465
DGOW	-5.7465
YATR	-5.7465
GSAF	-5.7465
BEFL	-5.7465
YDEM	-5.7465
NOKN	-5.7465
CURB	-5.7465
OUNF	-5.7465
TYMU	-5.7465
HOMC	-5.7465
UNKB	-5.7465
HVOI	-5.7465
XEDB	-5.7465
INKU	-5.7465
DGEC	-5.7465
LARY	-5.7465
LSGO	-5.7465
TGOS	-5.7465
FINO	-5.7465
GERR	-5.7465
REIK	-5.7465
DGEU	-5.7465
INLU	-5.7465
ELPF	-5.7465
GLYM	-5.7465
GEEV	-5.7465
NTCI	-5.7465
RYKN	-5.7465
AWNU	-5.7465
MYRA	-5.7465
HCRU	-5.7465
ITCL	-5.7465
BECE	-5.7465
HAYO	-5.7465
GAHE	-5.7465
DYHI	-5.7465
TNAY	-5.7465
MLIT	-5.7465
ACTN	-5.7465
IOWE	-5.7465
WSEN	-5.7465
NGIP	-5.7465
AYNA	-5.7465
SIFN	-5.7465
HIFY	-5.7465
CEIP	-5.7465
YISO	-5.7465
YILO	-5.7465
EODO	-5.7465
AIWH	-5.7465
MDOI	-5.7465
RBAB	-5.7465
SOIC	-5.7465
CTSM	-5.7465
EALY	-5.7465
WMYL	-5.7465
NOBI	-5.7465
TNEX	-5.7465
FKEL	-5.7465
APHO	-5.7465
FUPP	-5.7465
DDEB	-5.7465
FCAU	-5.7465
EDIP	-5.7465
ETFL	-5.7465
NCEK	-5.7465
LFSI	-5.7465
FINB	-5.7465
KSMA	-5.7465
TFIX	-5.7465
NCHC	-5.7465
GOTE	-5.7465
NCHF	-5.7465
OSSC	-5.7465
INKP	-5.7465
DUNM	-5.7465
WREP	-5.7465
MPON	-5.7465
GADD	-5.7465
YBEU	-5.7465
NSGA	-5.7465
SBYI	-5.7465
OORR	-5.7465
DEXI	-5.7465
HSOA	-5.7465
CHQU	-5.7465
HQUE	-5.7465
ORKP	-5.7465
OAHO	-5.7465
PAWA	-5.7465
KNEL	-5.7465
DAFU	-5.7465
IFLO	-5.7465
WBOR	-5.7465
SSCU	-5.7465
CROC	-5.7465
WOWA	-5.7465
NPOE	-5.7465
HOEN	-5.7465
SHLA	-5.7465
UNUP	-5.7465
OMUL	-5.7465
FIXT	-5.7465
IRQU	-5.7465
LYAH	-5.7465
AYNI	-5.7465
PSIL	-5.7465
HOGO	-5.7465
NPUB	-5.7465
PWIN	-5.7465
OOTB	-5.7465
HVAR	-5.7465
GHIF	-5.7465
RSKE	-5.7465
LESJ	-5.7465
EEAD	-5.7465
CUPB	-5.7465
PBOA	-5.7465
WSRE	-5.7465
WITF	-5.7465
HOMF	-5.7465
OLTI	-5.7465
NGIU	-5.7465
INRU	-5.7465
FDEV	-5.7465
LUEI	-5.7465
FCAM	-5.7465
YIRR	-5.7465
KLYO	-5.7465
RASB	-5.7465
RCEM	-5.7465
MITN	-5.7465
PBEC	-5.7465
MFAI	-5.7465
HFIV	-5.7465
LGAV	-5.7465
ONIL	-5.7465
ASUI	-5.7465
WSPI	-5.7465
RNAY	-5.7465
IPBU	-5.7465
WSHU	-5.7465
WDRA	-5.7465
BYPL	-5.7465
WASZ	-5.7465
OWIB	-5.7465
ALGL	-5.7465
YSOD	-5.7465
WETT	-5.7465
WSSA	-5.7465
EFTE	-5.7465
SBEP	-5.7465
NBEP	-5.7465
URJU	-5.7465
OUSQ	-5.7465
OUEL	-5.7465
TUNG	-5.7465
TMAG	-5.7465
GMYC	-5.7465
LFED	-5.7465
KECR	-5.7465
FTFR	-5.7465
MISG	-5.7465
MUNC	-5.7465
DUIT	-5.7465
LMYR	-5.7465
MMYP	-5.7465
FTBU	-5.7465
HLUC	-5.7465
PEOU	-5.7465
FADV	-5.7465
LEGU	-5.7465
ABEE	-5.7465
IWAR	-5.7465
MSOD	-5.7465
GSSI	-5.7465
YORY	-5.7465
WNEL	-5.7465
ORNR	-5.7465
DJOK	-5.7465
RNMY	-5.7465
BYTR	-5.7465
LICC	-5.7465
NUSO	-5.7465
WKNO	-5.7465
NTEY	-5.7465
OUED	-5.7465
ADCU	-5.7465
GJUD	-5.7465
IOLO	-5.7465
BSHE	-5.7465
EDGU	-5.7465
TCOS	-5.7465
GNSI	-5.7465
LMEM	-5.7465
TATY	-5.7465
YLEN	-5.7465
EKNA	-5.7465
XPEL	-5.7465
CKEI	-5.7465
NTOX	-5.7465
TOXI	-5.7465
OOLC	-5.7465
EPOC	-5.7465
WSAW	-5.7465
YEFI	-5.7465
TVIR	-5.7465
EWLO	-5.7465
HAFL	-5.7465
SKTO	-5.7465
GFRU	-5.7465
AMGA	-5.7465
FSKI	-5.7465
RSBL	-5.7465
AGAB	-5.7465
ONOA	-5.7465
EPSE	-5.7465
NMAL	-5.7465
RODH	-5.7465
RNTW	-5.7465
MMES	-5.7465
TREU	-5.7465
RAHB	-5.7465
RANB	-5.7465
MDWE	-5.7465
PHAI	-5.7465
LTKE	-5.7465
EAIW	-5.7465
TMOC	-5.7465
NGOM	-5.7465
HAMG	-5.7465
MGAT	-5.7465
CWHO	-5.7465
NMUL	-5.7465
MBUR	-5.7465
AHST	-5.7465
ACAB	-5.7465
PADA	-5.7465
COBF	-5.7465
OBWE	-5.7465
HYDW	-5.7465
BROS	-5.7465
BCAM	-5.7465
WNFL	-5.7465
DYEK	-5.7465
OBWH	-5.7465
HIGA	-5.7465
ELJO	-5.7465
HDUK	-5.7465
ZRAH	-5.7465
MDIE	-5.7465
BLYU	-5.7465
PTYT	-5.7465
HEZI	-5.7465
FSHU	-5.7465
HJOS	-5.7465
AOHW	-5.7465
YSYE	-5.7465
SGOU	-5.7465
INPH	-5.7465
YEFA	-5.7465
ERAA	-5.7465
VINA	-5.7465
LRUS	-5.7465
DJET	-5.7465
HENZ	-5.7465
THPH	-5.7465
ILSM	-5.7465
LCEA	-5.7465
KDAR	-5.7465
EIBR	-5.7465
DRAV	-5.7465
LMUR	-5.7465
IBAH	-5.7465
HUAC	-5.7465
DREH	-5.7465
IEUN	-5.7465
IPEF	-5.7465
UFFD	-5.7465
RCUB	-5.7465
OPSS	-5.7465
ELUP	-5.7465
SDUN	-5.7465
TBON	-5.7465
KSAY	-5.7465
TORK	-5.7465
SPAW	-5.7465
LAMM	-5.7465
NDHY	-5.7465
VOMI	-5.7465
ODTU	-5.7465
FLUO	-5.7465
LUOU	-5.7465
YGLE	-5.7465
CKTR	-5.7465
OROW	-5.7465
IHUD	-5.7465
DNET	-5.7465
DDUN	-5.7465
YNET	-5.7465
IGST	-5.7465
YJER	-5.7465
ASEG	-5.7465
EJEZ	-5.7465
GOAR	-5.7465
JAIR	-5.7465
ZALM	-5.7465
OZED	-5.7465
OJOR	-5.7465
BSFO	-5.7465
DYEC	-5.7465
TATJ	-5.7465
OGIN	-5.7465
GOLA	-5.7465
TFLU	-5.7465
UKIN	-5.7465
OWJE	-5.7465
OGIB	-5.7465
BLIT	-5.7465
NTJE	-5.7465
HPAL	-5.7465
KLAG	-5.7465
AOTH	-5.7465
BATW	-5.7465
PEEL	-5.7465
WOFG	-5.7465
LEWS	-5.7465
HOBB	-5.7465
ABBU	-5.7465
ALAY	-5.7465
NNAI	-5.7465
LISF	-5.7465
RIMT	-5.7465
ITUB	-5.7465
UBIC	-5.7465
IADO	-5.7465
ULEY	-5.7465
HURE	-5.7465
ILBO	-5.7465
NDOS	-5.7465
NJOA	-5.7465
PHIB	-5.7465
IAHP	-5.7465
FSUM	-5.7465
IDHU	-5.7465
ABCO	-5.7465
LITR	-5.7465
SROY	-5.7465
EAKG	-5.7465
HETJ	-5.7465
LDJE	-5.7465
LLVO	-5.7465
HABK	-5.7465
MEOM	-5.7465
DMOC	-5.7465
GISL	-5.7465
FAZA	-5.7465
TAKA	-5.7465
LIAK	-5.7465
MUTA	-5.7465
EJOB	-5.7465
RKHO	-5.7465
ESVA	-5.7465
EERC	-5.7465
PSAC	-5.7465
CAIS	-5.7465
AXER	-5.7465
EDAZ	-5.7465
ULEI	-5.7465
UETA	-5.7465
BCON	-5.7465
OULR	-5.7465
CLOD	-5.7465
NMEC	-5.7465
YTEE	-5.7465
IGON	-5.7465
ITBL	-5.7465
HTCL	-5.7465
CRAG	-5.7465
EESL	-5.7465
GODJ	-5.7465
IPSL	-5.7465
TSAH	-5.7465
DISJ	-5.7465
UESF	-5.7465
GEUP	-5.7465
IRSY	-5.7465
NWAK	-5.7465
SOMN	-5.7465
EETG	-5.7465
FVEN	-5.7465
CRAV	-5.7465
BYFL	-5.7465
LFIE	-5.7465
CEOT	-5.7465
FROL	-5.7465
RACR	-5.7465
NSCU	-5.7465
SKYE	-5.7465
SYAG	-5.7465
GOIS	-5.7465
NALY	-5.7465
GROD	-5.7465
VANG	-5.7465
TNUT	-5.7465
EEGA	-5.7465
BOYF	-5.7465
RSSL	-5.7465
SWEF	-5.7465
IPIC	-5.7465
WIMS	-5.7465
RMCO	-5.7465
TRYP	-5.7465
OAFE	-5.7465
ITIG	-5.7465
TMOO	-5.7465
DTIG	-5.7465
JUNG	-5.7465
UIRR	-5.7465
OSSU	-5.7465
IGBA	-5.7465
OROC	-5.7465
ERDB	-5.7465
BOBB	-5.7465
MUDD	-5.7465
CCOL	-5.7465
IPWO	-5.7465
GIRO	-5.7465
KSAB	-5.7465
ALNI	-5.7465
EWLE	-5.7465
ZELI	-5.7465
DSUL	-5.7465
LORC	-5.7465
CKSD	-5.7465
OWDT	-5.7465
TBIR	-5.7465
WCAW	-5.7465
KYWA	-5.7465
PISH	-5.7465
DNTI	-5.7465
CAWC	-5.7465
ODYG	-5.7465
UEBL	-5.7465
PRAW	-5.7465
LUDG	-5.7465
LYPH	-5.7465
ELIQ	-5.7465
NLIM	-5.7465
NALN	-5.7465
ECIF	-5.7465
ANIZ	-5.7465
NMOO	-5.7465
ALSN	-5.7465
CICE	-5.7465
ROLS	-5.7465
MEXI	-5.7465
KMAI	-5.7465
EAUW	-5.7465
APOP	-5.7465
EXMO	-5.7465
TSFL	-5.7465
EGGY	-5.7465
TUBS	-5.7465
CULP	-5.7465
STUL	-5.7465
SIRN	-5.7465
OGIU	-5.7465
MRSL	-5.7465
PSPR	-5.7465
TCEC	-5.7465
MRTR	-5.7465
TPIP	-5.7465
UODT	-5.7465
CUMF	-5.7465
UBBH	-5.7465
OKII	-5.7465
IOYN	-5.7465
THVS	-5.7465
ESVP	-5.7465
BRAU	-5.7465
AUEO	-5.7465
POYS	-5.7465
OKXX	-5.7465
SYFO	-5.7746
EWPO	-5.7746
DFAU	-5.7746
AMRS	-5.7746
CSHE	-5.7746
FSUF	-5.7746
LORP	-5.7746
ULHI	-5.7746
WOBL	-5.7746
VEAH	-5.7746
SEEU	-5.7746
REIO	-5.7746
OORJ	-5.7746
CKSQ	-5.7746
NCIF	-5.7746
WPEO	-5.7746
LTSI	-5.7746
LYLU	-5.7746
NALU	-5.7746
RUMI	-5.7746
SSMR	-5.7746
NKEV	-5.7746
EBIA	-5.7746
IASO	-5.7746
HEXA	-5.7746
BLEQ	-5.7746
RENP	-5.7746
MAPA	-5.7746
UGHV	-5.7746
FAGI	-5.7746
IRGU	-5.7746
TMEP	-5.7746
SERL	-5.7746
OATU	-5.7746
GSDE	-5.7746
WODI	-5.7746
GNSH	-5.7746
EMQU	-5.7746
OWAV	-5.7746
ENBI	-5.7746
NEMR	-5.7746
OMIF	-5.7746
OOYO	-5.7746
UPAR	-5.7746
MUPF	-5.7746
EWYA	-5.7746
MSOV	-5.7746
BYEM	-5.7746
NCYM	-5.7746
MDOT	-5.7746
NKSE	-5.7746
FBOO	-5.7746
IUSF	-5.7746
MASD	-5.7746
TOHY	-5.7746
GBLU	-5.7746
FTIL	-5.7746
UTCR	-5.7746
ELDC	-5.7746
EIFN	-5.7746
DHEY	-5.7746
MYPI	-5.7746
YLEW	-5.7746
AOFS	-5.7746
ELPB	-5.7746
MEDV	-5.7746
MINR	-5.7746
OJUM	-5.7746
YEIS	-5.7746
CHNA	-5.7746
AWLO	-5.7746
ULFE	-5.7746
IADV	-5.7746
AMRI	-5.7746
VEVI	-5.7746
ELMU	-5.7746
SBYB	-5.7746
ENIK	-5.7746
ONYM	-5.7746
NKIW	-5.7746
YPAC	-5.7746
OFIX	-5.7746
FIDA	-5.7746
ULTM	-5.7746
LTME	-5.7746
RBYY	-5.7746
HIFE	-5.7746
BTNO	-5.7746
OHHA	-5.7746
YWIV	-5.7746
TABB	-5.7746
HHEK	-5.7746
CTRA	-5.7746
MHEG	-5.7746
ADTE	-5.7746
IGMA	-5.7746
XURY	-5.7746
RKSN	-5.7746
LSIF	-5.7746
WESU	-5.7746
WHOY	-5.7746
GSIF	-5.7746
APAA	-5.7746
KSOS	-5.7746
HPAP	-5.7746
TTYO	-5.7746
CLEC	-5.7746
TIFM	-5.7746
IFIG	-5.7746
SGOR	-5.7746
EYAB	-5.7746
OBYA	-5.7746
USVE	-5.7746
UQUI	-5.7746
REXI	-5.7746
GANM	-5.7746
UPMA	-5.7746
YMIX	-5.7746
LYJO	-5.7746
WTER	-5.7746
ROCA	-5.7746
KBET	-5.7746
YABA	-5.7746
MNIN	-5.7746
MUDA	-5.7746
LTOK	-5.7746
SIFM	-5.7746
YAWI	-5.7746
METB	-5.7746
TMUT	-5.7746
TDEM	-5.7746
RDIG	-5.7746
WFLA	-5.7746
KSPE	-5.7746
EWEK	-5.7746
KOUR	-5.7746
KLIT	-5.7746
ETEW	-5.7746
MYTW	-5.7746
IMOH	-5.7746
OHMR	-5.7746
OGOH	-5.7746
SOSC	-5.7746
GFAS	-5.7746
EJOK	-5.7746
NOAS	-5.7746
AGSO	-5.7746
DARY	-5.7746
TUNM	-5.7746
SBEO	-5.7746
XVII	-5.7746
LAPA	-5.7746
CEJU	-5.7746
MSWA	-5.7746
BYBO	-5.7746
NREQ	-5.7746
LSAG	-5.7746
MLIV	-5.7746
NOOP	-5.7746
YINR	-5.7746
TNOU	-5.7746
NOHT	-5.7746
VEOP	-5.7746
TMEY	-5.7746
YDUE	-5.7746
RVOL	-5.7746
SLYG	-5.7746
GRID	-5.7746
YSPU	-5.7746
MHAN	-5.7746
TIEV	-5.7746
DYMO	-5.7746
OIKN	-5.7746
RISF	-5.7746
WMAA	-5.7746
NHUR	-5.7746
YISF	-5.7746
LITF	-5.7746
DUBL	-5.7746
LASU	-5.7746
DNUR	-5.7746
GJAN	-5.7746
LFFI	-5.7746
ESOY	-5.7746
AXWA	-5.7746
WREM	-5.7746
INYT	-5.7746
HLYR	-5.7746
AXWH	-5.7746
XWHO	-5.7746
FATW	-5.7746
DACL	-5.7746
NKFR	-5.7746
CTES	-5.7746
LFEF	-5.7746
WADD	-5.7746
KTOP	-5.7746
IWEL	-5.7746
ANOH	-5.7746
ITEQ	-5.7746
KHAS	-5.7746
KNON	-5.7746
FIWO	-5.7746
OSOB	-5.7746
NSOE	-5.7746
GOCC	-5.7746
YAMU	-5.7746
OEIT	-5.7746
LDCU	-5.7746
NNOP	-5.7746
RLST	-5.7746
AGOE	-5.7746
BADB	-5.7746
YSIW	-5.7746
GCER	-5.7746
EOGR	-5.7746
ILOQ	-5.7746
YSOV	-5.7746
WTWO	-5.7746
ZEIN	-5.7746
LADM	-5.7746
RALV	-5.7746
KKNO	-5.7746
IALN	-5.7746
PPYL	-5.7746
ZETO	-5.7746
NILI	-5.7746
BTBU	-5.7746
SSIZ	-5.7746
IDKN	-5.7746
EWPA	-5.7746
GSCR	-5.7746
OYMY	-5.7746
IORB	-5.7746
DATC	-5.7746
NONF	-5.7746
FYAN	-5.7746
UEWE	-5.7746
ILAU	-5.7746
OITM	-5.7746
KEIW	-5.7746
XINT	-5.7746
ALKL	-5.7746
TATD	-5.7746
AARE	-5.7746
FCUT	-5.7746
ERTP	-5.7746
ULTF	-5.7746
URSQ	-5.7746
NPAY	-5.7746
SMEO	-5.7746
RGOW	-5.7746
GWEW	-5.7746
NGOW	-5.7746
ELSN	-5.7746
WISM	-5.7746
IDII	-5.7746
HNSA	-5.7746
GIDI	-5.7746
HLYW	-5.7746
KEAJ	-5.7746
RESR	-5.7746
RDSJ	-5.7746
MPUN	-5.7746
RYSY	-5.7746
GEQU	-5.7746
ISSG	-5.7746
YUNH	-5.7746
OMSB	-5.7746
YSGR	-5.7746
CILS	-5.7746
DEGE	-5.7746
NYFU	-5.7746
NSSW	-5.7746
BEID	-5.7746
ACUS	-5.7746
EYEU	-5.7746
YEFF	-5.7746
UICA	-5.7746
SHFU	-5.7746
MMEW	-5.7746
CWIT	-5.7746
MPOL	-5.7746
GARB	-5.7746
PAYE	-5.7746
HVAN	-5.7746
BAIT	-5.7746
NYAF	-5.7746
DUSU	-5.7746
UPSU	-5.7746
OOCA	-5.7746
ZESO	-5.7746
WHYR	-5.7746
GSOA	-5.7746
ETGI	-5.7746
ILHO	-5.7746
WMAY	-5.7746
RAWM	-5.7746
GSIC	-5.7746
ISIH	-5.7746
ISAK	-5.7746
NKDO	-5.7746
DOWR	-5.7746
HWRI	-5.7746
UTPH	-5.7746
NGAK	-5.7746
IGET	-5.7746
MSID	-5.7746
RPST	-5.7746
YJEA	-5.7746
TYAP	-5.7746
ORDV	-5.7746
NUPB	-5.7746
SIGI	-5.7746
MIBE	-5.7746
LSFE	-5.7746
KEOT	-5.7746
ORMM	-5.7746
AHDE	-5.7746
LFNE	-5.7746
AIMH	-5.7746
YASU	-5.7746
CLUN	-5.7746
MBEE	-5.7746
MGRO	-5.7746
UGUE	-5.7746
MCAR	-5.7746
VINT	-5.7746
KERY	-5.7746
OLAI	-5.7746
MCUR	-5.7746
KEQU	-5.7746
UJUS	-5.7746
RTSD	-5.7746
LTIV	-5.7746
AHOT	-5.7746
UNOM	-5.7746
YUNA	-5.7746
IOPE	-5.7746
GCLE	-5.7746
OAPI	-5.7746
OFFN	-5.7746
OLUB	-5.7746
ESSJ	-5.7746
IPOS	-5.7746
DYHO	-5.7746
NUEL	-5.7746
MEDJ	-5.7746
LFIC	-5.7746
EMKN	-5.7746
NKIM	-5.7746
TYTR	-5.7746
THUE	-5.7746
WIMA	-5.7746
HFAC	-5.7746
IFSU	-5.7746
YETV	-5.7746
RSMR	-5.7746
GERV	-5.7746
OKEC	-5.7746
YBLI	-5.7746
GUNB	-5.7746
DOMC	-5.7746
RTMO	-5.7746
KSIR	-5.7746
UBSC	-5.7746
TIBU	-5.7746
EIOF	-5.7746
AYRA	-5.7746
DMEG	-5.7746
AHEM	-5.7746
EEML	-5.7746
AMCH	-5.7746
NASN	-5.7746
RMEV	-5.7746
FTSW	-5.7746
NAWF	-5.7746
IOTM	-5.7746
ICLA	-5.7746
SOPU	-5.7746
LICL	-5.7746
RTGA	-5.7746
TANX	-5.7746
EBTS	-5.7746
ITKE	-5.7746
EWNA	-5.7746
IOTC	-5.7746
ABOF	-5.7746
RPLO	-5.7746
YOFK	-5.7746
KYIN	-5.7746
GAFI	-5.7746
AVYL	-5.7746
BLIV	-5.7746
HODW	-5.7746
MBSS	-5.7746
BSSH	-5.7746
OGIZ	-5.7746
GIZE	-5.7746
IPME	-5.7746
EFWH	-5.7746
NOEA	-5.7746
EYAF	-5.7746
UGOA	-5.7746
GGOI	-5.7746
ERUT	-5.7746
NFIF	-5.7746
OOPT	-5.7746
MELU	-5.7746
FATS	-5.7746
LINR	-5.7746
NMAA	-5.7746
EWCR	-5.7746
MPEA	-5.7746
OSUN	-5.7746
DOWL	-5.7746
UDIO	-5.7746
MLYC	-5.7746
IRMN	-5.7746
MWES	-5.7746
LGUI	-5.7746
ECOB	-5.7746
CERW	-5.7746
EMOI	-5.7746
ICKG	-5.7746
LLEB	-5.7746
LFMU	-5.7746
OGOE	-5.7746
OLOD	-5.7746
RTSC	-5.7746
OVEP	-5.7746
OKSF	-5.7746
KORT	-5.7746
TBYP	-5.7746
WNCR	-5.7746
GITC	-5.7746
TYIE	-5.7746
SBEM	-5.7746
SOAW	-5.7746
GSNE	-5.7746
SAFU	-5.7746
AYPU	-5.7746
FACL	-5.7746
GFAT	-5.7746
DCOC	-5.7746
DOBR	-5.7746
NAYM	-5.7746
OMOL	-5.7746
UTFU	-5.7746
KGRA	-5.7746
TBIL	-5.7746
PEDR	-5.7746
HOTR	-5.7746
DWAG	-5.7746
PRIO	-5.7746
UEBY	-5.7746
ESDU	-5.7746
DDYF	-5.7746
DIAB	-5.7746
EMSB	-5.7746
GPUR	-5.7746
EACI	-5.7746
BONT	-5.7746
LTTR	-5.7746
FNEI	-5.7746
EMTW	-5.7746
CKAR	-5.7746
VANQ	-5.7746
GNAM	-5.7746
LDEG	-5.7746
DGAM	-5.7746
EMCH	-5.7746
DETR	-5.7746
EMPU	-5.7746
CEPH	-5.7746
ENYM	-5.7746
FARL	-5.7746
PTWO	-5.7746
DHEJ	-5.7746
BYDR	-5.7746
YPRU	-5.7746
AMUN	-5.7746
VOWA	-5.7746
NOAM	-5.7746
LDTW	-5.7746
LONY	-5.7746
IFTF	-5.7746
HEFT	-5.7746
TOAU	-5.7746
RWEK	-5.7746
IASI	-5.7746
INIL	-5.7746
OMBY	-5.7746
USLU	-5.7746
YPIN	-5.7746
ONLU	-5.7746
CYST	-5.7746
HWAN	-5.7746
RLDU	-5.7746
SKIF	-5.7746
THLU	-5.7746
RRYU	-5.7746
YGOF	-5.7746
SGOW	-5.7746
ICYO	-5.7746
LREQ	-5.7746
WSIL	-5.7746
ILSE	-5.7746
LFDR	-5.7746
FOFM	-5.7746
HOTU	-5.7746
KERH	-5.7746
UCID	-5.7746
NTHB	-5.7746
HSWA	-5.7746
DCEN	-5.7746
OLBU	-5.7746
DJEW	-5.7746
HEIV	-5.7746
EURS	-5.7746
DVAS	-5.7746
GONP	-5.7746
VANA	-5.7746
MOFD	-5.7746
AMPW	-5.7746
AVYC	-5.7746
IALU	-5.7746
HEUR	-5.7746
URYU	-5.7746
MGAV	-5.7746
FICH	-5.7746
DDAG	-5.7746
PIDS	-5.7746
NDDY	-5.7746
NLIB	-5.7746
NTUI	-5.7746
IUMA	-5.7746
SRIB	-5.7746
OUCU	-5.7746
ZILL	-5.7746
OISF	-5.7746
DMIZ	-5.7746
RWEB	-5.7746
ABKI	-5.7746
LIEZ	-5.7746
KBEH	-5.7746
MFEL	-5.7746
HAMR	-5.7746
NMYK	-5.7746
KBRE	-5.7746
EMUE	-5.7746
EWKI	-5.7746
YROD	-5.7746
KETU	-5.7746
EYMY	-5.7746
ARIP	-5.7746
HYSW	-5.7746
OBTO	-5.7746
BILH	-5.7746
AHGO	-5.7746
HUSG	-5.7746
BWHA	-5.7746
LSFU	-5.7746
DUTH	-5.7746
TGAL	-5.7746
UDWE	-5.7746
WHAM	-5.7746
LSDA	-5.7746
ZZAH	-5.7746
DIWH	-5.7746
LAWG	-5.7746
AFFT	-5.7746
PHSH	-5.7746
MISO	-5.7746
AOHH	-5.7746
ZIPH	-5.7746
ROSH	-5.7746
PTEV	-5.7746
SOWT	-5.7746
RWRA	-5.7746
TILS	-5.7746
FBUL	-5.7746
IPPO	-5.7746
CRYB	-5.7746
UMBO	-5.7746
OMPH	-5.7746
ABSI	-5.7746
PTAC	-5.7746
YMYH	-5.7746
EGOB	-5.7746
GOSE	-5.7746
ROYY	-5.7746
DGOB	-5.7746
YYEH	-5.7746
RDTW	-5.7746
ONAA	-5.7746
LOAF	-5.7746
BEZA	-5.7746
VIGA	-5.7746
WMER	-5.7746
HALH	-5.7746
EGSI	-5.7746
VULT	-5.7746
EHAW	-5.7746
SHBR	-5.7746
LYEW	-5.7746
LIEO	-5.7746
AWBO	-5.7746
LYEC	-5.7746
RGIF	-5.7746
RLEN	-5.7746
OFIV	-5.7746
HARW	-5.7746
POFD	-5.7746
DABT	-5.7746
EKOH	-5.7746
TODY	-5.7746
ISTG	-5.7746
HDEF	-5.7746
ATHV	-5.7746
MSFI	-5.7746
LSOK	-5.7746
SBYD	-5.7746
YEBL	-5.7746
SNET	-5.7746
ESDW	-5.7746
TUSR	-5.7746
YMUR	-5.7746
MNFE	-5.7746
SYED	-5.7746
BUDS	-5.7746
FSIH	-5.7746
OACI	-5.7746
DOFZ	-5.7746
ABWI	-5.7746
AGAG	-5.7746
SHUB	-5.7746
PHAM	-5.7746
SEHT	-5.7746
OOKK	-5.7746
YERH	-5.7746
OISP	-5.7746
GOLO	-5.7746
PAIG	-5.7746
HYCI	-5.7746
OUVI	-5.7746
DUPU	-5.7746
YALC	-5.7746
FHAZ	-5.7746
TIWH	-5.7746
RIMW	-5.7746
ZIKL	-5.7746
TEKO	-5.7746
LOHA	-5.7746
BULO	-5.7746
REZI	-5.7746
ABDO	-5.7746
RBAA	-5.7746
BNOR	-5.7746
NUSF	-5.7746
LSNE	-5.7746
OMIZ	-5.7746
XPOU	-5.7746
DFOX	-5.7746
SONK	-5.7746
EYGL	-5.7746
RTTR	-5.7746
HHID	-5.7746
IGRO	-5.7746
EJON	-5.7746
NJON	-5.7746
FLYU	-5.7746
VIDP	-5.7746
LBIT	-5.7746
TSNI	-5.7746
FBAN	-5.7746
IBOS	-5.7746
TJOA	-5.7746
EDSD	-5.7746
EXIL	-5.7746
AWAB	-5.7746
SHIA	-5.7746
ANCU	-5.7746
DLEM	-5.7746
PAVI	-5.7746
SOMT	-5.7746
SJEH	-5.7746
HJEH	-5.7746
CHRU	-5.7746
GVES	-5.7746
IADI	-5.7746
NIPE	-5.7746
GOST	-5.7746
ALYI	-5.7746
IRDF	-5.7746
BLIK	-5.7746
IAHR	-5.7746
JOZA	-5.7746
OZAB	-5.7746
EMSM	-5.7746
IEHA	-5.7746
OKJE	-5.7746
UZAR	-5.7746
SHCH	-5.7746
EELZ	-5.7746
DBUC	-5.7746
MOLO	-5.7746
BESS	-5.7746
ISDW	-5.7746
FCYR	-5.7746
RTAX	-5.7746
AFTY	-5.7746
FISI	-5.7746
HWEE	-5.7746
TIRU	-5.7746
LMAG	-5.7746
LFLY	-5.7746
RDOG	-5.7746
HUPR	-5.7746
SMEF	-5.7746
AYOL	-5.7746
GROC	-5.7746
HELY	-5.7746
EEOG	-5.7746
GJOY	-5.7746
MBLO	-5.7746
TTEE	-5.7746
RWAV	-5.7746
TYSC	-5.7746
EIIN	-5.7746
WEDC	-5.7746
ICLO	-5.7746
RILE	-5.7746
UNPU	-5.7746
WOEW	-5.7746
UPCH	-5.7746
OAKS	-5.7746
IAIS	-5.7746
RMSC	-5.7746
SRIP	-5.7746
IPSD	-5.7746
OGNO	-5.7746
YFLI	-5.7746
DUSB	-5.7746
KSSA	-5.7746
UOHO	-5.7746
HEYY	-5.7746
OFEU	-5.7746
GTWI	-5.7746
OPWA	-5.7746
WOEA	-5.7746
MLOC	-5.7746
DIAC	-5.7746
NEJO	-5.7746
FYEL	-5.7746
LMSM	-5.7746
SKYB	-5.7746
SHYP	-5.7746
IUSP	-5.7746
OUNA	-5.7746
GCAT	-5.7746
SIMY	-5.7746
ZEST	-5.7746
WDAR	-5.7746
LMSA	-5.7746
UCIA	-5.7746
OETE	-5.7746
JUPI	-5.7746
LABE	-5.7746
FFES	-5.7746
BANE	-5.7746
PIET	-5.7746
WLAR	-5.7746
TUEW	-5.7746
RNDT	-5.7746
NIBB	-5.7746
PWEL	-5.7746
EERY	-5.7746
YBIG	-5.7746
POOH	-5.7746
KROL	-5.7746
BOYD	-5.7746
LUFF	-5.7746
DSWU	-5.7746
SORY	-5.7746
RMIX	-5.7746
ASKP	-5.7746
GEBR	-5.7746
APIG	-5.7746
SKEY	-5.7746
RUPE	-5.7746
DAGD	-5.7746
RKGR	-5.7746
MSCR	-5.7746
ROGL	-5.7746
OSNA	-5.7746
UTIV	-5.7746
NICK	-5.7746
ROCO	-5.7746
PURR	-5.7746
EEID	-5.7746
DOGG	-5.7746
DTIS	-5.7746
BALK	-5.7746
LURI	-5.7746
SARB	-5.7746
ESWU	-5.7746
EMRT	-5.7746
VIST	-5.7746
HILT	-5.7746
UIOU	-5.7746
KSTE	-5.7746
IGNP	-5.7746
OLCA	-5.7746
FFEU	-5.7746
IVUL	-5.7746
KSBO	-5.7746
EGNO	-5.7746
CALR	-5.7746
XICO	-5.7746
TPOE	-5.7746
UERH	-5.7746
TGEO	-5.7746
MDIN	-5.7746
XMOO	-5.7746
WIGW	-5.7746
AZYL	-5.7746
TVOY	-5.7746
RNHA	-5.7746
DJAW	-5.7746
UTSY	-5.7746
DROI	-5.7746
ULKA	-5.7746
AVOY	-5.7746
OUEH	-5.7746
ANUF	-5.7746
NUFA	-5.7746
JEMA	-5.7746
JEMT	-5.7746
ILRO	-5.7746
MRNE	-5.7746
QUIZ	-5.7746
SUTM	-5.7746
SCOH	-5.7746
ROGU	-5.7746
UEGH	-5.7746
MURK	-5.7746
UBBD	-5.7746
YEEL	-5.7746
OEYO	-5.7746
VELD	-5.7746
ROUE	-5.7746
EIVD	-5.7746
YCAE	-5.7746
LFEB	-5.7746
RUWH	-5.7746
DIUE	-5.7746
LLVS	-5.7746
GAUE	-5.7746
LAUE	-5.7746
UERC	-5.7746
TLIU	-5.7746
AUEP	-5.7746
KDFO	-5.7746
HDWI	-5.7746
NSRA	-5.8045
LFOO	-5.8045
ETAD	-5.8045
PAYO	-5.8045
LORL	-5.8045
YBEV	-5.8045
ACIV	-5.8045
MESG	-5.8045
FBAC	-5.8045
SADB	-5.8045
MMAP	-5.8045
GHIA	-5.8045
KICO	-5.8045
MITC	-5.8045
FFMA	-5.8045
ALUC	-5.8045
SIPI	-5.8045
BYEN	-5.8045
MNOB	-5.8045
DMRA	-5.8045
ELLJ	-5.8045
RRYD	-5.8045
OACA	-5.8045
IMEU	-5.8045
NAYO	-5.8045
IEVA	-5.8045
DYUN	-5.8045
ESSQ	-5.8045
YSUI	-5.8045
DSSC	-5.8045
LDAU	-5.8045
EWAW	-5.8045
EALG	-5.8045
NCTA	-5.8045
NUPP	-5.8045
UPAW	-5.8045
ALNU	-5.8045
MYBI	-5.8045
PHOW	-5.8045
SMEB	-5.8045
OTVI	-5.8045
METM	-5.8045
NFEI	-5.8045
BYRA	-5.8045
SOGE	-5.8045
HUSY	-5.8045
OFTN	-5.8045
TONV	-5.8045
ETOQ	-5.8045
OOWN	-5.8045
AYPL	-5.8045
LEYD	-5.8045
RIGN	-5.8045
HOMB	-5.8045
NYEM	-5.8045
BEIL	-5.8045
AMEQ	-5.8045
ZEDM	-5.8045
YACU	-5.8045
ETTR	-5.8045
MLYT	-5.8045
RPIC	-5.8045
EOHD	-5.8045
ODPI	-5.8045
TSIZ	-5.8045
MBYS	-5.8045
LPIE	-5.8045
GBEG	-5.8045
SSKE	-5.8045
AWSS	-5.8045
CEMB	-5.8045
OENS	-5.8045
LIFH	-5.8045
MAPE	-5.8045
IETD	-5.8045
GHOP	-5.8045
KHEI	-5.8045
EWDE	-5.8045
WNCI	-5.8045
PEMA	-5.8045
UCRE	-5.8045
MEUS	-5.8045
YSSP	-5.8045
KYES	-5.8045
CKEV	-5.8045
SHPA	-5.8045
ETYN	-5.8045
OISN	-5.8045
TPRU	-5.8045
GRYB	-5.8045
WNCL	-5.8045
DMOM	-5.8045
HNOH	-5.8045
TSJU	-5.8045
DPOM	-5.8045
DDUL	-5.8045
SOAH	-5.8045
EYIW	-5.8045
AICA	-5.8045
OTGU	-5.8045
HTIC	-5.8045
EDGM	-5.8045
ONPH	-5.8045
UEHO	-5.8045
XTWE	-5.8045
NKEM	-5.8045
KITU	-5.8045
IORD	-5.8045
OWCU	-5.8045
WCUR	-5.8045
EVEF	-5.8045
FEMP	-5.8045
YORF	-5.8045
CTSF	-5.8045
KONC	-5.8045
LKBY	-5.8045
FWAI	-5.8045
AJAR	-5.8045
HTAD	-5.8045
LABS	-5.8045
ANYQ	-5.8045
GHCA	-5.8045
FPUT	-5.8045
ISOC	-5.8045
MINY	-5.8045
RINJ	-5.8045
TNOE	-5.8045
LERM	-5.8045
EGRU	-5.8045
WOBA	-5.8045
KATL	-5.8045
EAUG	-5.8045
OMSC	-5.8045
JACU	-5.8045
UMNI	-5.8045
UETR	-5.8045
WTOR	-5.8045
DOFV	-5.8045
DVIE	-5.8045
EXTL	-5.8045
RNEG	-5.8045
SKYH	-5.8045
RBYN	-5.8045
RIWE	-5.8045
OOMM	-5.8045
LTYW	-5.8045
MMUS	-5.8045
YAGO	-5.8045
AYAV	-5.8045
UEXA	-5.8045
PYSH	-5.8045
YUNR	-5.8045
TVAI	-5.8045
FMYE	-5.8045
YEXI	-5.8045
UJUD	-5.8045
ITOB	-5.8045
CYLI	-5.8045
ORSN	-5.8045
NCEJ	-5.8045
FACQ	-5.8045
RTPE	-5.8045
LFDI	-5.8045
SARG	-5.8045
TEKN	-5.8045
OBYH	-5.8045
MSRE	-5.8045
IMSL	-5.8045
DLEP	-5.8045
EOMI	-5.8045
SHDE	-5.8045
NEOB	-5.8045
IFIF	-5.8045
OXCO	-5.8045
EEIM	-5.8045
OMJA	-5.8045
RNIE	-5.8045
RKDO	-5.8045
OPFO	-5.8045
AXSH	-5.8045
OMYV	-5.8045
FAXH	-5.8045
EITV	-5.8045
UTYF	-5.8045
TOBY	-5.8045
SMIX	-5.8045
CTLI	-5.8045
OSEK	-5.8045
URBY	-5.8045
FTOE	-5.8045
KARO	-5.8045
DMRF	-5.8045
ULYW	-5.8045
RCHL	-5.8045
IDOP	-5.8045
RROT	-5.8045
OBOU	-5.8045
IGOD	-5.8045
DELT	-5.8045
RKRE	-5.8045
FHEF	-5.8045
XBUT	-5.8045
HNOF	-5.8045
ARMM	-5.8045
EWGR	-5.8045
OSLO	-5.8045
RPUN	-5.8045
OOBA	-5.8045
MSOW	-5.8045
NKCO	-5.8045
KPER	-5.8045
RANX	-5.8045
OLIL	-5.8045
DTOQ	-5.8045
MTOU	-5.8045
RUEY	-5.8045
UNTV	-5.8045
UDDL	-5.8045
ILTM	-5.8045
LTVE	-5.8045
GAUN	-5.8045
ZENO	-5.8045
OMID	-5.8045
LORR	-5.8045
IPOR	-5.8045
CTMI	-5.8045
NKAD	-5.8045
OWCE	-5.8045
WCER	-5.8045
MBOR	-5.8045
CALG	-5.8045
MSEA	-5.8045
NTJA	-5.8045
HOPL	-5.8045
OWIR	-5.8045
INTP	-5.8045
YDAS	-5.8045
HDEP	-5.8045
RPAY	-5.8045
OABU	-5.8045
ITNA	-5.8045
WOPO	-5.8045
ESJA	-5.8045
AXIN	-5.8045
BEYA	-5.8045
OTIR	-5.8045
OVOI	-5.8045
LLAV	-5.8045
RRYL	-5.8045
GEIM	-5.8045
YAUN	-5.8045
ILFA	-5.8045
ENTQ	-5.8045
UDOM	-5.8045
MSOG	-5.8045
IDIP	-5.8045
BONS	-5.8045
ZENI	-5.8045
LARN	-5.8045
RTEB	-5.8045
DOMG	-5.8045
TWEG	-5.8045
SSSC	-5.8045
IDJA	-5.8045
EYYE	-5.8045
MOPE	-5.8045
GEPL	-5.8045
DUNN	-5.8045
AIRU	-5.8045
GDAN	-5.8045
DOWC	-5.8045
RCLU	-5.8045
OOMN	-5.8045
GRYI	-5.8045
LMYT	-5.8045
PLEJ	-5.8045
NYEV	-5.8045
ALCE	-5.8045
YVAR	-5.8045
MYCL	-5.8045
DOOT	-5.8045
SOWR	-5.8045
ULTB	-5.8045
TTYB	-5.8045
ZEON	-5.8045
CYNO	-5.8045
TUNK	-5.8045
OWAH	-5.8045
LSPL	-5.8045
RGOV	-5.8045
KCAM	-5.8045
ONKN	-5.8045
RTPR	-5.8045
CYWE	-5.8045
SOMF	-5.8045
GLIB	-5.8045
FONH	-5.8045
UNKT	-5.8045
EETJ	-5.8045
RESG	-5.8045
GMEB	-5.8045
ORKU	-5.8045
RKUP	-5.8045
LFKN	-5.8045
WERR	-5.8045
CIDI	-5.8045
RATN	-5.8045
GLIP	-5.8045
INKR	-5.8045
NYRO	-5.8045
DEIA	-5.8045
EAUO	-5.8045
MYOR	-5.8045
DMRB	-5.8045
YSNE	-5.8045
SFYH	-5.8045
GPOW	-5.8045
WSST	-5.8045
YAFI	-5.8045
HBYN	-5.8045
UPPI	-5.8045
DAHD	-5.8045
TATW	-5.8045
DOHT	-5.8045
KBEG	-5.8045
WGEN	-5.8045
CKYI	-5.8045
TIPP	-5.8045
EMRC	-5.8045
ORUI	-5.8045
ESYS	-5.8045
RSEG	-5.8045
IODI	-5.8045
LNEW	-5.8045
PYST	-5.8045
ORYD	-5.8045
LFCR	-5.8045
EMGI	-5.8045
TUNB	-5.8045
GDIV	-5.8045
OMIR	-5.8045
LINU	-5.8045
LKAS	-5.8045
BOXT	-5.8045
HICL	-5.8045
OUPB	-5.8045
UPBR	-5.8045
PBRA	-5.8045
FLAV	-5.8045
LAVO	-5.8045
HPIL	-5.8045
RMBE	-5.8045
KMAR	-5.8045
LAMU	-5.8045
MFAT	-5.8045
ZURE	-5.8045
MSIC	-5.8045
UFIR	-5.8045
DPUN	-5.8045
DOFK	-5.8045
MAFF	-5.8045
LLLU	-5.8045
RTAC	-5.8045
HUNF	-5.8045
OAPR	-5.8045
URFU	-5.8045
DBYV	-5.8045
ADKE	-5.8045
YORP	-5.8045
USJO	-5.8045
KHET	-5.8045
WBEN	-5.8045
HEXE	-5.8045
KSFR	-5.8045
AAFT	-5.8045
OIFI	-5.8045
KNOM	-5.8045
NYHU	-5.8045
NSTL	-5.8045
EFHE	-5.8045
TAYW	-5.8045
UPED	-5.8045
RETM	-5.8045
FSOI	-5.8045
OJOY	-5.8045
WATA	-5.8045
SPLO	-5.8045
OOSU	-5.8045
DYME	-5.8045
YORR	-5.8045
HDRO	-5.8045
HEVU	-5.8045
NMYV	-5.8045
AWAF	-5.8045
BYDO	-5.8045
NGPH	-5.8045
OUDU	-5.8045
DEID	-5.8045
NIGO	-5.8045
SIGO	-5.8045
AIWA	-5.8045
OKSM	-5.8045
RHEO	-5.8045
LTYS	-5.8045
RLDP	-5.8045
OTSM	-5.8045
OMRO	-5.8045
WTEL	-5.8045
AHBY	-5.8045
KINN	-5.8045
DELL	-5.8045
UODE	-5.8045
OGYT	-5.8045
BYBA	-5.8045
XCUR	-5.8045
XTTI	-5.8045
BYUN	-5.8045
RSCE	-5.8045
OFUT	-5.8045
GOWA	-5.8045
DGEE	-5.8045
IGNL	-5.8045
PQUI	-5.8045
FEEV	-5.8045
ESNI	-5.8045
DOGR	-5.8045
DOML	-5.8045
XPLI	-5.8045
FFST	-5.8045
GSQU	-5.8045
NNEY	-5.8045
UASS	-5.8045
FNIN	-5.8045
VADI	-5.8045
IFCH	-5.8045
JEMI	-5.8045
LALE	-5.8045
DIGR	-5.8045
SPYO	-5.8045
OOPH	-5.8045
RDOA	-5.8045
HTEY	-5.8045
ADIW	-5.8045
IPUN	-5.8045
HONB	-5.8045
GSOB	-5.8045
OSHR	-5.8045
CHEO	-5.8045
WGRO	-5.8045
FVAR	-5.8045
SENB	-5.8045
QUOT	-5.8045
LIWO	-5.8045
SOTI	-5.8045
OEBE	-5.8045
INNS	-5.8045
FLYM	-5.8045
ASMS	-5.8045
AGOB	-5.8045
AVYT	-5.8045
EJAR	-5.8045
OBSO	-5.8045
EXTC	-5.8045
SUNU	-5.8045
DNER	-5.8045
OOBT	-5.8045
DGOG	-5.8045
EIRQ	-5.8045
EFTL	-5.8045
RMSN	-5.8045
GMYO	-5.8045
KTOR	-5.8045
GBAT	-5.8045
IROL	-5.8045
FEUD	-5.8045
EKSH	-5.8045
LHAH	-5.8045
TGIF	-5.8045
DESN	-5.8045
UYAN	-5.8045
YWID	-5.8045
EKSW	-5.8045
RTTU	-5.8045
OYSE	-5.8045
IRYE	-5.8045
CHIB	-5.8045
FGOS	-5.8045
GATB	-5.8045
IRYF	-5.8045
VEJO	-5.8045
EOBV	-5.8045
OITN	-5.8045
DCOS	-5.8045
CIAA	-5.8045
OBOW	-5.8045
NUPF	-5.8045
IMTU	-5.8045
LSAP	-5.8045
BEDL	-5.8045
HIFH	-5.8045
FHEG	-5.8045
HAVA	-5.8045
KAGO	-5.8045
UNFL	-5.8045
PWRE	-5.8045
ARCU	-5.8045
IERH	-5.8045
DOCU	-5.8045
CUME	-5.8045
IOLA	-5.8045
CKAC	-5.8045
NECI	-5.8045
LAGG	-5.8045
EYAP	-5.8045
LVAL	-5.8045
VYIN	-5.8045
ICHV	-5.8045
RGOB	-5.8045
GBYS	-5.8045
OELS	-5.8045
GTAB	-5.8045
TFER	-5.8045
EGOH	-5.8045
TCRU	-5.8045
IMJE	-5.8045
POFE	-5.8045
ETUO	-5.8045
RDYI	-5.8045
CHEB	-5.8045
ILDP	-5.8045
YCOW	-5.8045
LIDW	-5.8045
NKEP	-5.8045
MDEP	-5.8045
GATN	-5.8045
INAA	-5.8045
ETGA	-5.8045
RKCO	-5.8045
UVEN	-5.8045
GAYH	-5.8045
GSSC	-5.8045
HBYR	-5.8045
IXWI	-5.8045
YGLI	-5.8045
ZEDF	-5.8045
FNAB	-5.8045
BIDY	-5.8045
DYYE	-5.8045
MSIS	-5.8045
GBYW	-5.8045
YWAG	-5.8045
OBIT	-5.8045
EFBU	-5.8045
HYEL	-5.8045
SADN	-5.8045
SKMA	-5.8045
HBYF	-5.8045
TYOV	-5.8045
MSAD	-5.8045
RPAC	-5.8045
LQUE	-5.8045
EIAD	-5.8045
UMYG	-5.8045
YWEC	-5.8045
MFLA	-5.8045
NGEU	-5.8045
ORMF	-5.8045
ICOT	-5.8045
IDLU	-5.8045
GLIE	-5.8045
KEIM	-5.8045
VILR	-5.8045
NBYL	-5.8045
FMEO	-5.8045
IVOL	-5.8045
DUNK	-5.8045
RTAP	-5.8045
GTOJ	-5.8045
LIGR	-5.8045
OUOV	-5.8045
UOVE	-5.8045
NIRA	-5.8045
GTHL	-5.8045
OROV	-5.8045
FBEH	-5.8045
EZET	-5.8045
KNOB	-5.8045
RMSR	-5.8045
ENSG	-5.8045
MEIR	-5.8045
WADA	-5.8045
PUTW	-5.8045
IAWI	-5.8045
YILE	-5.8045
CACI	-5.8045
LMEO	-5.8045
KYEN	-5.8045
RBYP	-5.8045
HMOT	-5.8045
TEUR	-5.8045
FEIF	-5.8045
KMAD	-5.8045
ORGL	-5.8045
TYSS	-5.8045
MCAS	-5.8045
UDWI	-5.8045
GOHA	-5.8045
OVAB	-5.8045
NTBI	-5.8045
LTAC	-5.8045
GIEN	-5.8045
YLOD	-5.8045
RAWF	-5.8045
LISU	-5.8045
UITU	-5.8045
YDAW	-5.8045
NCRY	-5.8045
UETS	-5.8045
ORIP	-5.8045
RDKN	-5.8045
GOOF	-5.8045
IHIL	-5.8045
DISK	-5.8045
ICYA	-5.8045
FTHD	-5.8045
DAMH	-5.8045
DCAI	-5.8045
AHBA	-5.8045
DJAP	-5.8045
HLOW	-5.8045
PSEE	-5.8045
VEIG	-5.8045
YEFR	-5.8045
FJAP	-5.8045
SHKE	-5.8045
RGAS	-5.8045
DOBA	-5.8045
LCAH	-5.8045
CAHT	-5.8045
ZERO	-5.8045
IJUD	-5.8045
AACW	-5.8045
ACAV	-5.8045
ECHB	-5.8045
RDVI	-5.8045
RREB	-5.8045
BCOM	-5.8045
BBEC	-5.8045
EAHW	-5.8045
RBIL	-5.8045
EAHS	-5.8045
MYSL	-5.8045
ITJE	-5.8045
BSAY	-5.8045
UNRO	-5.8045
IELE	-5.8045
RDIP	-5.8045
BHEA	-5.8045
DGIF	-5.8045
EPHB	-5.8045
RJOS	-5.8045
EPHC	-5.8045
BUDD	-5.8045
SJOS	-5.8045
FTHP	-5.8045
UTOV	-5.8045
OYEC	-5.8045
SYEK	-5.8045
DNAA	-5.8045
TOCI	-5.8045
YPTE	-5.8045
HTPU	-5.8045
SEHW	-5.8045
VEIP	-5.8045
NYED	-5.8045
EIDR	-5.8045
PINB	-5.8045
TANK	-5.8045
GNBE	-5.8045
RCYH	-5.8045
SAAR	-5.8045
RDBA	-5.8045
LAWD	-5.8045
YNAK	-5.8045
ILNE	-5.8045
WGOD	-5.8045
FTYL	-5.8045
HHOO	-5.8045
FMEM	-5.8045
RKRO	-5.8045
MPIT	-5.8045
EIPA	-5.8045
IABA	-5.8045
WLOR	-5.8045
LYEG	-5.8045
ADSN	-5.8045
WSAM	-5.8045
OSYA	-5.8045
DARW	-5.8045
HIFA	-5.8045
OARY	-5.8045
ELOM	-5.8045
AWSW	-5.8045
NITG	-5.8045
OFZU	-5.8045
MIHU	-5.8045
AYAH	-5.8045
ZACC	-5.8045
MOSH	-5.8045
OSOH	-5.8045
NMOA	-5.8045
OABW	-5.8045
MYJE	-5.8045
ARJE	-5.8045
OFER	-5.8045
ZELO	-5.8045
AHHO	-5.8045
LIAF	-5.8045
NEEF	-5.8045
HOEA	-5.8045
RBSF	-5.8045
EECI	-5.8045
BBEG	-5.8045
DICH	-5.8045
WETU	-5.8045
UDRI	-5.8045
EYEP	-5.8045
IARP	-5.8045
DDIL	-5.8045
EERU	-5.8045
USOT	-5.8045
ASPS	-5.8045
PAMO	-5.8045
EMRI	-5.8045
EOYE	-5.8045
THYU	-5.8045
DSTP	-5.8045
LLOD	-5.8045
UASE	-5.8045
HHAI	-5.8045
PHEK	-5.8045
EGID	-5.8045
BBAH	-5.8045
EHSA	-5.8045
DGEL	-5.8045
BBAS	-5.8045
EIEL	-5.8045
TEDK	-5.8045
ADEJ	-5.8045
FGAT	-5.8045
WWEN	-5.8045
UDMA	-5.8045
AWUN	-5.8045
DTUM	-5.8045
RAYN	-5.8045
WEBU	-5.8045
IMDA	-5.8045
IHER	-5.8045
IDIG	-5.8045
MMEO	-5.8045
ZERS	-5.8045
FPHI	-5.8045
ZOBA	-5.8045
NSTD	-5.8045
AGWH	-5.8045
OSWO	-5.8045
RDOK	-5.8045
LBOA	-5.8045
NJEZ	-5.8045
LIPU	-5.8045
ABEH	-5.8045
RJON	-5.8045
OUBI	-5.8045
LOMT	-5.8045
YEGL	-5.8045
ABCA	-5.8045
EREZ	-5.8045
XILE	-5.8045
OZAD	-5.8045
PEDG	-5.8045
DBUN	-5.8045
IABI	-5.8045
FZAD	-5.8045
NWID	-5.8045
FUNS	-5.8045
TVIC	-5.8045
GBLE	-5.8045
NLEB	-5.8045
UDFO	-5.8045
PBEA	-5.8045
COMO	-5.8045
DADH	-5.8045
OAMH	-5.8045
KTHU	-5.8045
RANR	-5.8045
NWEB	-5.8045
GNAB	-5.8045
WIMT	-5.8045
PEKA	-5.8045
RIJA	-5.8045
MBAB	-5.8045
YEFE	-5.8045
ALUM	-5.8045
INGZ	-5.8045
IELH	-5.8045
DIAE	-5.8045
SDOR	-5.8045
AYHU	-5.8045
JEDU	-5.8045
ZARW	-5.8045
EOIN	-5.8045
PPAA	-5.8045
SCAF	-5.8045
PUSA	-5.8045
GEGR	-5.8045
MSLA	-5.8045
SANB	-5.8045
SHTI	-5.8045
JEWW	-5.8045
CAIU	-5.8045
TJOB	-5.8045
JOBS	-5.8045
KERB	-5.8045
IEAS	-5.8045
DIMB	-5.8045
HMYG	-5.8045
DGEG	-5.8045
OYOR	-5.8045
WISC	-5.8045
PSWO	-5.8045
GSIW	-5.8045
STEU	-5.8045
SWAK	-5.8045
ODSY	-5.8045
OULP	-5.8045
ULKE	-5.8045
MOWE	-5.8045
DSKE	-5.8045
UGGA	-5.8045
NLUS	-5.8045
YFRU	-5.8045
SOCU	-5.8045
NEBI	-5.8045
HRAG	-5.8045
EPDI	-5.8045
FMIR	-5.8045
UFOO	-5.8045
YWOE	-5.8045
FMAY	-5.8045
PSLI	-5.8045
NDOD	-5.8045
TYRS	-5.8045
RRUS	-5.8045
DSFL	-5.8045
LHAI	-5.8045
CROL	-5.8045
EANV	-5.8045
USBI	-5.8045
RVIO	-5.8045
SSDR	-5.8045
BINH	-5.8045
WTRE	-5.8045
UNKO	-5.8045
TYEO	-5.8045
EMCL	-5.8045
EPWE	-5.8045
PLOI	-5.8045
SSBL	-5.8045
HIPG	-5.8045
UTNI	-5.8045
REYD	-5.8045
AGAZ	-5.8045
SBAP	-5.8045
LOME	-5.8045
ELZE	-5.8045
NFRU	-5.8045
SUSR	-5.8045
TLOC	-5.8045
WSIM	-5.8045
GELC	-5.8045
GHJE	-5.8045
KLYN	-5.8045
ISMW	-5.8045
NIUM	-5.8045
LIXW	-5.8045
BLIU	-5.8045
TIGN	-5.8045
AKWA	-5.8045
YMPH	-5.8045
OARC	-5.8045
MMUT	-5.8045
UEGR	-5.8045
GONG	-5.8045
ABYR	-5.8045
BSBO	-5.8045
RURA	-5.8045
PLOS	-5.8045
RTIG	-5.8045
VTHE	-5.8045
HYAL	-5.8045
WIWA	-5.8045
ETPI	-5.8045
IGSH	-5.8045
EJOL	-5.8045
SAIC	-5.8045
WSME	-5.8045
ANGW	-5.8045
ALEU	-5.8045
MADL	-5.8045
IBUS	-5.8045
APOW	-5.8045
NDSQ	-5.8045
OLMI	-5.8045
AWKS	-5.8045
AUCE	-5.8045
ROQU	-5.8045
AZIL	-5.8045
UNBA	-5.8045
TGAM	-5.8045
CAMB	-5.8045
JELL	-5.8045
EWIG	-5.8045
DLUN	-5.8045
EECC	-5.8045
UDGA	-5.8045
SILS	-5.8045
ACIG	-5.8045
HIVA	-5.8045
ICNO	-5.8045
DOLP	-5.8045
LIZI	-5.8045
HAUF	-5.8045
AUFF	-5.8045
CKBL	-5.8045
LUEP	-5.8045
EXIB	-5.8045
LUEW	-5.8045
GOER	-5.8045
APEE	-5.8045
LSQU	-5.8045
COCO	-5.8045
MPHS	-5.8045
SOBV	-5.8045
YTIC	-5.8045
CLIT	-5.8045
CAFE	-5.8045
DUBO	-5.8045
UBOS	-5.8045
ROTC	-5.8045
XITS	-5.8045
EPAD	-5.8045
EFOE	-5.8045
RGUN	-5.8045
AMOH	-5.8045
OSFA	-5.8045
JEMW	-5.8045
NBOY	-5.8045
PDOO	-5.8045
OLPH	-5.8045
TROR	-5.8045
MROA	-5.8045
SULP	-5.8045
NVOY	-5.8045
WNEW	-5.8045
EGWA	-5.8045
TYPH	-5.8045
MFER	-5.8045
YJET	-5.8045
HROE	-5.8045
LOPD	-5.8045
SOUE	-5.8045
WTHS	-5.8045
SEYT	-5.8045
HGIU	-5.8045
AUOU	-5.8045
IECT	-5.8045
EVND	-5.8045
KDTH	-5.8045
CKEO	-5.8045
UENI	-5.8045
AUEC	-5.8045
FCAW	-5.8045
YENJ	-5.8367
LORF	-5.8367
KHAL	-5.8367
TJAM	-5.8367
KSME	-5.8367
YDAM	-5.8367
HOCR	-5.8367
LFMR	-5.8367
HACI	-5.8367
DYSM	-5.8367
NYCL	-5.8367
AKUP	-5.8367
GIDA	-5.8367
IAGR	-5.8367
GCLA	-5.8367
ASYC	-5.8367
NNIC	-5.8367
URYF	-5.8367
MRSA	-5.8367
VEDV	-5.8367
TMRP	-5.8367
UNEH	-5.8367
MNOO	-5.8367
SGOS	-5.8367
EWBY	-5.8367
WNID	-5.8367
SBOI	-5.8367
ATUM	-5.8367
HEMQ	-5.8367
EMRM	-5.8367
DOHY	-5.8367
NBYE	-5.8367
ODDW	-5.8367
KBYH	-5.8367
GEMR	-5.8367
DGUE	-5.8367
UNTN	-5.8367
VIDO	-5.8367
LEYP	-5.8367
IHES	-5.8367
FFID	-5.8367
OTGA	-5.8367
LOLD	-5.8367
EYAM	-5.8367
ODAD	-5.8367
WHIN	-5.8367
IFHA	-5.8367
MRIC	-5.8367
INEK	-5.8367
NOHY	-5.8367
LALM	-5.8367
IZEF	-5.8367
LLYQ	-5.8367
TDOF	-5.8367
OEAG	-5.8367
SERF	-5.8367
SCOC	-5.8367
GAPR	-5.8367
DYAG	-5.8367
MECI	-5.8367
SSKN	-5.8367
DVIG	-5.8367
OASW	-5.8367
EIKE	-5.8367
TYIM	-5.8367
LMUC	-5.8367
EMYV	-5.8367
YESV	-5.8367
NSIA	-5.8367
CYYO	-5.8367
OIHO	-5.8367
RMPR	-5.8367
ALKY	-5.8367
OOTR	-5.8367
SISY	-5.8367
TSCL	-5.8367
NDUB	-5.8367
SOSL	-5.8367
ACYS	-5.8367
GSOE	-5.8367
DSRO	-5.8367
YSUG	-5.8367
YENV	-5.8367
OENL	-5.8367
IBIN	-5.8367
HOTP	-5.8367
TPUZ	-5.8367
TOAY	-5.8367
DMYI	-5.8367
DEAI	-5.8367
ULAP	-5.8367
WFEL	-5.8367
YSRI	-5.8367
WOOP	-5.8367
NTYR	-5.8367
OKBA	-5.8367
NAGL	-5.8367
DESL	-5.8367
OOQU	-5.8367
BYBU	-5.8367
RPUS	-5.8367
ARPW	-5.8367
DCOT	-5.8367
WNVI	-5.8367
AMUT	-5.8367
OSUI	-5.8367
MYID	-5.8367
ECEW	-5.8367
GEGA	-5.8367
NYOB	-5.8367
QUIP	-5.8367
TEWR	-5.8367
SADC	-5.8367
CHJU	-5.8367
TSEP	-5.8367
OBHA	-5.8367
WTIM	-5.8367
OHNM	-5.8367
PSAY	-5.8367
URAU	-5.8367
WDYE	-5.8367
OSTK	-5.8367
RMRP	-5.8367
ODBA	-5.8367
HEEJ	-5.8367
TIUN	-5.8367
DYSI	-5.8367
OOEA	-5.8367
LATM	-5.8367
AWAM	-5.8367
CTGO	-5.8367
SOOR	-5.8367
SSAP	-5.8367
LYSN	-5.8367
IETF	-5.8367
GEPE	-5.8367
RTCH	-5.8367
SODD	-5.8367
LESV	-5.8367
FMRF	-5.8367
OFEW	-5.8367
KSAC	-5.8367
DYEX	-5.8367
MWIS	-5.8367
ERXV	-5.8367
MEXA	-5.8367
WPOO	-5.8367
SMEC	-5.8367
GATP	-5.8367
UNSC	-5.8367
GADO	-5.8367
YDRU	-5.8367
OMGR	-5.8367
DOHM	-5.8367
OVIC	-5.8367
LEIR	-5.8367
SAWR	-5.8367
ERAK	-5.8367
IFMI	-5.8367
UNEF	-5.8367
OGYA	-5.8367
GACH	-5.8367
RLSI	-5.8367
PESB	-5.8367
KCAR	-5.8367
ODYN	-5.8367
TBYY	-5.8367
MBTO	-5.8367
ATEK	-5.8367
OEUV	-5.8367
EUVR	-5.8367
RTSN	-5.8367
GMIL	-5.8367
LYDU	-5.8367
MFLO	-5.8367
GESY	-5.8367
UMAA	-5.8367
AMAY	-5.8367
TOPF	-5.8367
MEJA	-5.8367
HSSH	-5.8367
YINJ	-5.8367
XONS	-5.8367
GABE	-5.8367
DASJ	-5.8367
GIRE	-5.8367
KMUC	-5.8367
YGUA	-5.8367
TFON	-5.8367
LANW	-5.8367
TBYG	-5.8367
NEFU	-5.8367
USSW	-5.8367
CAVI	-5.8367
NTAV	-5.8367
NTEI	-5.8367
RSNI	-5.8367
ULMY	-5.8367
YLEI	-5.8367
PEWT	-5.8367
YIAL	-5.8367
LYOH	-5.8367
OKWE	-5.8367
FDEB	-5.8367
DPRU	-5.8367
WABL	-5.8367
HLED	-5.8367
TCOO	-5.8367
UMSO	-5.8367
TASR	-5.8367
ASAQ	-5.8367
UGUR	-5.8367
IRSF	-5.8367
HTAI	-5.8367
WITE	-5.8367
RYGI	-5.8367
LKSH	-5.8367
CEAW	-5.8367
SGUE	-5.8367
PEDC	-5.8367
VIRO	-5.8367
RMSM	-5.8367
MAHI	-5.8367
FAYE	-5.8367
OSUG	-5.8367
EYAD	-5.8367
XTSU	-5.8367
DEWS	-5.8367
PHED	-5.8367
WCOL	-5.8367
HACT	-5.8367
ALGI	-5.8367
RCOX	-5.8367
WGRA	-5.8367
DONU	-5.8367
CTAR	-5.8367
IRIL	-5.8367
RKSD	-5.8367
GEFE	-5.8367
URLS	-5.8367
HDOY	-5.8367
KMET	-5.8367
UNOS	-5.8367
RTIH	-5.8367
MDOS	-5.8367
YITN	-5.8367
NOVO	-5.8367
IGNH	-5.8367
FTOU	-5.8367
OTOJ	-5.8367
OHIF	-5.8367
LUER	-5.8367
OBFO	-5.8367
DIPA	-5.8367
RDIB	-5.8367
NIBR	-5.8367
SHMI	-5.8367
OWAK	-5.8367
YOHM	-5.8367
UDAB	-5.8367
ROFV	-5.8367
TSOY	-5.8367
OMTE	-5.8367
MTEN	-5.8367
RFIT	-5.8367
PBEH	-5.8367
IFCA	-5.8367
UAGR	-5.8367
UDEG	-5.8367
FNOI	-5.8367
TIOW	-5.8367
NNOL	-5.8367
DEJE	-5.8367
ELDD	-5.8367
PPYN	-5.8367
CHCL	-5.8367
HREQ	-5.8367
IDEX	-5.8367
MSUF	-5.8367
HOCH	-5.8367
GTER	-5.8367
RKPA	-5.8367
MSOC	-5.8367
LAPL	-5.8367
TYGE	-5.8367
OPUB	-5.8367
LICW	-5.8367
HIAS	-5.8367
FWRI	-5.8367
HANJ	-5.8367
ZEWA	-5.8367
TGOM	-5.8367
OGYF	-5.8367
STIP	-5.8367
DOBJ	-5.8367
DSIW	-5.8367
OWOP	-5.8367
BEIA	-5.8367
COUG	-5.8367
SOHM	-5.8367
IGOF	-5.8367
STEQ	-5.8367
PRIL	-5.8367
OLRO	-5.8367
DOMM	-5.8367
CTCH	-5.8367
KMEI	-5.8367
UIKN	-5.8367
LYJE	-5.8367
NAIS	-5.8367
MSHU	-5.8367
GFIV	-5.8367
HGAI	-5.8367
YFLU	-5.8367
ALSK	-5.8367
MINL	-5.8367
NEOC	-5.8367
OUNR	-5.8367
WEUS	-5.8367
IDIB	-5.8367
NTIK	-5.8367
YSEY	-5.8367
RIUN	-5.8367
PTOP	-5.8367
DBAK	-5.8367
EXTP	-5.8367
TSGE	-5.8367
TYYA	-5.8367
RTCU	-5.8367
LDUT	-5.8367
OUGU	-5.8367
CELT	-5.8367
XWHI	-5.8367
RBYF	-5.8367
NCOT	-5.8367
AHID	-5.8367
ONNI	-5.8367
RYSS	-5.8367
FIMU	-5.8367
LESK	-5.8367
SPOP	-5.8367
APEM	-5.8367
OYAS	-5.8367
EHIC	-5.8367
RGAM	-5.8367
YPUS	-5.8367
AMBW	-5.8367
OSAD	-5.8367
CHEI	-5.8367
DBOX	-5.8367
SALF	-5.8367
DIRR	-5.8367
HAUT	-5.8367
GHPI	-5.8367
OEMO	-5.8367
FMED	-5.8367
WIMU	-5.8367
TSSW	-5.8367
DGAY	-5.8367
ELTL	-5.8367
OVEV	-5.8367
GALR	-5.8367
OHFO	-5.8367
HOIM	-5.8367
UEPA	-5.8367
FFHA	-5.8367
IACK	-5.8367
BYVE	-5.8367
FAGG	-5.8367
RMAA	-5.8367
RNUR	-5.8367
SUNJ	-5.8367
ULEM	-5.8367
WINB	-5.8367
CHEF	-5.8367
GUSW	-5.8367
EWGA	-5.8367
AWNH	-5.8367
GCIR	-5.8367
NBYO	-5.8367
GNOD	-5.8367
RUOU	-5.8367
AASI	-5.8367
WSEC	-5.8367
TSUG	-5.8367
FTOY	-5.8367
NKUN	-5.8367
OVIE	-5.8367
LEFF	-5.8367
EIWR	-5.8367
GILO	-5.8367
OFAY	-5.8367
MISM	-5.8367
AOFC	-5.8367
SGAM	-5.8367
WINW	-5.8367
LKUP	-5.8367
MMYG	-5.8367
FEMY	-5.8367
ULBR	-5.8367
IPTA	-5.8367
USOC	-5.8367
NNAW	-5.8367
ALIW	-5.8367
SOUS	-5.8367
GWON	-5.8367
LTFE	-5.8367
ECYA	-5.8367
CYUN	-5.8367
YACK	-5.8367
EHAG	-5.8367
ILLQ	-5.8367
TSDU	-5.8367
ENSK	-5.8367
RWEI	-5.8367
YFIF	-5.8367
HSHU	-5.8367
AMTA	-5.8367
TYTW	-5.8367
LODS	-5.8367
ODAP	-5.8367
RNDO	-5.8367
EUNO	-5.8367
GTEM	-5.8367
TDAI	-5.8367
RTYG	-5.8367
HSYM	-5.8367
IDUO	-5.8367
NGSQ	-5.8367
EFAD	-5.8367
KSEA	-5.8367
MBOO	-5.8367
TBYB	-5.8367
CTOU	-5.8367
FEMO	-5.8367
HMID	-5.8367
YAWE	-5.8367
MYLU	-5.8367
HUTM	-5.8367
IXOC	-5.8367
OPHO	-5.8367
SATG	-5.8367
LLEH	-5.8367
ONIK	-5.8367
EHAY	-5.8367
TAIT	-5.8367
REWC	-5.8367
WOEB	-5.8367
KSPO	-5.8367
RBEP	-5.8367
DSJU	-5.8367
FADU	-5.8367
SEXH	-5.8367
WIGH	-5.8367
LSTY	-5.8367
LTHF	-5.8367
NNAS	-5.8367
PUPT	-5.8367
RMSL	-5.8367
BYPU	-5.8367
OUNK	-5.8367
CKAF	-5.8367
ITSK	-5.8367
NCUS	-5.8367
SSCI	-5.8367
SSCL	-5.8367
OAVA	-5.8367
EUDA	-5.8367
HSSA	-5.8367
OYCO	-5.8367
NUEA	-5.8367
HFAV	-5.8367
MOFR	-5.8367
OFOC	-5.8367
PENY	-5.8367
FYME	-5.8367
GSAP	-5.8367
PSSE	-5.8367
WNOL	-5.8367
GUEN	-5.8367
LTLA	-5.8367
ALDH	-5.8367
TYGR	-5.8367
PSCA	-5.8367
HLAT	-5.8367
MYIM	-5.8367
LOBJ	-5.8367
OFIC	-5.8367
AGOR	-5.8367
YEDY	-5.8367
DOKN	-5.8367
SRUI	-5.8367
PSCR	-5.8367
AZIE	-5.8367
IDBO	-5.8367
OCUM	-5.8367
MEJO	-5.8367
USOW	-5.8367
AFRU	-5.8367
HTPL	-5.8367
CIDL	-5.8367
NVYI	-5.8367
OPSW	-5.8367
RDPL	-5.8367
EFYT	-5.8367
WPAS	-5.8367
WONH	-5.8367
RPUB	-5.8367
INAK	-5.8367
SOKE	-5.8367
AWWE	-5.8367
NKAG	-5.8367
OBHI	-5.8367
SEOT	-5.8367
TPIN	-5.8367
FILM	-5.8367
ILMY	-5.8367
NHEU	-5.8367
DSFI	-5.8367
WOFB	-5.8367
YONO	-5.8367
CIAB	-5.8367
TATB	-5.8367
UEDF	-5.8367
GHDO	-5.8367
OHNC	-5.8367
AYGA	-5.8367
OSQU	-5.8367
ASSR	-5.8367
RBYI	-5.8367
BYTU	-5.8367
TYGU	-5.8367
LSMY	-5.8367
MUPS	-5.8367
GSAD	-5.8367
YAHE	-5.8367
WHYE	-5.8367
KRIG	-5.8367
OLYB	-5.8367
OAMB	-5.8367
LMOD	-5.8367
YORG	-5.8367
YVIL	-5.8367
YCEN	-5.8367
EEKP	-5.8367
MUNN	-5.8367
LMAL	-5.8367
GATC	-5.8367
EAUX	-5.8367
DEEL	-5.8367
PINP	-5.8367
WNIF	-5.8367
CALY	-5.8367
ARSV	-5.8367
AYGL	-5.8367
LHUN	-5.8367
DOAF	-5.8367
ROBT	-5.8367
HHEO	-5.8367
YUPI	-5.8367
INOA	-5.8367
FONC	-5.8367
MSRO	-5.8367
HMAL	-5.8367
DOWF	-5.8367
EBEJ	-5.8367
YATS	-5.8367
BTOR	-5.8367
CIDA	-5.8367
CEDG	-5.8367
ONDG	-5.8367
EVEG	-5.8367
HAON	-5.8367
ONYF	-5.8367
SREW	-5.8367
FDEM	-5.8367
ARNW	-5.8367
YELD	-5.8367
SAUD	-5.8367
WLYW	-5.8367
RTLA	-5.8367
TNAN	-5.8367
OTUT	-5.8367
GMYT	-5.8367
MPHT	-5.8367
WRUN	-5.8367
RKEI	-5.8367
SAWL	-5.8367
WBON	-5.8367
YPAP	-5.8367
KSLO	-5.8367
ORFU	-5.8367
YWEM	-5.8367
ICUR	-5.8367
GSSP	-5.8367
ALHU	-5.8367
IRAI	-5.8367
TYID	-5.8367
WTOF	-5.8367
NMAG	-5.8367
DUSS	-5.8367
RLOC	-5.8367
TVIL	-5.8367
WOGO	-5.8367
SIFF	-5.8367
IRYS	-5.8367
YGAZ	-5.8367
RULI	-5.8367
IARY	-5.8367
WODO	-5.8367
OBID	-5.8367
PMEA	-5.8367
MSMI	-5.8367
EDOX	-5.8367
TIAD	-5.8367
APHW	-5.8367
PHWA	-5.8367
NNIH	-5.8367
HITL	-5.8367
BELH	-5.8367
RZIL	-5.8367
AHSL	-5.8367
ACCA	-5.8367
YREH	-5.8367
UDIM	-5.8367
AZAA	-5.8367
DHUL	-5.8367
TARP	-5.8367
DNAH	-5.8367
FNAH	-5.8367
AMSB	-5.8367
GPIG	-5.8367
FHAG	-5.8367
OKBR	-5.8367
AMBF	-5.8367
EJEH	-5.8367
HOVA	-5.8367
RHUZ	-5.8367
FTDE	-5.8367
SAUW	-5.8367
ILTD	-5.8367
OBHE	-5.8367
BWEN	-5.8367
SJAC	-5.8367
KENV	-5.8367
HJAC	-5.8367
BSAW	-5.8367
OBDI	-5.8367
KSCA	-5.8367
KSBY	-5.8367
TSTW	-5.8367
IELF	-5.8367
YBOL	-5.8367
SEBI	-5.8367
EJET	-5.8367
UKEI	-5.8367
OIPR	-5.8367
EKMY	-5.8367
NADU	-5.8367
OMOC	-5.8367
WOFU	-5.8367
EAMH	-5.8367
RCYB	-5.8367
DJAH	-5.8367
DGUN	-5.8367
BSSO	-5.8367
SEHS	-5.8367
ELDR	-5.8367
UKIL	-5.8367
LBON	-5.8367
BIHU	-5.8367
FKOR	-5.8367
TIEL	-5.8367
OTEE	-5.8367
AILC	-5.8367
URJE	-5.8367
HSIT	-5.8367
LYEE	-5.8367
GBOU	-5.8367
GNUN	-5.8367
AHIR	-5.8367
ATOG	-5.8367
EAUP	-5.8367
AVYF	-5.8367
OCUB	-5.8367
SIXB	-5.8367
IXCU	-5.8367
DEEA	-5.8367
OKID	-5.8367
YEPO	-5.8367
FFNE	-5.8367
IEFD	-5.8367
IBTH	-5.8367
TARH	-5.8367
TYEE	-5.8367
YEGI	-5.8367
UASH	-5.8367
NWAV	-5.8367
ELEO	-5.8367
LHEK	-5.8367
SHLE	-5.8367
EJUB	-5.8367
UNOU	-5.8367
FGID	-5.8367
RPED	-5.8367
ROTA	-5.8367
OOXE	-5.8367
MSPR	-5.8367
CUCU	-5.8367
UCUM	-5.8367
SHOI	-5.8367
MFLE	-5.8367
KMOU	-5.8367
EKYE	-5.8367
AHDA	-5.8367
MUPW	-5.8367
EYBI	-5.8367
IBON	-5.8367
HBAL	-5.8367
MSMO	-5.8367
ARZI	-5.8367
IDAI	-5.8367
PTAK	-5.8367
EESD	-5.8367
OERW	-5.8367
BUNT	-5.8367
BEZE	-5.8367
EOIS	-5.8367
TYEP	-5.8367
EAPF	-5.8367
ANBI	-5.8367
ILKT	-5.8367
HBEW	-5.8367
AXEA	-5.8367
MPWH	-5.8367
FRAY	-5.8367
YEPA	-5.8367
HUAW	-5.8367
LHID	-5.8367
AROY	-5.8367
YENA	-5.8367
TNEB	-5.8367
OPDO	-5.8367
NDEW	-5.8367
WESW	-5.8367
GEZE	-5.8367
NGAZ	-5.8367
HBAA	-5.8367
DAHR	-5.8367
AARA	-5.8367
FKIR	-5.8367
FYED	-5.8367
DEGY	-5.8367
ABAG	-5.8367
FKIS	-5.8367
RGIL	-5.8367
UANE	-5.8367
EPIR	-5.8367
HDAM	-5.8367
RORR	-5.8367
IPUR	-5.8367
UELM	-5.8367
EKIC	-5.8367
MICE	-5.8367
IABE	-5.8367
LSAU	-5.8367
AULK	-5.8367
NEYD	-5.8367
FZOB	-5.8367
IAPH	-5.8367
BAGW	-5.8367
IDPL	-5.8367
BOLS	-5.8367
UFFB	-5.8367
PISS	-5.8367
IDCR	-5.8367
OILN	-5.8367
EMTE	-5.8367
OLDK	-5.8367
OITL	-5.8367
WEFL	-5.8367
BSAR	-5.8367
IDTI	-5.8367
AYRI	-5.8367
MDAR	-5.8367
JAHH	-5.8367
FIDD	-5.8367
WOPI	-5.8367
ACUP	-5.8367
BATR	-5.8367
MMYY	-5.8367
OBUL	-5.8367
HPOU	-5.8367
EYFU	-5.8367
MMYT	-5.8367
MFAS	-5.8367
AMOZ	-5.8367
GNEB	-5.8367
IGND	-5.8367
HURB	-5.8367
JEDA	-5.8367
NGOG	-5.8367
DROH	-5.8367
IOAN	-5.8367
OLSB	-5.8367
RIMR	-5.8367
AZON	-5.8367
GSBR	-5.8367
EDSF	-5.8367
BBAR	-5.8367
SUPH	-5.8367
TIRS	-5.8367
ZRAT	-5.8367
JOIA	-5.8367
WEFA	-5.8367
GREN	-5.8367
URRU	-5.8367
RCYI	-5.8367
LEJE	-5.8367
RHOD	-5.8367
FCRA	-5.8367
OVAS	-5.8367
CAIW	-5.8367
AEST	-5.8367
PARM	-5.8367
SHGR	-5.8367
HYYE	-5.8367
NLIP	-5.8367
LEEO	-5.8367
HMYT	-5.8367
KERF	-5.8367
TJEM	-5.8367
UNAR	-5.8367
PBAC	-5.8367
STYH	-5.8367
DGNA	-5.8367
ODRU	-5.8367
MCOR	-5.8367
PWAT	-5.8367
FSTH	-5.8367
HUPI	-5.8367
RMHA	-5.8367
KIPP	-5.8367
SHTR	-5.8367
OLSS	-5.8367
ITGL	-5.8367
ILWO	-5.8367
OGOR	-5.8367
LSBA	-5.8367
PREE	-5.8367
ODOD	-5.8367
JUIC	-5.8367
HORP	-5.8367
AYAD	-5.8367
ITGE	-5.8367
AKBE	-5.8367
ORMN	-5.8367
FDRO	-5.8367
SGOB	-5.8367
FKAR	-5.8367
MSST	-5.8367
BINI	-5.8367
GGRI	-5.8367
MEGU	-5.8367
SCUM	-5.8367
OWDW	-5.8367
ILSL	-5.8367
RRAG	-5.8367
DEOP	-5.8367
RMSP	-5.8367
KYIS	-5.8367
OLTA	-5.8367
UESY	-5.8367
GSUD	-5.8367
JORI	-5.8367
KEEX	-5.8367
KYEH	-5.8367
RNPA	-5.8367
SDIA	-5.8367
LIXS	-5.8367
WALR	-5.8367
KALW	-5.8367
OEDI	-5.8367
EBUF	-5.8367
OCEL	-5.8367
IPAU	-5.8367
IPHO	-5.8367
SEVO	-5.8367
EBBL	-5.8367
OEIN	-5.8367
GILD	-5.8367
TAPT	-5.8367
YJUM	-5.8367
HTYL	-5.8367
FLIP	-5.8367
TIEO	-5.8367
LIDT	-5.8367
TOPB	-5.8367
BIGH	-5.8367
AWLA	-5.8367
BIGF	-5.8367
LBOO	-5.8367
TCUS	-5.8367
IUMS	-5.8367
KEYW	-5.8367
GGAG	-5.8367
GRUF	-5.8367
JOES	-5.8367
BOYE	-5.8367
XIBL	-5.8367
APAP	-5.8367
EIMN	-5.8367
OGNE	-5.8367
WOGU	-5.8367
SPIG	-5.8367
HOGS	-5.8367
KGAR	-5.8367
UMBU	-5.8367
FSYM	-5.8367
AMPP	-5.8367
MPPO	-5.8367
ICME	-5.8367
VANH	-5.8367
OPKE	-5.8367
YPES	-5.8367
ETCL	-5.8367
TEPF	-5.8367
CABM	-5.8367
RAPD	-5.8367
OGLY	-5.8367
IANV	-5.8367
GBOD	-5.8367
LUBL	-5.8367
TICN	-5.8367
STYP	-5.8367
ANKR	-5.8367
CSTR	-5.8367
CRUB	-5.8367
WTAK	-5.8367
GMOO	-5.8367
EHUL	-5.8367
OSIO	-5.8367
HTSD	-5.8367
ICIR	-5.8367
PLOM	-5.8367
NOOK	-5.8367
FICT	-5.8367
SULA	-5.8367
NIER	-5.8367
JING	-5.8367
TLIM	-5.8367
ACTF	-5.8367
CKBA	-5.8367
ARFT	-5.8367
GLAZ	-5.8367
IRCE	-5.8367
WDSO	-5.8367
SIEU	-5.8367
IEUR	-5.8367
NLEG	-5.8367
ABAM	-5.8367
OORQ	-5.8367
UBRU	-5.8367
SOMB	-5.8367
NCIA	-5.8367
AMSP	-5.8367
WILS	-5.8367
AURO	-5.8367
JOCU	-5.8367
CONR	-5.8367
DHAW	-5.8367
UERB	-5.8367
NOCT	-5.8367
RUTC	-5.8367
ALJO	-5.8367
SSSW	-5.8367
DUCR	-5.8367
CROI	-5.8367
ROIX	-5.8367
POLT	-5.8367
EPDO	-5.8367
DRRE	-5.8367
SMOB	-5.8367
EJEM	-5.8367
SANP	-5.8367
OCUN	-5.8367
MODO	-5.8367
RDJI	-5.8367
NROR	-5.8367
IUSD	-5.8367
UVIE	-5.8367
UEGD	-5.8367
FOET	-5.8367
HRAL	-5.8367
UODH	-5.8367
NARW	-5.8367
FWAV	-5.8367
ULPT	-5.8367
URGH	-5.8367
SSEF	-5.8367
PRYT	-5.8367
DIRG	-5.8367
RMDT	-5.8367
SDTO	-5.8367
KNAU	-5.8367
NAUE	-5.8367
LLVP	-5.8367
HCAE	-5.8367
FAUO	-5.8367
LGIU	-5.8367
RUIC	-5.8367
UENH	-5.8367
SGIU	-5.8367
DOEY	-5.8367
KEVS	-5.8367
VSTO	-5.8367
NGVP	-5.8367
IUEO	-5.8367
SHDB	-5.8367
SLAE	-5.8367
YJAN	-5.8715
NEAU	-5.8715
NASG	-5.8715
FLYB	-5.8715
LLOY	-5.8715
EPAF	-5.8715
RERR	-5.8715
ETUD	-5.8715
DNOV	-5.8715
DFON	-5.8715
ANSY	-5.8715
WWEH	-5.8715
SIRL	-5.8715
BYEI	-5.8715
FDEP	-5.8715
FEON	-5.8715
HBED	-5.8715
HGAL	-5.8715
HYEM	-5.8715
TALU	-5.8715
NSVI	-5.8715
CEEM	-5.8715
NDOG	-5.8715
RBYE	-5.8715
AHUS	-5.8715
DOBT	-5.8715
WNTE	-5.8715
IHOO	-5.8715
GWIS	-5.8715
GRIC	-5.8715
LDVI	-5.8715
ONAY	-5.8715
SPAY	-5.8715
CKPR	-5.8715
MRUN	-5.8715
HFAN	-5.8715
KBYA	-5.8715
DUNP	-5.8715
SADW	-5.8715
YSTY	-5.8715
HPAN	-5.8715
HLYG	-5.8715
RCOW	-5.8715
EXTY	-5.8715
SSRI	-5.8715
NYID	-5.8715
EOMA	-5.8715
IVEV	-5.8715
GACQ	-5.8715
NKMR	-5.8715
YIGN	-5.8715
MRRO	-5.8715
RSGE	-5.8715
IFAF	-5.8715
MALR	-5.8715
OOFU	-5.8715
TCOP	-5.8715
LGIR	-5.8715
AOFB	-5.8715
BEMR	-5.8715
IZEM	-5.8715
MAMR	-5.8715
CHPU	-5.8715
OCOP	-5.8715
NSJU	-5.8715
SYSH	-5.8715
OPTT	-5.8715
AEXC	-5.8715
OOMR	-5.8715
ZEFO	-5.8715
DYFR	-5.8715
RYOC	-5.8715
YSKE	-5.8715
ZEWH	-5.8715
DYEY	-5.8715
GIFH	-5.8715
UMPU	-5.8715
GMEM	-5.8715
DOHN	-5.8715
HODR	-5.8715
RVII	-5.8715
CTPR	-5.8715
ILYY	-5.8715
ICOL	-5.8715
CEOP	-5.8715
HNOA	-5.8715
KWEA	-5.8715
IRIW	-5.8715
BYAV	-5.8715
YAVI	-5.8715
AMFA	-5.8715
TYAD	-5.8715
IRLB	-5.8715
GREF	-5.8715
FHAB	-5.8715
OELT	-5.8715
GINU	-5.8715
YADE	-5.8715
WNOS	-5.8715
USMR	-5.8715
MSOA	-5.8715
THCI	-5.8715
TYMR	-5.8715
RUSM	-5.8715
ROVA	-5.8715
SSVE	-5.8715
ESYL	-5.8715
UMYD	-5.8715
EELP	-5.8715
HTCR	-5.8715
FPUB	-5.8715
TOOQ	-5.8715
AIDK	-5.8715
IYET	-5.8715
KHAV	-5.8715
DWEO	-5.8715
DOIH	-5.8715
EGOY	-5.8715
ETYM	-5.8715
NTYW	-5.8715
PMUS	-5.8715
BYET	-5.8715
AGEG	-5.8715
HTDR	-5.8715
HTMU	-5.8715
TLEQ	-5.8715
SOHY	-5.8715
HCLA	-5.8715
LPSA	-5.8715
OEFF	-5.8715
UADA	-5.8715
ENUO	-5.8715
FESU	-5.8715
IRYM	-5.8715
OKAF	-5.8715
WNSM	-5.8715
ANGH	-5.8715
RSHR	-5.8715
PUTR	-5.8715
TRYN	-5.8715
OMVE	-5.8715
GMRE	-5.8715
URNP	-5.8715
PEDN	-5.8715
SMYA	-5.8715
FTEL	-5.8715
FMOD	-5.8715
SISQ	-5.8715
OHOS	-5.8715
MDOE	-5.8715
NSMR	-5.8715
BOWB	-5.8715
YOBT	-5.8715
PYCO	-5.8715
MYEM	-5.8715
LAHO	-5.8715
SJEA	-5.8715
WACC	-5.8715
OOMP	-5.8715
MIMM	-5.8715
TTOV	-5.8715
HDEE	-5.8715
FEWB	-5.8715
PWER	-5.8715
KERN	-5.8715
OGOV	-5.8715
GVIO	-5.8715
AKSH	-5.8715
RNNE	-5.8715
VELB	-5.8715
WEAG	-5.8715
EBTE	-5.8715
PEIF	-5.8715
NOIC	-5.8715
YSKN	-5.8715
IXWE	-5.8715
HODT	-5.8715
EWMU	-5.8715
EIFM	-5.8715
LFEM	-5.8715
GACT	-5.8715
SMRF	-5.8715
CTWO	-5.8715
RNOC	-5.8715
KSAF	-5.8715
MJAN	-5.8715
EEJU	-5.8715
FRUL	-5.8715
TOCT	-5.8715
IGAB	-5.8715
ULPL	-5.8715
ACEV	-5.8715
LNOB	-5.8715
AYGU	-5.8715
LURR	-5.8715
IBUR	-5.8715
FSOO	-5.8715
DAGI	-5.8715
LTQU	-5.8715
DMRD	-5.8715
CPRO	-5.8715
SICE	-5.8715
OHAZ	-5.8715
XISA	-5.8715
TEOV	-5.8715
ORKR	-5.8715
YOHT	-5.8715
YALR	-5.8715
SBYG	-5.8715
HOPU	-5.8715
LDFU	-5.8715
FISE	-5.8715
TMRG	-5.8715
PIDT	-5.8715
UREJ	-5.8715
SVAR	-5.8715
OGIR	-5.8715
FNOM	-5.8715
GEOG	-5.8715
TRYG	-5.8715
NENJ	-5.8715
WTOP	-5.8715
EXEM	-5.8715
XEMP	-5.8715
AYGE	-5.8715
RCOT	-5.8715
MBEO	-5.8715
NOJU	-5.8715
ELTV	-5.8715
FAYO	-5.8715
VEVO	-5.8715
SAPT	-5.8715
OTJO	-5.8715
UCTM	-5.8715
RYOP	-5.8715
TUET	-5.8715
KADM	-5.8715
EWAC	-5.8715
CKYS	-5.8715
KYSH	-5.8715
GSEC	-5.8715
GDIN	-5.8715
ENAQ	-5.8715
TNEG	-5.8715
SIRF	-5.8715
QUOR	-5.8715
OIWO	-5.8715
KATO	-5.8715
NOOC	-5.8715
ESHP	-5.8715
YSIA	-5.8715
NAYS	-5.8715
ICOA	-5.8715
OATN	-5.8715
USOV	-5.8715
LTHH	-5.8715
IERP	-5.8715
MEXP	-5.8715
WNVO	-5.8715
OSEQ	-5.8715
ZESA	-5.8715
DYPE	-5.8715
TRYD	-5.8715
HTAU	-5.8715
PLYR	-5.8715
YANH	-5.8715
KEDJ	-5.8715
ROHT	-5.8715
RDSV	-5.8715
DSVO	-5.8715
RHIN	-5.8715
TOMN	-5.8715
DUMP	-5.8715
GEUS	-5.8715
FFRU	-5.8715
GROB	-5.8715
OOIT	-5.8715
LYEQ	-5.8715
GLYU	-5.8715
EESN	-5.8715
LDAI	-5.8715
OLIM	-5.8715
LORU	-5.8715
GICO	-5.8715
DLEL	-5.8715
MOBS	-5.8715
NYUS	-5.8715
CTEA	-5.8715
RIDT	-5.8715
MSIG	-5.8715
NSIP	-5.8715
OUNH	-5.8715
DIDV	-5.8715
CEEA	-5.8715
VEOH	-5.8715
WAYJ	-5.8715
USAV	-5.8715
WEEX	-5.8715
MERN	-5.8715
OMIX	-5.8715
EIPE	-5.8715
TYIA	-5.8715
TYMY	-5.8715
OGLI	-5.8715
YSEX	-5.8715
TEMR	-5.8715
HSBU	-5.8715
NIFN	-5.8715
ELFK	-5.8715
ALIB	-5.8715
PPEL	-5.8715
NDAQ	-5.8715
MYAG	-5.8715
HGOI	-5.8715
PIHA	-5.8715
LMEY	-5.8715
TMYI	-5.8715
YNEG	-5.8715
IGOI	-5.8715
YDRY	-5.8715
AFLI	-5.8715
OUIK	-5.8715
TYJO	-5.8715
HRUG	-5.8715
NWEI	-5.8715
WEUN	-5.8715
GHAF	-5.8715
WBEE	-5.8715
ATOE	-5.8715
EELV	-5.8715
DASR	-5.8715
ONSJ	-5.8715
OKDI	-5.8715
WLFO	-5.8715
AYIP	-5.8715
IRRU	-5.8715
KEFL	-5.8715
LBAL	-5.8715
FMAI	-5.8715
NTGL	-5.8715
GEBL	-5.8715
PIAM	-5.8715
BICK	-5.8715
OMCR	-5.8715
FBEO	-5.8715
VILN	-5.8715
BYNE	-5.8715
UFAR	-5.8715
FARU	-5.8715
RNOD	-5.8715
CEOB	-5.8715
FESP	-5.8715
ETKN	-5.8715
RYTU	-5.8715
WEDP	-5.8715
SYHE	-5.8715
IAFT	-5.8715
EYEX	-5.8715
OHLE	-5.8715
ATGU	-5.8715
HPIN	-5.8715
KEYI	-5.8715
EMEK	-5.8715
AMFU	-5.8715
WSWA	-5.8715
GAUT	-5.8715
NUNU	-5.8715
OMOD	-5.8715
OGUA	-5.8715
MSER	-5.8715
ISIC	-5.8715
ROWY	-5.8715
FUNI	-5.8715
CTEV	-5.8715
EEOC	-5.8715
GASC	-5.8715
GIWO	-5.8715
GSVE	-5.8715
RAHW	-5.8715
FONA	-5.8715
LAYR	-5.8715
SKIS	-5.8715
WAFE	-5.8715
HALR	-5.8715
TAYF	-5.8715
RORG	-5.8715
ASKU	-5.8715
ANFU	-5.8715
RISY	-5.8715
SPIO	-5.8715
LAUT	-5.8715
GRYF	-5.8715
ERTB	-5.8715
PFEE	-5.8715
EATQ	-5.8715
LOSU	-5.8715
AUNA	-5.8715
WTOU	-5.8715
UTLY	-5.8715
IFST	-5.8715
AFIX	-5.8715
OWGA	-5.8715
ODOC	-5.8715
BEGT	-5.8715
KAWO	-5.8715
TETU	-5.8715
UNAP	-5.8715
ZEYO	-5.8715
WONO	-5.8715
URIG	-5.8715
UFEL	-5.8715
PSSI	-5.8715
FDEE	-5.8715
LOCI	-5.8715
ULTL	-5.8715
YUNN	-5.8715
FBLE	-5.8715
UMYB	-5.8715
DEIM	-5.8715
ETNA	-5.8715
ARKY	-5.8715
EAWR	-5.8715
OHEF	-5.8715
USSM	-5.8715
FBEG	-5.8715
USHY	-5.8715
DEGL	-5.8715
FTAM	-5.8715
ALIH	-5.8715
BYKN	-5.8715
DEEN	-5.8715
UGEO	-5.8715
FMEH	-5.8715
ESVI	-5.8715
CHEH	-5.8715
RDOS	-5.8715
OADL	-5.8715
WDRI	-5.8715
GDOU	-5.8715
FDOM	-5.8715
KITM	-5.8715
IFPE	-5.8715
FLYW	-5.8715
TOVO	-5.8715
UNBL	-5.8715
GYMA	-5.8715
TRYY	-5.8715
LFER	-5.8715
CIMO	-5.8715
IOTE	-5.8715
WWOM	-5.8715
GYTO	-5.8715
NETB	-5.8715
TRYC	-5.8715
NCHP	-5.8715
FSAV	-5.8715
HBLI	-5.8715
ACTC	-5.8715
LSSP	-5.8715
NCHL	-5.8715
HKEL	-5.8715
DSRI	-5.8715
VYOF	-5.8715
YSHR	-5.8715
UPAM	-5.8715
HISZ	-5.8715
SZEA	-5.8715
KWEN	-5.8715
FOFB	-5.8715
ACHL	-5.8715
OUPP	-5.8715
RKSU	-5.8715
WHAN	-5.8715
EYUP	-5.8715
ARPF	-5.8715
WTRA	-5.8715
YNUR	-5.8715
SNUR	-5.8715
HVIS	-5.8715
YMAM	-5.8715
LCIR	-5.8715
CKMU	-5.8715
BREV	-5.8715
TAYD	-5.8715
LICD	-5.8715
VESG	-5.8715
KROO	-5.8715
MOFN	-5.8715
UATA	-5.8715
FTAT	-5.8715
CSIN	-5.8715
OGST	-5.8715
MEVO	-5.8715
HLAS	-5.8715
ASKC	-5.8715
OWHU	-5.8715
SIEN	-5.8715
TTUN	-5.8715
AGIG	-5.8715
YOHI	-5.8715
RBEM	-5.8715
ENZE	-5.8715
ODDR	-5.8715
FNEA	-5.8715
URDY	-5.8715
GLEH	-5.8715
DOGW	-5.8715
TAWN	-5.8715
ULLV	-5.8715
OUVA	-5.8715
ULIM	-5.8715
LMIL	-5.8715
CYCA	-5.8715
ALGU	-5.8715
NATN	-5.8715
EWIM	-5.8715
NROM	-5.8715
OLYL	-5.8715
DSED	-5.8715
EMFI	-5.8715
UDYA	-5.8715
AAMH	-5.8715
SWEK	-5.8715
HSOB	-5.8715
LDOP	-5.8715
GATU	-5.8715
EDKE	-5.8715
EVAD	-5.8715
NOCI	-5.8715
SOIG	-5.8715
HDIR	-5.8715
ADOM	-5.8715
BAWL	-5.8715
GDOO	-5.8715
MSIL	-5.8715
STYM	-5.8715
SYSO	-5.8715
CKEL	-5.8715
HJOI	-5.8715
FSCR	-5.8715
WINL	-5.8715
YANU	-5.8715
OMSF	-5.8715
ULAI	-5.8715
WBAR	-5.8715
DTOV	-5.8715
WLOU	-5.8715
FTYE	-5.8715
SWEO	-5.8715
BELM	-5.8715
UTVI	-5.8715
EMTU	-5.8715
GHIC	-5.8715
PINW	-5.8715
ULCI	-5.8715
IGUO	-5.8715
GUOU	-5.8715
STDU	-5.8715
YIFO	-5.8715
RTHJ	-5.8715
GNTO	-5.8715
CKIC	-5.8715
TIFB	-5.8715
OKOV	-5.8715
SHNA	-5.8715
IDIK	-5.8715
KEBL	-5.8715
SALH	-5.8715
RTBL	-5.8715
SOHU	-5.8715
NKLO	-5.8715
LONN	-5.8715
NNAD	-5.8715
RJEA	-5.8715
SAWD	-5.8715
ISOA	-5.8715
HOEL	-5.8715
AIMF	-5.8715
WNTA	-5.8715
UELB	-5.8715
TALG	-5.8715
ICVI	-5.8715
FHEE	-5.8715
CMAN	-5.8715
AGAM	-5.8715
CEDP	-5.8715
MPOV	-5.8715
ITTW	-5.8715
TIGR	-5.8715
MSDO	-5.8715
NKMA	-5.8715
UNGN	-5.8715
BOIS	-5.8715
ZEWI	-5.8715
LSAD	-5.8715
YBYI	-5.8715
AMPD	-5.8715
SMSA	-5.8715
AFEV	-5.8715
UESK	-5.8715
BEJE	-5.8715
WIBE	-5.8715
QUEB	-5.8715
GSOD	-5.8715
PRYI	-5.8715
RBYO	-5.8715
GOMA	-5.8715
VENV	-5.8715
YITU	-5.8715
IRIC	-5.8715
YATC	-5.8715
AKLI	-5.8715
RAPU	-5.8715
LALT	-5.8715
KPAS	-5.8715
TGOH	-5.8715
OAUG	-5.8715
OWJO	-5.8715
OWPI	-5.8715
WWEM	-5.8715
PHYO	-5.8715
ICAD	-5.8715
EMCR	-5.8715
EFBE	-5.8715
AUBE	-5.8715
CKYA	-5.8715
LUEL	-5.8715
WOON	-5.8715
CELU	-5.8715
UCYH	-5.8715
UTLU	-5.8715
ORSG	-5.8715
GELF	-5.8715
LDDU	-5.8715
SLYL	-5.8715
AYLU	-5.8715
HTTR	-5.8715
YFAU	-5.8715
CYOU	-5.8715
WBLA	-5.8715
SBEU	-5.8715
WLST	-5.8715
HUNE	-5.8715
NDUI	-5.8715
MSSI	-5.8715
APFO	-5.8715
GHAW	-5.8715
HSAS	-5.8715
MOFY	-5.8715
YITE	-5.8715
EAIM	-5.8715
FMYN	-5.8715
VORS	-5.8715
TOIC	-5.8715
TBYL	-5.8715
UYIT	-5.8715
LEOT	-5.8715
RKEP	-5.8715
NTLU	-5.8715
GMAA	-5.8715
AUTE	-5.8715
OKAD	-5.8715
RSLU	-5.8715
THAJ	-5.8715
EXOF	-5.8715
HITR	-5.8715
INIE	-5.8715
UBEP	-5.8715
RDAW	-5.8715
ORKL	-5.8715
OUPH	-5.8715
CSTO	-5.8715
YARG	-5.8715
PONR	-5.8715
LAHE	-5.8715
EIUN	-5.8715
ELSG	-5.8715
DIOF	-5.8715
NCYD	-5.8715
DRYG	-5.8715
HTSR	-5.8715
IRIU	-5.8715
GHAC	-5.8715
OYNO	-5.8715
XOCL	-5.8715
UHAT	-5.8715
IINS	-5.8715
FYMY	-5.8715
DRAS	-5.8715
KORI	-5.8715
LTYE	-5.8715
BTHR	-5.8715
PESE	-5.8715
FFEV	-5.8715
GPAL	-5.8715
WSEV	-5.8715
IMSM	-5.8715
DETI	-5.8715
DGLE	-5.8715
HNEE	-5.8715
NONP	-5.8715
FAFL	-5.8715
ONYX	-5.8715
MYPU	-5.8715
OAHW	-5.8715
AHAC	-5.8715
SDRY	-5.8715
ISHK	-5.8715
FCUS	-5.8715
DARP	-5.8715
JERA	-5.8715
DREU	-5.8715
MNAH	-5.8715
SARF	-5.8715
RAMF	-5.8715
LLCI	-5.8715
AHLA	-5.8715
LNEE	-5.8715
CSHA	-5.8715
OVAH	-5.8715
KAHT	-5.8715
ILTG	-5.8715
IAUN	-5.8715
IMFL	-5.8715
ELNA	-5.8715
ACDW	-5.8715
CSAI	-5.8715
ACDI	-5.8715
COBC	-5.8715
LETP	-5.8715
EEFL	-5.8715
WRAC	-5.8715
COBL	-5.8715
YHIR	-5.8715
HOTL	-5.8715
YHEG	-5.8715
OBIS	-5.8715
FJOI	-5.8715
FBIL	-5.8715
AHDU	-5.8715
DZIB	-5.8715
EMDA	-5.8715
AALH	-5.8715
MRUL	-5.8715
LADB	-5.8715
DJEZ	-5.8715
PTSE	-5.8715
DLIO	-5.8715
DAHN	-5.8715
AWGI	-5.8715
BFRO	-5.8715
DUSN	-5.8715
ZICH	-5.8715
STPH	-5.8715
TPOU	-5.8715
IMGE	-5.8715
LYEO	-5.8715
HYSS	-5.8715
DGOS	-5.8715
YVIC	-5.8715
GMAL	-5.8715
LVEW	-5.8715
IENI	-5.8715
LAWC	-5.8715
PSUN	-5.8715
AITB	-5.8715
LEEB	-5.8715
PMOS	-5.8715
LTOV	-5.8715
CKOV	-5.8715
DIUS	-5.8715
LBIN	-5.8715
OEOF	-5.8715
OULU	-5.8715
UNAY	-5.8715
RCYF	-5.8715
FTUN	-5.8715
PSUP	-5.8715
EGSW	-5.8715
UTOI	-5.8715
KINB	-5.8715
WHAI	-5.8715
AIRG	-5.8715
HIGI	-5.8715
LNUM	-5.8715
GCOA	-5.8715
NPOU	-5.8715
